Date,Compound - Active loans ($)
2023-02-27,903266183.247251
2023-02-28,905608115.021627
2023-03-01,904598372.506474
2023-03-02,905484585.704761
2023-03-03,904744300.723085
2023-03-04,901406725.129578
2023-03-05,909306873.639741
2023-03-06,914759604.934316
2023-03-07,914472986.056507
2023-03-08,836844827.622974
2023-03-09,831928023.978725
2023-03-10,805874241.352003
2023-03-11,693927483.285424
2023-03-12,651809493.979158
2023-03-13,665058971.32629
2023-03-14,666059514.149616
2023-03-15,654697825.47679
2023-03-16,648263981.270976
2023-03-17,651877416.414279
2023-03-18,665874281.976354
2023-03-19,684548561.735429
2023-03-20,770674273.73434
2023-03-21,802732433.141263
2023-03-22,799480992.687105
2023-03-23,798518239.063161
2023-03-24,807617382.903327
2023-03-25,806957864.799266
2023-03-26,808809150.858589
2023-03-27,828250672.946964
2023-03-28,841739395.890457
2023-03-29,842449266.157349
2023-03-30,838895842.788568
2023-03-31,793913612.539188
2023-04-01,792187990.428628
2023-04-02,791488223.750846
2023-04-03,755380440.256674
2023-04-04,760071926.062916
2023-04-05,750228055.885856
2023-04-06,714181788.802873
2023-04-07,723969611.186009
2023-04-08,730282936.552409
2023-04-09,731870983.53223
2023-04-10,735587165.931292
2023-04-11,733642967.711094
2023-04-12,735657789.182298
2023-04-13,762008353.059041
2023-04-14,779270110.565542
2023-04-15,779887484.631676
2023-04-16,785724651.85842
2023-04-17,799533368.417616
2023-04-18,797711476.293799
2023-04-19,779550089.643935
2023-04-20,786510493.584025
2023-04-21,779451919.128612
2023-04-22,786816229.386962
2023-04-23,785198770.83669
2023-04-24,790584455.748645
2023-04-25,790809006.724779
2023-04-26,799659588.897904
2023-04-27,813519940.660989
2023-04-28,806159822.000626
2023-04-29,810248656.794073
2023-04-30,804350165.629555
2023-05-01,803852691.22514
2023-05-02,799795616.662657
2023-05-03,797712261.071911
2023-05-04,794992485.462782
2023-05-05,796726393.927022
2023-05-06,788682714.749146
2023-05-07,784042000.77305
2023-05-08,778026177.777363
2023-05-09,773296290.865064
2023-05-10,780741112.666818
2023-05-11,798051571.900137
2023-05-12,770383773.24126
2023-05-13,751400873.525479
2023-05-14,753656577.236179
2023-05-15,751414760.764897
2023-05-16,751271955.272494
2023-05-17,745728989.095618
2023-05-18,742291746.983727
2023-05-19,740305201.390971
2023-05-20,738963131.914406
2023-05-21,739144537.102506
2023-05-22,751967855.875181
2023-05-23,751289359.708341
2023-05-24,764837026.164117
2023-05-25,761876636.640144
2023-05-26,764965961.718501
2023-05-27,765512866.244781
2023-05-28,765594514.577174
2023-05-29,761554176.267472
2023-05-30,755066955.229494
2023-05-31,752179080.463907
2023-06-01,751989614.959473
2023-06-02,760759844.247418
2023-06-03,758790161.378964
2023-06-04,761097357.587776
2023-06-05,758769824.065347
2023-06-06,752625059.186112
2023-06-07,780944551.925981
2023-06-08,780538843.034025
2023-06-09,779475272.736839
2023-06-10,773173901.71829
2023-06-11,772431643.818231
2023-06-12,752162736.401825
2023-06-13,748591004.200256
2023-06-14,738816635.752687
2023-06-15,769968850.601863
2023-06-16,794670330.106673
2023-06-17,748863424.615494
2023-06-18,752000233.903772
2023-06-19,723989384.127055
2023-06-20,726825119.535098
2023-06-21,733902492.439192
2023-06-22,726083303.035483
2023-06-23,709446854.368356
2023-06-24,709515497.237109
2023-06-25,714728008.016036
2023-06-26,719938785.081645
2023-06-27,736122331.369998
2023-06-28,739534725.823268
2023-06-29,740125011.301046
2023-06-30,745267766.948765
2023-07-01,756549230.986775
2023-07-02,764158308.986996
2023-07-03,806880684.492892
2023-07-04,894735436.918307
2023-07-05,893369425.890118
2023-07-06,915963999.546027
2023-07-07,918969952.172904
2023-07-08,950978995.08049
2023-07-09,955185936.199344
2023-07-10,970521358.22253
2023-07-11,973247724.349113
2023-07-12,1006331474.216952
2023-07-13,1022017547.520958
2023-07-14,1059169461.16786
2023-07-15,1051468454.569084
2023-07-16,1042315049.300335
2023-07-17,1048073162.322008
2023-07-18,1045792416.686254
2023-07-19,1029125982.647755
2023-07-20,1021190450.495395
2023-07-21,1022855961.950143
2023-07-22,1027719052.342147
2023-07-23,1039533735.95744
2023-07-24,1039515377.253781
2023-07-25,1031700095.094428
2023-07-26,977282641.680532
2023-07-27,978659213.253599
2023-07-28,993287944.897387
2023-07-29,994898422.203346
2023-07-30,1004966657.831465
2023-07-31,1021970697.062033
2023-08-01,1036393941.427049
2023-08-02,1076525912.215981
2023-08-03,1073591380.339999
2023-08-04,1078314041.632905
2023-08-05,1083843560.392949
2023-08-06,1087144809.817469
2023-08-07,1092783898.249912
2023-08-08,1079619746.740098
2023-08-09,1049608584.765856
2023-08-10,1056424056.947414
2023-08-11,1084020586.520085
2023-08-12,1091843504.660505
2023-08-13,1065174902.091286
2023-08-14,1070863749.231152
2023-08-15,1071634052.454208
2023-08-16,1073350462.244701
2023-08-17,1021914161.299669
2023-08-18,918779892.019653
2023-08-19,901210558.945467
2023-08-20,900590620.067642
2023-08-21,904735115.9652
2023-08-22,903482274.881429
2023-08-23,906801658.312332
2023-08-24,900717834.434521
2023-08-25,885651066.776138
2023-08-26,886445386.266057
2023-08-27,887856381.830816
2023-08-28,886343230.900639
2023-08-29,891794199.472039
2023-08-30,893537486.337256
2023-08-31,897662649.406166
2023-09-01,895131988.031148
2023-09-02,895011434.786038
2023-09-03,887982358.452848
2023-09-04,892590224.955256
2023-09-05,901859250.342881
2023-09-06,902142308.928503
2023-09-07,898157581.908751
2023-09-08,896171252.002061
2023-09-09,887924855.490735
2023-09-10,887401674.987484
2023-09-11,894971878.050697
2023-09-12,897549788.089393
2023-09-13,896528376.733434
2023-09-14,890041908.589829
2023-09-15,887491438.879085
2023-09-16,886616734.309187
2023-09-17,897600131.99195
2023-09-18,902864847.869366
2023-09-19,910678535.02343
2023-09-20,897349319.946929
2023-09-21,895598279.358234
2023-09-22,896541526.63201
2023-09-23,887236675.506388
2023-09-24,889663958.732439
2023-09-25,889290367.843242
2023-09-26,888031717.344359
2023-09-27,884986714.54413
2023-09-28,878859026.104539
2023-09-29,880919230.445847
2023-09-30,889757911.261472
2023-10-01,891885507.096203
2023-10-02,886245615.025858
2023-10-03,873084375.149964
2023-10-04,879296073.971325
2023-10-05,878194599.503785
2023-10-06,882191279.891162
2023-10-07,882185672.39036
2023-10-08,889668935.977336
2023-10-09,884225237.40857
2023-10-10,871430515.656588
2023-10-11,866567328.258942
2023-10-12,835486854.849856
2023-10-13,842542835.987568
2023-10-14,843532886.302194
2023-10-15,850807074.394584
2023-10-16,849947272.603215
2023-10-17,862931338.319481
2023-10-18,855039067.745486
2023-10-19,856871622.058341
2023-10-20,866369087.672706
2023-10-21,859781459.265699
2023-10-22,859029072.518614
2023-10-23,877429047.773618
2023-10-24,879990233.76654
2023-10-25,884861390.548192
2023-10-26,886866753.305897
2023-10-27,900724393.012558
2023-10-28,893252266.965431
2023-10-29,885096505.194595
2023-10-30,887062146.391571
2023-10-31,892149142.391362
2023-11-01,891056561.308102
2023-11-02,892723280.973708
2023-11-03,889354424.968956
2023-11-04,886056313.358922
2023-11-05,896310958.91924
2023-11-06,898516644.798022
2023-11-07,885303637.824334
2023-11-08,876431976.986012
2023-11-09,895744869.311056
2023-11-10,901319997.16446
2023-11-11,904609567.880228
2023-11-12,904899340.82709
2023-11-13,907731193.386128
2023-11-14,903295536.120494
2023-11-15,910563571.494661
2023-11-16,899067888.972924
2023-11-17,884966484.899385
2023-11-18,868100868.492224
2023-11-19,882643900.221258
2023-11-20,889674171.870763
2023-11-21,879314336.301753
2023-11-22,888760164.669272
2023-11-23,901953097.583254
2023-11-24,868923883.751456
2023-11-25,868320631.44841
2023-11-26,869638807.579767
2023-11-27,870206197.940635
2023-11-28,878458792.265186
2023-11-29,877378362.146669
2023-11-30,884563001.060342
2023-12-01,895623310.121269
2023-12-02,899284358.674583
2023-12-03,901547819.935893
2023-12-04,904243002.380454
2023-12-05,930174517.482249
2023-12-06,933128388.111982
2023-12-07,945177077.065448
2023-12-08,945722649.040426
2023-12-09,946173680.508245
2023-12-10,943266250.199772
2023-12-11,928067470.58977
2023-12-12,952271400.675715
2023-12-13,952952711.166448
2023-12-14,964445239.196996
2023-12-15,961687819.760557
2023-12-16,964358318.724358
2023-12-17,966452188.13585
2023-12-18,966699166.842124
2023-12-19,956540732.532129
2023-12-20,961387675.253061
2023-12-21,960322118.525924
2023-12-22,968334100.49412
2023-12-23,958596503.009059
2023-12-24,958562118.471661
2023-12-25,955891165.943374
2023-12-26,950220156.129038
2023-12-27,950622550.029679
2023-12-28,954577267.671697
2023-12-29,947732148.987091
2023-12-30,931339836.53748
2023-12-31,914237840.361309
2024-01-01,919062118.100418
2024-01-02,924869855.458364
2024-01-03,933447556.408711
2024-01-04,932431342.370407
2024-01-05,926349563.729688
2024-01-06,918026665.547555
2024-01-07,918141283.333336
2024-01-08,923933372.061983
2024-01-09,897040533.93162
2024-01-10,908883466.40792
2024-01-11,907404026.000575
2024-01-12,910665140.347152
2024-01-13,908997350.26349
2024-01-14,886599274.447989
2024-01-15,881613403.000057
2024-01-16,870135593.110496
2024-01-17,868062223.822087
2024-01-18,859782621.765426
2024-01-19,870166677.299948
2024-01-20,865931433.739542
2024-01-21,866469380.185113
2024-01-22,840543441.2099
2024-01-23,855298201.280302
2024-01-24,835714761.228325
2024-01-25,833444510.652526
2024-01-26,835523301.325729
2024-01-27,831399329.91125
2024-01-28,856204601.340172
2024-01-29,864076485.095671
2024-01-30,865408099.30366
2024-01-31,847346078.902943
2024-02-01,847760024.459442
2024-02-02,854477023.65264
2024-02-03,852804553.345496
2024-02-04,843378744.046309
2024-02-05,895667153.406666
2024-02-06,864194578.983686
2024-02-07,860424425.444087
2024-02-08,858422846.220874
2024-02-09,871675531.820761
2024-02-10,876921035.00964
2024-02-11,876397576.544426
2024-02-12,879452374.406258
2024-02-13,876891604.698537
2024-02-14,884327232.563639
2024-02-15,889925594.819808
2024-02-16,896698278.282228
2024-02-17,873378240.396902
2024-02-18,903046988.405823
2024-02-19,911468327.417203
2024-02-20,907814750.209424
2024-02-21,895038627.836471
2024-02-22,901503761.266089
2024-02-23,901311985.27417
2024-02-24,901838852.652222
2024-02-25,917301858.349117
2024-02-26,923121573.131588
2024-02-27,927906544.79483
2024-02-28,965435910.86831
2024-02-29,972741010.654223
2024-03-01,974203220.366408
2024-03-02,969019321.23731
2024-03-03,971017591.602623
2024-03-04,979235269.10215
2024-03-05,978601926.031913
2024-03-06,998030175.946283
2024-03-07,1008434223.768334
2024-03-08,1009575252.307074
2024-03-09,995163792.783111
2024-03-10,997310626.290232
2024-03-11,1005349388.58805
2024-03-12,990357803.368258
2024-03-13,990206950.2377
2024-03-14,990946438.118331
2024-03-15,986645821.384867
2024-03-16,972027219.597018
2024-03-17,978973620.630907
2024-03-18,974294321.424169
2024-03-19,923309586.505209
2024-03-20,940293875.687054
2024-03-21,952558832.49278
2024-03-22,940753388.468744
2024-03-23,948304564.74529
2024-03-24,931250174.693298
2024-03-25,956243208.986736
2024-03-26,962031656.498922
2024-03-27,955950130.966781
2024-03-28,966508677.546552
2024-03-29,978250239.021892
2024-03-30,977969100.041344
2024-03-31,973200021.929827
2024-04-01,955605552.346918
2024-04-02,954351828.023001
2024-04-03,945704837.366756
2024-04-04,943520556.276393
2024-04-05,937973503.063177
2024-04-06,935097490.721457
2024-04-07,942330182.280974
2024-04-08,957337664.897336
2024-04-09,956993128.225667
2024-04-10,962003492.848981
2024-04-11,964284343.763574
2024-04-12,952745110.162124
2024-04-13,877347773.471711
2024-04-14,877339187.888697
2024-04-15,868386332.729216
2024-04-16,854158660.047723
2024-04-17,850137944.776407
2024-04-18,855750805.466031
2024-04-19,860461766.116803
2024-04-20,862825113.523933
2024-04-21,881418684.671987
2024-04-22,891420620.978812
2024-04-23,891098230.571181
2024-04-24,883239792.671326
2024-04-25,885313771.695677
2024-04-26,867290529.32743
2024-04-27,872096936.484726
2024-04-28,878729193.893324
2024-04-29,868390253.043682
2024-04-30,876091479.621821
2024-05-01,881032773.831294
2024-05-02,853885983.142013
2024-05-03,860528584.711552
2024-05-04,863538680.898336
2024-05-05,875742413.228265
2024-05-06,879394687.444854
2024-05-07,856440198.208711
2024-05-08,866721616.40166
2024-05-09,870040426.806136
2024-05-10,872209596.856142
2024-05-11,871548829.215911
2024-05-12,874454231.321494
2024-05-13,873967566.209684
2024-05-14,869133381.666845
2024-05-15,870317861.965034
2024-05-16,868296721.315119
2024-05-17,879627799.087701
2024-05-18,882498927.56855
2024-05-19,891497416.557333
2024-05-20,902474273.075339
2024-05-21,908505677.495803
2024-05-22,913990192.368982
2024-05-23,925368618.576098
2024-05-24,945152442.601467
2024-05-25,947418709.985907
2024-05-26,952135317.83472
2024-05-27,958922495.400167
2024-05-28,960061574.497338
2024-05-29,960416615.968103
2024-05-30,950566789.910969
2024-05-31,946852366.905856
2024-06-01,952670991.067572
2024-06-02,952087331.426113
2024-06-03,953136437.612701
2024-06-04,963783022.810036
2024-06-05,967493911.562811
2024-06-06,958291287.237568
2024-06-07,955169001.703549
2024-06-08,954161594.931757
2024-06-09,953791782.017199
2024-06-10,965287606.536675
2024-06-11,960662850.370205
2024-06-12,964337473.957665
2024-06-13,957890134.635449
2024-06-14,959634703.774714
2024-06-15,961829437.988758
2024-06-16,960917330.544017
2024-06-17,962770017.429495
2024-06-18,956442076.486955
2024-06-19,961533319.948065
2024-06-20,961954162.074534
2024-06-21,952845927.833623
2024-06-22,952100339.533252
2024-06-23,950303321.528414
2024-06-24,929659847.453971
2024-06-25,936075782.474359
2024-06-26,939216617.577058
2024-06-27,943125144.730808
2024-06-28,940272051.846904
2024-06-29,941970589.359092
2024-06-30,947877839.60437
2024-07-01,949120774.613268
2024-07-02,946888757.332332
2024-07-03,940443651.909813
2024-07-04,912672085.722717
2024-07-05,826551442.274373
2024-07-06,822163502.142611
2024-07-07,816852461.352396
2024-07-08,821843046.631317
2024-07-09,840890341.517693
2024-07-10,846274652.216013
2024-07-11,844314056.421206
2024-07-12,848297648.717518
2024-07-13,853677566.676583
2024-07-14,862653342.27683
2024-07-15,868966638.252779
2024-07-16,879274724.856247
2024-07-17,888232000.387394
2024-07-18,900983691.37368
2024-07-19,936616334.988435
2024-07-20,887376801.115093
2024-07-21,895608612.429062
2024-07-22,883000269.749765
2024-07-23,908760983.49084
2024-07-24,905141356.957672
2024-07-25,902038488.776067
2024-07-26,895249801.945552
2024-07-27,895574844.637023
2024-07-28,852175588.581902
2024-07-29,843699463.735568
2024-07-30,846110717.525533
2024-07-31,854348695.416116
2024-08-01,855930386.424972
2024-08-02,846710956.314143
2024-08-03,832001551.813254
2024-08-04,816675046.184514
2024-08-05,708426499.48349
2024-08-06,699532913.57519
2024-08-07,688589987.868436
2024-08-08,707053013.574186
2024-08-09,700147507.253438
2024-08-10,702351825.366804
2024-08-11,699061454.301428
2024-08-12,709323398.944873
2024-08-13,712648249.276412
2024-08-14,716090731.381854
2024-08-15,718219414.454457
2024-08-16,725602649.162553
2024-08-17,724844454.344738
2024-08-18,730845620.894151
2024-08-19,734421233.949748
2024-08-20,743403804.165539
2024-08-21,758008346.637403
2024-08-22,761265609.601022
2024-08-23,782736257.100062
2024-08-24,783171325.815989
2024-08-25,785351783.329599
2024-08-26,778764777.648401
2024-08-27,767865280.981259
2024-08-28,773352811.040674
2024-08-29,774746490.208183
2024-08-30,777460214.60706
2024-08-31,777064543.905123
2024-09-01,769557300.045087
2024-09-02,781504209.740286
2024-09-03,779257596.808237
2024-09-04,778710210.611622
2024-09-05,773537166.948126
2024-09-06,758781361.111209
2024-09-07,759969725.746439
2024-09-08,762610213.684356
2024-09-09,770935314.053355
2024-09-10,773958989.251324
2024-09-11,779142438.022008
2024-09-12,779726120.150405
2024-09-13,786647041.227572
2024-09-14,783036428.902168
2024-09-15,784227280.252
2024-09-16,783335312.193886
2024-09-17,787711647.982969
2024-09-18,785996933.561388
2024-09-19,790355991.3524
2024-09-20,804088779.488305
2024-09-21,811187275.499729
2024-09-22,818410782.619333
2024-09-23,826282329.462406
2024-09-24,815039530.664278
2024-09-25,800871348.415742
2024-09-26,809189468.515909
2024-09-27,816153738.852079
2024-09-28,813929541.397247
2024-09-29,807370380.600699
2024-09-30,801968092.062432
2024-10-01,793687424.860557
2024-10-02,790689523.665235
2024-10-03,787706191.616004
2024-10-04,793156474.094938
2024-10-05,797477561.872498
2024-10-06,799831807.310339
2024-10-07,807440642.509505
2024-10-08,809641677.142998
2024-10-09,814925950.524734
2024-10-10,817465626.695638
2024-10-11,823475401.2079
2024-10-12,825382172.507847
2024-10-13,817691986.529313
2024-10-14,826990943.945205
2024-10-15,821659615.695988
2024-10-16,828688919.905088
2024-10-17,830731261.936773
2024-10-18,822410640.6929
2024-10-19,824612404.568826
2024-10-20,827101471.997895
2024-10-21,822942620.797355
2024-10-22,822550154.256816
2024-10-23,823704785.421007
2024-10-24,833446985.372286
2024-10-25,772107569.097074
2024-10-26,844382060.138874
2024-10-27,846571369.65106
2024-10-28,859336689.625049
2024-10-29,880340468.217743
2024-10-30,874963661.122919
2024-10-31,850440717.999083
2024-11-01,858192081.41535
2024-11-02,859636502.211648
2024-11-03,863355096.395532
2024-11-04,858777002.141103
2024-11-05,847441797.346652
2024-11-06,895588514.626642
2024-11-07,905427110.851941
2024-11-08,919040782.70648
2024-11-09,900264352.741424
2024-11-10,900381361.403729
2024-11-11,920090004.439954
2024-11-12,908602421.747567
2024-11-13,906339683.514562
2024-11-14,905073416.745886
2024-11-15,899131297.342413
2024-11-16,915185761.720237
2024-11-17,910786932.906108
2024-11-18,909499571.1932
2024-11-19,900279471.168415
2024-11-20,905027803.757656
2024-11-21,921477517.150643
2024-11-22,925102358.214067
2024-11-23,917223487.264484
2024-11-24,926867148.511152
2024-11-25,914885384.574133
2024-11-26,910862784.305759
2024-11-27,937197732.224568
2024-11-28,945905345.861986
2024-11-29,958055875.272423
2024-11-30,967853545.52583
2024-12-01,971990684.75891
2024-12-02,982872071.265358
2024-12-03,975127468.293911
2024-12-04,988674818.452649
2024-12-05,988478837.817707
2024-12-06,1016114843.191495
2024-12-07,1008021984.956776
2024-12-08,1031000937.44294
2024-12-09,1012025316.833705
2024-12-10,988502788.975206
2024-12-11,1022502673.756427
2024-12-12,1036448869.669959
2024-12-13,1046062862.893424
2024-12-14,1042966287.016475
2024-12-15,1064558720.263413
2024-12-16,1066337423.890071
2024-12-17,1056481283.308436
2024-12-18,1034052917.566996
2024-12-19,1015150031.192259
2024-12-20,1022794714.585556
2024-12-21,1015390182.363184
2024-12-22,1021710842.119583
2024-12-23,1032390944.520328
2024-12-24,1039696951.271462
2024-12-25,1044260846.475013
2024-12-26,1036620565.178959
2024-12-27,1027476458.257364
2024-12-28,1031545576.072361
2024-12-29,1034998187.081498
2024-12-30,1033405317.140074
2024-12-31,1033110265.35699
2025-01-01,1035591581.912714
2025-01-02,1033159555.297272
2025-01-03,1057422010.230234
2025-01-04,1067005796.606486
2025-01-05,1068086919.284141
2025-01-06,1073598738.921395
2025-01-07,1047923313.046288
2025-01-08,1049840392.283818
2025-01-09,1043190673.282812
2025-01-10,1045271151.15819
2025-01-11,1049153570.634183
2025-01-12,1046178732.064923
2025-01-13,1017798423.724123
2025-01-14,1048837687.768317
2025-01-15,1067104685.04068
2025-01-16,1066715521.920073
2025-01-17,1100290928.457316
2025-01-18,1102354746.150986
2025-01-19,1092074095.383807
2025-01-20,1100546453.286598
2025-01-21,1115370089.303181
2025-01-22,1105659883.0399
2025-01-23,1119136774.506261
2025-01-24,1110013914.312055
2025-01-25,1110068275.008229
2025-01-26,1108078646.509728
2025-01-27,1092844679.438393
2025-01-28,1090800067.003246
2025-01-29,1112958001.736608
2025-01-30,1124512231.724418
2025-01-31,1131281315.679999
2025-02-01,1115910502.049184
2025-02-02,1100053800.702296
2025-02-03,1031182525.989733
2025-02-04,1025390046.105199
2025-02-05,1029522667.673527
2025-02-06,1029224062.813536
2025-02-07,1029240870.864271
2025-02-08,1029814794.769354
2025-02-09,1032397267.464449
2025-02-10,1037459805.069584
2025-02-11,1058364910.542501
2025-02-12,1080092552.523906
2025-02-13,1092200046.74518
2025-02-14,1099408871.997892
2025-02-15,1087123627.783812
2025-02-16,1080787032.135186
2025-02-17,1084470352.124478
2025-02-18,1096747174.717821
2025-02-19,1086026114.463428
2025-02-20,1088757155.783422
2025-02-21,1074252746.854208
2025-02-22,1089055015.490551
2025-02-23,1090715238.184937
2025-02-24,1075016699.858906
2025-02-25,1042332806.818992
2025-02-26,1029801066.180694
2025-02-27,1020303953.38831
2025-02-28,968897411.587929
2025-03-01,959815761.479257
2025-03-02,994287986.166952
2025-03-03,971072247.901398
2025-03-04,955004860.391853
2025-03-05,964378008.422619
2025-03-06,962993732.274152
2025-03-07,972833930.874021
2025-03-08,979918249.872275
2025-03-09,958858053.72036
2025-03-10,935533169.643774
2025-03-11,921752755.764778
2025-03-12,916243499.222522
2025-03-13,910927250.536282
2025-03-14,912957860.867008
2025-03-15,916546601.142714
2025-03-16,911422284.123916
2025-03-17,909774985.358906
2025-03-18,907895976.318643
2025-03-19,914106552.533888
2025-03-20,910420893.092424
2025-03-21,902987387.719765
2025-03-22,902032474.764092
2025-03-23,901220649.769624
2025-03-24,897576409.975829
2025-03-25,893809979.594431
2025-03-26,893310896.011338
2025-03-27,894802045.340685
2025-03-28,881967062.706276
2025-03-29,877444838.230751
2025-03-30,875597981.553837
2025-03-31,877659655.146554
2025-04-01,898143195.821844
2025-04-02,890050517.946788
2025-04-03,886803833.858622
2025-04-04,863569449.773751
2025-04-05,864643134.197244
2025-04-06,835649609.125771
2025-04-07,813246529.177001
2025-04-08,804742270.012768
2025-04-09,809243637.639636
2025-04-10,804668364.626092
2025-04-11,809909356.576016
2025-04-12,822443920.334252
2025-04-13,821134162.49244
2025-04-14,819702625.052587
2025-04-15,822736295.323636
2025-04-16,818692876.15426
2025-04-17,818137773.563541
2025-04-18,816913488.604842
2025-04-19,819326732.45068
2025-04-20,820274974.06458
2025-04-21,825665790.15245
2025-04-22,841302360.321114
2025-04-23,845594064.997773
2025-04-24,855484410.472584
2025-04-25,864587775.31093
2025-04-26,869492413.863717
2025-04-27,869201577.441853
2025-04-28,875486607.023183
2025-04-29,879981421.952101
2025-04-30,881788668.400815
2025-05-01,889289623.197336
2025-05-02,888076469.116438
2025-05-03,886836756.579015
2025-05-04,883997122.955268
2025-05-05,877845338.809491
2025-05-06,878362244.995475
2025-05-07,879450195.816372
2025-05-08,919941113.143942
2025-05-09,934219615.896053
2025-05-10,961323131.798027
2025-05-11,983787822.299995
2025-05-12,987382349.841853
2025-05-13,1006894697.956471
2025-05-14,1021903836.810512
2025-05-15,1008626157.091163
2025-05-16,1024872317.885236
2025-05-17,1020271969.891864
2025-05-18,1031409333.080683
2025-05-19,1033745579.188495
2025-05-20,1034414891.621015
2025-05-21,1044288874.496697
2025-05-22,1057985045.46876
2025-05-23,1045895424.648017
2025-05-24,1051171886.495836
2025-05-25,1048798540.783302
2025-05-26,1052655676.354609
2025-05-27,1057868668.528583
2025-05-28,1024859165.889335
2025-05-29,1023498058.418854
2025-05-30,1025124376.117856
2025-05-31,1020374794.5226
2025-06-01,1003466478.657195
2025-06-02,1015421328.353554
2025-06-03,1024485829.336066
2025-06-04,1019424167.865411
2025-06-05,1004495908.39669
2025-06-06,1004443495.4182
2025-06-07,1010500638.396424
2025-06-08,1012177987.419363
2025-06-09,1028203352.903967
2025-06-10,1041994715.220771
2025-06-11,1042834596.78213
2025-06-12,1033427299.988064
2025-06-13,1015490483.897171
2025-06-14,1001863112.194155
2025-06-15,1004464611.4232
2025-06-16,1010113842.615528
2025-06-17,1005108724.390849
2025-06-18,1012912940.10285
2025-06-19,1008975882.166812
2025-06-20,994002950.114202
2025-06-21,987391338.006012
2025-06-22,964713969.131071
2025-06-23,978295156.184294
2025-06-24,981725476.376831
2025-06-25,981437527.108673
2025-06-26,1001616395.304599
2025-06-27,1004230914.753956
2025-06-28,1011035294.492665
2025-06-29,1014731035.336189
2025-06-30,1024543216.270918
2025-07-01,1017319332.394995
2025-07-02,1030714275.54272
2025-07-03,1037638415.793971
2025-07-04,1039168821.051106
2025-07-05,1041150337.231433
2025-07-06,1059863035.204245
2025-07-07,1059344760.935674
2025-07-08,1066838177.218126
2025-07-09,1078182283.087069
2025-07-10,1079720116.455432
2025-07-11,1101820518.801806
2025-07-12,1103430057.633632
2025-07-13,1107120138.358816
2025-07-14,1105985362.910478
2025-07-15,1107236029.984787
2025-07-16,1131860880.235328
2025-07-17,1145006660.088665
2025-07-18,1142360992.975096
2025-07-19,1148635480.204858
2025-07-20,1163197127.749485
2025-07-21,1165907085.996572
2025-07-22,1140549891.40466
2025-07-23,1131680644.122442
2025-07-24,1137873267.080163
2025-07-25,1141324181.857576
2025-07-26,1143633548.589811
2025-07-27,1156279215.892064
2025-07-28,1148402849.064688
2025-07-29,1153726511.549671
2025-07-30,1160253607.00343
2025-07-31,1150319958.367941
2025-08-01,1132485533.739054
2025-08-02,1127165303.378614
2025-08-03,1134626384.556754
2025-08-04,1138679109.534005
2025-08-05,1133013561.563322
2025-08-06,1135696585.474398
2025-08-07,1136708871.076958
2025-08-08,1136908288.416519
2025-08-09,1126584878.1911
2025-08-10,1129965587.799639
2025-08-11,1130107494.608474
2025-08-12,1153107043.777477
2025-08-13,1186294792.398636
2025-08-14,1171443754.880907
2025-08-15,1140887461.795062
2025-08-16,1146535713.251276
2025-08-17,1158270291.879494
2025-08-18,1148964171.068594
2025-08-19,1144639353.437583
2025-08-20,1156515779.282983
2025-08-21,1147349765.358032
2025-08-22,1173321820.011231
2025-08-23,1168090312.803644
2025-08-24,1160946295.388623
2025-08-25,1139121793.841351
2025-08-26,1147074925.098627
2025-08-27,1145825660.134091
2025-08-28,1132523054.433852
2025-08-29,1101000966.663746
2025-08-30,1100329733.966676
2025-08-31,1101472895.588592
2025-09-01,1087428065.951158
2025-09-02,1083881838.474198
2025-09-03,1090210577.700788
2025-09-04,1074241485.14826
2025-09-05,1073855353.842025
2025-09-06,1082301119.377503
2025-09-07,1095768286.635246
2025-09-08,1088163219.704229
2025-09-09,1080204308.338008
2025-09-10,1098686765.311633
2025-09-11,1221383975.953106
2025-09-12,1213926020.75846
2025-09-13,1198042954.45291
2025-09-14,1194897656.063138
2025-09-15,1226482776.788391
2025-09-16,1212253367.162039
2025-09-17,1202330755.72005
2025-09-18,1241591201.227509
2025-09-19,1233097541.148402
2025-09-20,1234032516.543119
2025-09-21,1233435564.426629
2025-09-22,1209201804.628034
2025-09-23,1209363242.095432
2025-09-24,1204661180.206148
2025-09-25,1178227283.340557
2025-09-26,1186056065.763274
2025-09-27,1180510552.027628
2025-09-28,1190902038.238626
2025-09-29,1200638982.387049
2025-09-30,1194461605.714372
2025-10-01,1208735312.081114
2025-10-02,1215637574.309124
2025-10-03,1215020691.004437
2025-10-04,1209259459.541953
2025-10-05,1205554477.889781
2025-10-06,1222035487.614215
2025-10-07,1222639590.261002
2025-10-08,1270433542.168798
2025-10-09,1261658328.358476
2025-10-10,1157983287.591191
2025-10-11,1163548306.058944
2025-10-12,1192337659.939552
2025-10-13,1198192570.457321
2025-10-14,1200603959.8213
2025-10-15,1201055848.157463
2025-10-16,1181618772.149478
2025-10-17,1129504028.030566
2025-10-18,1137009583.410632
2025-10-19,1144852207.31296
2025-10-20,1144694552.935731
2025-10-21,1153761152.304366
2025-10-22,1145507810.75904
2025-10-23,1146505438.000849
2025-10-24,1147539480.720391
2025-10-25,1156510309.514784
2025-10-26,1166577160.629594
2025-10-27,1176863115.706473
2025-10-28,1157823297.498238
2025-10-29,1157870759.718479
2025-10-30,1154422333.571475
2025-10-31,1155578016.68689
2025-11-01,1160659901.593156
2025-11-02,1158159892.124758
2025-11-03,1132667885.939464
2025-11-04,1051631962.217176
2025-11-05,1031398037.57899
2025-11-06,1003111587.081584
2025-11-07,987861705.564489
2025-11-08,969735934.026205
2025-11-09,981613696.534754
2025-11-10,981711076.252325
2025-11-11,978153845.19886
2025-11-12,977715588.215617
2025-11-13,962000549.391224
2025-11-14,943234482.547967
2025-11-15,945629008.742083
2025-11-16,943387289.861467
2025-11-17,938102375.086978
2025-11-18,936687366.650426
2025-11-19,927447085.296736
2025-11-20,911301162.949509
2025-11-21,878917994.380651
2025-11-22,863390572.830884
2025-11-23,881688960.929946
2025-11-24,879645794.635805
2025-11-25,877662115.890429
2025-11-26,881677250.353052
2025-11-27,883810128.919228
2025-11-28,884287624.732151
2025-11-29,881492652.994388
2025-11-30,883768771.911393
2025-12-01,882037345.195356
2025-12-02,888104355.123145
2025-12-03,912148956.543866
2025-12-04,910267737.514171
2025-12-05,901311621.479453
2025-12-06,902210524.966556
2025-12-07,908677498.235867
2025-12-08,907739428.70566
2025-12-09,938386165.885149
2025-12-10,940457434.022644
2025-12-11,926698897.524987
2025-12-12,923240101.539855
2025-12-13,924962248.048884
2025-12-14,921676428.125587
2025-12-15,922831106.955115
2025-12-16,919390656.297602
2025-12-17,907466662.538361
2025-12-18,906108629.656921
2025-12-19,919075189.966197
2025-12-20,918635134.965132
2025-12-21,920575491.248469
2025-12-22,927234203.876133
2025-12-23,925693793.912156
2025-12-24,925240056.810431
2025-12-25,920168544.863569
2025-12-26,912365548.514317
2025-12-27,913667595.963369
2025-12-28,913939105.412718
2025-12-29,894823281.56682
2025-12-30,894859465.637902
2025-12-31,895056017.901779
2026-01-01,886420797.724837
2026-01-02,899820040.181016
2026-01-03,901444977.520408
2026-01-04,904287645.245755
2026-01-05,915360773.334852
2026-01-06,913539697.50273
2026-01-07,900809665.964843
2026-01-08,897263157.300874
2026-01-09,897091546.987744
2026-01-10,896869846.98883
2026-01-11,899779610.441083
2026-01-12,893965955.369436
2026-01-13,912531713.445644
2026-01-14,914804330.925569
2026-01-15,912790825.716166
2026-01-16,910833728.766696
2026-01-17,914504907.324552
2026-01-18,912286130.35261
2026-01-19,910738870.409991
2026-01-20,891495572.570024
2026-01-21,836646409.82401
2026-01-22,837119303.355556
2026-01-23,836092707.99589
2026-01-24,855195684.566747
2026-01-25,846532495.834471
2026-01-26,860286364.543059
2026-01-27,857843381.045238
2026-01-28,858566515.93586
2026-01-29,844859354.712662
2026-01-30,806784150.163323
2026-01-31,747197665.934299
2026-02-01,701457818.004958
2026-02-02,691132991.022626
2026-02-03,671490753.394592
2026-02-04,657175577.896002
2026-02-05,585398722.820129
2026-02-06,612229269.154306
2026-02-07,607623343.303132
2026-02-08,608115160.03174
2026-02-09,605297909.088933
2026-02-10,599824729.67028
2026-02-11,595838012.713556
2026-02-12,585718143.374612
2026-02-13,598983754.703096
2026-02-14,601637816.882735
2026-02-15,591987916.874789
2026-02-16,593034003.312872
2026-02-17,588433421.498211
2026-02-18,586159141.135503
2026-02-19,586630808.459252
2026-02-20,591332736.355833
2026-02-21,589368919.580297
2026-02-22,586818364.385336
2026-02-23,571219467.278211
2026-02-24,562218850.066917
2026-02-25,585098207.162677