Date,Aave - Circulating market cap ($)
2023-04-08,1096901781.734212
2023-04-09,1097472352.844615
2023-04-10,1126362164.613642
2023-04-11,1134900938.642431
2023-04-12,1135804719.270874
2023-04-13,1166043886.674862
2023-04-14,1186689169.588928
2023-04-15,1189585042.841094
2023-04-16,1192213229.21754
2023-04-17,1163524095.673056
2023-04-18,1176276774.030239
2023-04-19,1059915322.595012
2023-04-20,1038531765.836978
2023-04-21,991262639.222443
2023-04-22,1018555643.439347
2023-04-23,1007908451.279446
2023-04-24,1002965635.654757
2023-04-25,1023982065.020063
2023-04-26,996052806.687587
2023-04-27,1025960791.50068
2023-04-28,1037147339.932801
2023-04-29,1031694241.668383
2023-04-30,1017790595.368294
2023-05-01,990848849.117998
2023-05-02,995069133.8963
2023-05-03,1030907838.762452
2023-05-04,1019109603.379653
2023-05-05,1057368777.28436
2023-05-06,1003494612.465275
2023-05-07,992064772.515908
2023-05-08,929229752.906282
2023-05-09,926582173.345653
2023-05-10,931608819.921134
2023-05-11,897628916.228844
2023-05-12,910134160.373029
2023-05-13,897339060.042876
2023-05-14,894842016.502577
2023-05-15,906511206.190707
2023-05-16,904779427.059536
2023-05-17,932132049.758012
2023-05-18,938909459.521254
2023-05-19,942044002.985562
2023-05-20,938111087.884743
2023-05-21,921179142.35179
2023-05-22,926230683.326384
2023-05-23,941989033.929176
2023-05-24,922944488.621005
2023-05-25,913218280.602346
2023-05-26,930952938.572964
2023-05-27,943964972.695314
2023-05-28,996065361.921642
2023-05-29,969792987.564234
2023-05-30,961104860.210221
2023-05-31,920943826.057988
2023-06-01,904359762.548041
2023-06-02,917988553.08043
2023-06-03,915951815.059824
2023-06-04,906675363.024996
2023-06-05,866617300.904076
2023-06-06,892390032.679515
2023-06-07,852316249.726108
2023-06-08,863495516.027865
2023-06-09,863880662.82201
2023-06-10,760358574.473903
2023-06-11,750806229.4188
2023-06-12,775180211.41808
2023-06-13,793555829.681323
2023-06-14,749488710.9266
2023-06-15,722550283.827091
2023-06-16,731226875.010598
2023-06-17,737267093.492107
2023-06-18,734590824.645171
2023-06-19,747073332.373712
2023-06-20,765364574.576216
2023-06-21,795805987.820486
2023-06-22,801766145.818896
2023-06-23,821648008.016553
2023-06-24,823190668.844837
2023-06-25,993049972.911828
2023-06-26,916611901.06868
2023-06-27,936901415.437903
2023-06-28,858755428.860992
2023-06-29,914632233.465512
2023-06-30,1017755922.895027
2023-07-01,983690552.981664
2023-07-02,1013188703.624049
2023-07-03,1052762911.646891
2023-07-04,1117690761.170819
2023-07-05,1083132195.029138
2023-07-06,1025605826.471085
2023-07-07,1078841835.028473
2023-07-08,1064036045.765873
2023-07-09,1037952513.387158
2023-07-10,1001280625.730489
2023-07-11,1062195962.996
2023-07-12,1105915933.389493
2023-07-13,1142087334.342183
2023-07-14,1179478004.032303
2023-07-15,1144077944.897447
2023-07-16,1108695274.042753
2023-07-17,1088597637.150376
2023-07-18,1042029613.747726
2023-07-19,1039414599.019767
2023-07-20,1049451062.722871
2023-07-21,1077873732.896215
2023-07-22,1034676813.932757
2023-07-23,1048147602.330202
2023-07-24,1018189127.185504
2023-07-25,1015204198.405628
2023-07-26,1043133794.270811
2023-07-27,1048097185.761574
2023-07-28,1054758994.692483
2023-07-29,1079198446.454563
2023-07-30,1027014041.102647
2023-07-31,947539910.990304
2023-08-01,947713169.741676
2023-08-02,936980168.807995
2023-08-03,915925352.376145
2023-08-04,929295577.929176
2023-08-05,932665387.181671
2023-08-06,953543187.603855
2023-08-07,941687999.729286
2023-08-08,962919527.177902
2023-08-09,977968339.782908
2023-08-10,971959670.584584
2023-08-11,956552058.915202
2023-08-12,958645426.112394
2023-08-13,952357660.009724
2023-08-14,950369675.70302
2023-08-15,922529321.147613
2023-08-16,876213024.330379
2023-08-17,805638008.845088
2023-08-18,809563370.566131
2023-08-19,820884774.645311
2023-08-20,828304030.715117
2023-08-21,808478478.174372
2023-08-22,796216944.613092
2023-08-23,829067683.216697
2023-08-24,831325006.976131
2023-08-25,825814207.779449
2023-08-26,821102889.968861
2023-08-27,844816006.77148
2023-08-28,846482433.135742
2023-08-29,861461147.12659
2023-08-30,839019167.550411
2023-08-31,806175780.869437
2023-09-01,793183834.783433
2023-09-02,800094794.162169
2023-09-03,796642547.688527
2023-09-04,792940019.048146
2023-09-05,804643247.226775
2023-09-06,800463641.055407
2023-09-07,815070801.640818
2023-09-08,819886650.042921
2023-09-09,816156523.235471
2023-09-10,785462845.070434
2023-09-11,756146017.992574
2023-09-12,771361047.109167
2023-09-13,780104123.870316
2023-09-14,789070076.966955
2023-09-15,812127413.838521
2023-09-16,858131390.376126
2023-09-17,858154765.672616
2023-09-18,880480063.104542
2023-09-19,898791785.243778
2023-09-20,953473604.024605
2023-09-21,907767542.975924
2023-09-22,937329307.800116
2023-09-23,913603730.4692
2023-09-24,897612046.98054
2023-09-25,904009121.814948
2023-09-26,887846260.933288
2023-09-27,882031854.814062
2023-09-28,956822299.005755
2023-09-29,962902839.749822
2023-09-30,984291197.076295
2023-10-01,1053197253.887328
2023-10-02,1008352443.900722
2023-10-03,951892415.79539
2023-10-04,971626067.404102
2023-10-05,972501882.564128
2023-10-06,1006692553.813966
2023-10-07,973304998.621648
2023-10-08,962197302.619533
2023-10-09,924318364.553169
2023-10-10,935640033.782851
2023-10-11,920974153.179056
2023-10-12,916978009.900136
2023-10-13,927915850.674272
2023-10-14,939145512.31728
2023-10-15,932128872.422618
2023-10-16,946133585.787898
2023-10-17,913569535.595481
2023-10-18,906052973.769143
2023-10-19,932273420.507733
2023-10-20,961548473.097924
2023-10-21,1016187518.297964
2023-10-22,1118380293.425224
2023-10-23,1242104541.349932
2023-10-24,1215945994.43176
2023-10-25,1248382413.142685
2023-10-26,1179834976.050258
2023-10-27,1144214475.237372
2023-10-28,1168389936.916194
2023-10-29,1235582544.911184
2023-10-30,1221941655.173926
2023-10-31,1186626849.229266
2023-11-01,1299911970.610796
2023-11-02,1343314409.930836
2023-11-03,1314712479.216525
2023-11-04,1320463196.920765
2023-11-05,1303848221.660556
2023-11-06,1453217494.729282
2023-11-07,1426134110.541408
2023-11-08,1457798009.096252
2023-11-09,1467446800.182096
2023-11-10,1465326597.881168
2023-11-11,1410581178.250569
2023-11-12,1438055583.81972
2023-11-13,1366421299.262645
2023-11-14,1329085399.847389
2023-11-15,1393251941.17812
2023-11-16,1328972843.235448
2023-11-17,1295215401.169531
2023-11-18,1288682775.297492
2023-11-19,1341204321.738609
2023-11-20,1319232242.990888
2023-11-21,1246118355.705881
2023-11-22,1395411389.399221
2023-11-23,1403243527.55997
2023-11-24,1446985575.837146
2023-11-25,1455310281.89059
2023-11-26,1435284007.829662
2023-11-27,1406116000.653216
2023-11-28,1418776648.532808
2023-11-29,1413201343.770962
2023-11-30,1439306755.120016
2023-12-01,1467520433.107595
2023-12-02,1535192183.98905
2023-12-03,1508533115.775686
2023-12-04,1464513996.913392
2023-12-05,1447336252.449924
2023-12-06,1413271431.422788
2023-12-07,1447406807.529518
2023-12-08,1453784988.967176
2023-12-09,1444480865.87791
2023-12-10,1432507120.971636
2023-12-11,1342096101.177455
2023-12-12,1359834820.746298
2023-12-13,1386203048.844657
2023-12-14,1569233666.833495
2023-12-15,1596202635.830616
2023-12-16,1530163919.264792
2023-12-17,1471051808.773013
2023-12-18,1450696563.328306
2023-12-19,1480310095.557773
2023-12-20,1466542015.065964
2023-12-21,1486294794.529485
2023-12-22,1469450851.06016
2023-12-23,1458946952.164324
2023-12-24,1470434648.526829
2023-12-25,1512384864.773069
2023-12-26,1505839741.101482
2023-12-27,1649490691.672422
2023-12-28,1755017680.698553
2023-12-29,1650471664.176309
2023-12-30,1639034262.053495
2023-12-31,1604349909.679542
2024-01-01,1696919278.981094
2024-01-02,1619377707.025004
2024-01-03,1503951477.009508
2024-01-04,1531358122.648835
2024-01-05,1507553369.261719
2024-01-06,1460575964.01197
2024-01-07,1387880600.209875
2024-01-08,1455643226.11418
2024-01-09,1416813478.823554
2024-01-10,1581920676.316412
2024-01-11,1615908985.034028
2024-01-12,1511492603.650746
2024-01-13,1557814086.54518
2024-01-14,1467906779.255951
2024-01-15,1498618780.8091
2024-01-16,1521532289.832502
2024-01-17,1487102088.979853
2024-01-18,1423679082.138772
2024-01-19,1422509081.060185
2024-01-20,1429918397.975243
2024-01-21,1422539227.279847
2024-01-22,1346220554.737625
2024-01-23,1311789974.093594
2024-01-24,1322497346.875686
2024-01-25,1306742362.363488
2024-01-26,1343804468.940499
2024-01-27,1346178785.801872
2024-01-28,1340885106.989107
2024-01-29,1379543684.977551
2024-01-30,1363261007.065707
2024-01-31,1266611498.78993
2024-02-01,1230842371.44623
2024-02-02,1263850374.714054
2024-02-03,1259181751.676153
2024-02-04,1226911069.546394
2024-02-05,1235508929.399346
2024-02-06,1246298399.83562
2024-02-07,1236926449.132357
2024-02-08,1257368135.629135
2024-02-09,1290631987.751875
2024-02-10,1301140086.351424
2024-02-11,1281966255.984436
2024-02-12,1336448412.664008
2024-02-13,1318672510.59413
2024-02-14,1342756289.472756
2024-02-15,1363201030.021155
2024-02-16,1393960397.197316
2024-02-17,1384142504.815961
2024-02-18,1394929600.304314
2024-02-19,1428819824.934178
2024-02-20,1388724545.758719
2024-02-21,1356662422.597691
2024-02-22,1355110013.56131
2024-02-23,1400850072.231652
2024-02-24,1493343097.968883
2024-02-25,1480395070.315325
2024-02-26,1515477408.758501
2024-02-27,1543292776.699929
2024-02-28,1540665477.714522
2024-02-29,1560266260.782745
2024-03-01,1623953979.190838
2024-03-02,1717075578.982531
2024-03-03,1658305471.210984
2024-03-04,1687016362.019422
2024-03-05,1571721744.676494
2024-03-06,1869617851.026134
2024-03-07,1962723674.959951
2024-03-08,1952590183.383784
2024-03-09,1928191620.302372
2024-03-10,1862409873.391309
2024-03-11,2013578555.14693
2024-03-12,1993781162.162625
2024-03-13,2102596826.203936
2024-03-14,2052844834.36477
2024-03-15,1902661178.154782
2024-03-16,1745066534.535481
2024-03-17,1869172304.398788
2024-03-18,1830130052.70159
2024-03-19,1616873578.685827
2024-03-20,1773149111.935526
2024-03-21,1817281594.151834
2024-03-22,1744386752.985311
2024-03-23,1804425638.204927
2024-03-24,1844296968.301449
2024-03-25,1869523947.703674
2024-03-26,1932765392.873973
2024-03-27,1836645386.165518
2024-03-28,1890913207.185447
2024-03-29,1886399285.728111
2024-03-30,1832366126.767165
2024-03-31,1893779646.46203
2024-04-01,1917814607.713037
2024-04-02,1711197018.25325
2024-04-03,1705156445.201138
2024-04-04,1720633608.790094
2024-04-05,1688302971.893149
2024-04-06,1755188911.72443
2024-04-07,1819447967.814359
2024-04-08,1907947335.857129
2024-04-09,1864104390.273468
2024-04-10,1877418372.534986
2024-04-11,1745804294.017247
2024-04-12,1486504725.770152
2024-04-13,1230697359.14872
2024-04-14,1305220935.166766
2024-04-15,1257772073.99569
2024-04-16,1286375866.96752
2024-04-17,1238058965.019488
2024-04-18,1262547177.825895
2024-04-19,1278025025.055138
2024-04-20,1354908759.87579
2024-04-21,1347411841.173912
2024-04-22,1427754543.083937
2024-04-23,1401636350.735859
2024-04-24,1343148128.176923
2024-04-25,1357790230.365362
2024-04-26,1324108938.246483
2024-04-27,1359894845.402177
2024-04-28,1336100770.404082
2024-04-29,1326086155.343253
2024-04-30,1237802823.344139
2024-05-01,1244231168.796048
2024-05-02,1258369210.230495
2024-05-03,1316447375.194803
2024-05-04,1319332134.914527
2024-05-05,1327547289.665544
2024-05-06,1302570825.456836
2024-05-07,1307878728.084044
2024-05-08,1277389063.966628
2024-05-09,1328490711.815374
2024-05-10,1258026235.082811
2024-05-11,1216346446.527784
2024-05-12,1229968062.551573
2024-05-13,1225453208.14603
2024-05-14,1190249129.539954
2024-05-15,1278234175.601583
2024-05-16,1274045093.461269
2024-05-17,1305308770.885898
2024-05-18,1306240358.998167
2024-05-19,1263313132.806844
2024-05-20,1444092688.65823
2024-05-21,1438559732.764782
2024-05-22,1399546899.098233
2024-05-23,1445907181.10851
2024-05-24,1473103041.352768
2024-05-25,1560103979.639193
2024-05-26,1625548972.042288
2024-05-27,1606886363.528765
2024-05-28,1579213856.276642
2024-05-29,1537184672.887958
2024-05-30,1523666852.022588
2024-05-31,1541362100.831317
2024-06-01,1543210908.941116
2024-06-02,1536070577.422872
2024-06-03,1496612407.114842
2024-06-04,1530690535.019855
2024-06-05,1546883914.870484
2024-06-06,1518636704.98254
2024-06-07,1457157030.667186
2024-06-08,1381512425.418327
2024-06-09,1388951000.447862
2024-06-10,1348197634.412272
2024-06-11,1302322425.713676
2024-06-12,1336000821.545097
2024-06-13,1245280953.759191
2024-06-14,1241064052.340599
2024-06-15,1273611008.88251
2024-06-16,1267267624.391082
2024-06-17,1263286579.769741
2024-06-18,1213786323.916102
2024-06-19,1300644533.602896
2024-06-20,1261395466.756411
2024-06-21,1217054431.135402
2024-06-22,1211804186.348105
2024-06-23,1196542352.464402
2024-06-24,1283542615.041494
2024-06-25,1367324514.694678
2024-06-26,1402305848.474206
2024-06-27,1395930936.806901
2024-06-28,1391686894.596689
2024-06-29,1434386616.294652
2024-06-30,1437837120.874695
2024-07-01,1462619889.453161
2024-07-02,1360862863.591446
2024-07-03,1255082216.882368
2024-07-04,1184836748.109818
2024-07-05,1187180841.942695
2024-07-06,1235299346.728916
2024-07-07,1159871144.932166
2024-07-08,1218353604.816716
2024-07-09,1267205682.50561
2024-07-10,1351080748.157544
2024-07-11,1380212401.167255
2024-07-12,1448765374.273852
2024-07-13,1476286937.806629
2024-07-14,1548555266.987014
2024-07-15,1552138595.367978
2024-07-16,1494608229.687946
2024-07-17,1459901591.033106
2024-07-18,1463930520.133718
2024-07-19,1496600306.463691
2024-07-20,1471798651.53928
2024-07-21,1466759810.83007
2024-07-22,1402081544.774889
2024-07-23,1405061102.08241
2024-07-24,1338126467.551837
2024-07-25,1382960767.702111
2024-07-26,1457140589.985932
2024-07-27,1509216990.45135
2024-07-28,1470374639.793961
2024-07-29,1560454230.420166
2024-07-30,1567272755.520704
2024-07-31,1602800378.14551
2024-08-01,1737132007.06321
2024-08-02,1646656881.730702
2024-08-03,1569068481.134622
2024-08-04,1452151182.56192
2024-08-05,1431677451.632814
2024-08-06,1544757614.618729
2024-08-07,1465103657.032953
2024-08-08,1514247581.123002
2024-08-09,1436813165.889425
2024-08-10,1393607546.114969
2024-08-11,1360463820.248676
2024-08-12,1426938116.006611
2024-08-13,1457189981.173517
2024-08-14,1583029693.924898
2024-08-15,1614111507.939698
2024-08-16,1671255243.975046
2024-08-17,1652169944.865526
2024-08-18,1659527131.136063
2024-08-19,1765448200.843022
2024-08-20,1937147193.937826
2024-08-21,2099388713.968117
2024-08-22,2023467567.29685
2024-08-23,2143683433.912169
2024-08-24,2042293152.325755
2024-08-25,2023047545.002774
2024-08-26,1921529994.914198
2024-08-27,1788570229.985352
2024-08-28,1871851159.114929
2024-08-29,1830233306.103954
2024-08-30,1961200838.033934
2024-08-31,1936895692.432749
2024-09-01,1802413521.478344
2024-09-02,2011823019.980453
2024-09-03,1779639371.514538
2024-09-04,2020068562.836119
2024-09-05,1928348414.975922
2024-09-06,1895113152.809276
2024-09-07,1867898269.201718
2024-09-08,1875549665.412712
2024-09-09,2096384457.895527
2024-09-10,2250527110.095185
2024-09-11,2235258712.833135
2024-09-12,2172331762.393606
2024-09-13,2161669605.815725
2024-09-14,2093524626.684446
2024-09-15,2145049258.363993
2024-09-16,2098414824.937594
2024-09-17,2099491675.511446
2024-09-18,2092974596.825806
2024-09-19,2241373464.160117
2024-09-20,2285200512.668248
2024-09-21,2302551632.755906
2024-09-22,2423532772.952842
2024-09-23,2568746893.043006
2024-09-24,2486439085.341822
2024-09-25,2461638814.08141
2024-09-26,2468808564.699208
2024-09-27,2553109843.998164
2024-09-28,2453135564.600312
2024-09-29,2412512392.334552
2024-09-30,2339314037.73061
2024-10-01,2174140447.587397
2024-10-02,2082817581.53938
2024-10-03,2134937513.268515
2024-10-04,2262133637.982851
2024-10-05,2225400003.955214
2024-10-06,2242543207.549288
2024-10-07,2195623651.872451
2024-10-08,2140849448.665812
2024-10-09,2087028818.071956
2024-10-10,2097330066.011711
2024-10-11,2150997744.301474
2024-10-12,2314508088.131198
2024-10-13,2308527228.42163
2024-10-14,2430736538.003658
2024-10-15,2345535836.064346
2024-10-16,2331656293.247076
2024-10-17,2284924829.786911
2024-10-18,2377333510.959104
2024-10-19,2363248297.983737
2024-10-20,2371251429.037506
2024-10-21,2291521847.576402
2024-10-22,2278913536.129454
2024-10-23,2236606400.369661
2024-10-24,2205481094.615001
2024-10-25,2048064640.769028
2024-10-26,2132297597.969842
2024-10-27,2207903001.539702
2024-10-28,2273041936.197826
2024-10-29,2263952587.101043
2024-10-30,2338845466.869254
2024-10-31,2148072393.24002
2024-11-01,2117787086.458119
2024-11-02,2069334088.079026
2024-11-03,1991048468.645081
2024-11-04,1920650867.283081
2024-11-05,2029973981.366774
2024-11-06,2599463362.892476
2024-11-07,2743773870.617936
2024-11-08,2719954644.467366
2024-11-09,2933331900.875354
2024-11-10,2849013838.764772
2024-11-11,2918311556.86224
2024-11-12,2701587381.797408
2024-11-13,2596941847.119368
2024-11-14,2352372234.266444
2024-11-15,2458066237.99843
2024-11-16,2521560204.82335
2024-11-17,2421554851.164297
2024-11-18,2559496296.36264
2024-11-19,2429762702.90899
2024-11-20,2357073119.298568
2024-11-21,2535171873.985164
2024-11-22,2570597476.978418
2024-11-23,2614205058.416042
2024-11-24,2570369384.764184
2024-11-25,2714255768.655378
2024-11-26,2714379254.150026
2024-11-27,3145924049.019166
2024-11-28,3000960787.623486
2024-11-29,2985851310.310024
2024-11-30,3168580526.48877
2024-12-01,3139220912.28168
2024-12-02,3545485613.247291
2024-12-03,3633153845.145704
2024-12-04,3841768449.872117
2024-12-05,3725869512.68266
2024-12-06,4226338783.206868
2024-12-07,4241226282.927994
2024-12-08,4267568385.170576
2024-12-09,3885719668.056726
2024-12-10,4098458296.846163
2024-12-11,4516741916.536489
2024-12-12,5506006853.035069
2024-12-13,5629115505.744572
2024-12-14,5494882625.445182
2024-12-15,5589671340.827469
2024-12-16,5711408029.919076
2024-12-17,5431283639.873028
2024-12-18,5125505934.889755
2024-12-19,4756195806.627423
2024-12-20,4938338153.198128
2024-12-21,4471058297.484492
2024-12-22,4761271845.232105
2024-12-23,5744296180.427453
2024-12-24,5642986947.190571
2024-12-25,5536190227.942398
2024-12-26,5068132097.113036
2024-12-27,4865113979.493225
2024-12-28,5309743917.776212
2024-12-29,4983155003.239347
2024-12-30,4824839359.32525
2024-12-31,4645823055.628292
2025-01-01,4795377138.737413
2025-01-02,5009168378.211197
2025-01-03,5263382595.652534
2025-01-04,5293475787.482512
2025-01-05,5151180158.16498
2025-01-06,5123039443.606276
2025-01-07,4621363572.41853
2025-01-08,4428640395.721323
2025-01-09,4226024720.830504
2025-01-10,4310970981.307148
2025-01-11,4329256264.564092
2025-01-12,4341721922.285292
2025-01-13,4350438979.972924
2025-01-14,4452716023.358019
2025-01-15,4818720259.954066
2025-01-16,4681724501.199228
2025-01-17,5049949340.904944
2025-01-18,4767144791.296535
2025-01-19,4692685657.983049
2025-01-20,5085789212.967118
2025-01-21,5576574247.265011
2025-01-22,5217632886.206684
2025-01-23,5074205877.993566
2025-01-24,5036227711.686465
2025-01-25,4915108413.719693
2025-01-26,4772999033.646569
2025-01-27,4563797451.258419
2025-01-28,4274776294.272984
2025-01-29,4389157933.131381
2025-01-30,4766578096.240385
2025-01-31,5013689831.770045
2025-02-01,4494228853.013882
2025-02-02,3855490261.158736
2025-02-03,4168545752.966578
2025-02-04,4100470574.377551
2025-02-05,3909759415.151722
2025-02-06,3623495879.992854
2025-02-07,3574683488.931929
2025-02-08,3612299156.124766
2025-02-09,3644460181.942698
2025-02-10,3786528217.451718
2025-02-11,3682293617.031802
2025-02-12,3808253185.088304
2025-02-13,3862005484.954287
2025-02-14,3965492775.440943
2025-02-15,3814969171.970359
2025-02-16,3821036409.938584
2025-02-17,3975964245.77076
2025-02-18,3758205184.330956
2025-02-19,3809171468.345984
2025-02-20,3946882326.891557
2025-02-21,3652781726.62389
2025-02-22,3729903621.896953
2025-02-23,3732954901.683088
2025-02-24,3166983562.428539
2025-02-25,3091643758.02678
2025-02-26,3046219462.460828
2025-02-27,3064923982.409704
2025-02-28,2904145230.273772
2025-03-01,2935470097.438215
2025-03-02,3368389758.804384
2025-03-03,2739126888.613242
2025-03-04,3108427761.566849
2025-03-05,3347743582.2243
2025-03-06,3152041164.502572
2025-03-07,2973920194.933796
2025-03-08,2953847353.086768
2025-03-09,2684724669.884432
2025-03-10,2738560194.661743
2025-03-11,2746987743.461386
2025-03-12,2638929664.529207
2025-03-13,2452607991.385106
2025-03-14,2613849226.662151
2025-03-15,2612078663.494286
2025-03-16,2490047113.38416
2025-03-17,2640240251.01706
2025-03-18,2559927544.181176
2025-03-19,2768758629.407017
2025-03-20,2690667276.539584
2025-03-21,2687203115.18856
2025-03-22,2713350812.763979
2025-03-23,2790734131.691372
2025-03-24,2864234868.23036
2025-03-25,2820378534.910924
2025-03-26,2679119715.718443
2025-03-27,2787048114.255104
2025-03-28,2651483624.139038
2025-03-29,2531270620.675404
2025-03-30,2461922758.023744
2025-03-31,2405959693.413098
2025-04-01,2513706978.815207
2025-04-02,2273842764.129382
2025-04-03,2291975159.184458
2025-04-04,2290123911.584784
2025-04-05,2305979282.214346
2025-04-06,1952375329.966607
2025-04-07,1999824208.621289
2025-04-08,1886142670.624128
2025-04-09,2158667424.811297
2025-04-10,1995674143.068894
2025-04-11,2054185685.421711
2025-04-12,2234324454.846903
2025-04-13,2094661568.10831
2025-04-14,2071687860.340444
2025-04-15,2025167639.721796
2025-04-16,2022922967.807598
2025-04-17,2093433479.822672
2025-04-18,2094056715.290652
2025-04-19,2145287400.322601
2025-04-20,2127066055.505461
2025-04-21,2149353019.869015
2025-04-22,2395072629.125454
2025-04-23,2529223733.006223
2025-04-24,2535797155.082382
2025-04-25,2520559483.128155
2025-04-26,2608083880.334976
2025-04-27,2522219593.91508
2025-04-28,2513763692.321437
2025-04-29,2504377281.941672
2025-04-30,2486484880.216655
2025-05-01,2612477081.179122
2025-05-02,2641932861.188533
2025-05-03,2689187517.94815
2025-05-04,2592495418.3102
2025-05-05,2684589100.889378
2025-05-06,2691764301.084588
2025-05-07,2601215640.961982
2025-05-08,3096506684.889348
2025-05-09,3191174893.835907
2025-05-10,3457101752.144746
2025-05-11,3333048592.47868
2025-05-12,3349484575.350962
2025-05-13,3559498369.70978
2025-05-14,3464419843.254837
2025-05-15,3363884815.61279
2025-05-16,3506276934.103852
2025-05-17,3362707809.982464
2025-05-18,3442546119.797292
2025-05-19,3730535246.759294
2025-05-20,3914059712.970932
2025-05-21,3787595367.28239
2025-05-22,3875904525.989978
2025-05-23,3863259813.08867
2025-05-24,3954827944.531588
2025-05-25,4040315231.383158
2025-05-26,4047861804.64202
2025-05-27,4120790859.933114
2025-05-28,3997101687.336768
2025-05-29,3794070041.4042
2025-05-30,3811599422.241396
2025-05-31,3768554792.133564
2025-06-01,3743642201.77185
2025-06-02,3897978220.944214
2025-06-03,4044053144.261105
2025-06-04,4022003010.285179
2025-06-05,3675721200.096728
2025-06-06,3807447275.314329
2025-06-07,3909435684.503597
2025-06-08,3855503417.539612
2025-06-09,4315525975.097246
2025-06-10,4668808129.846437
2025-06-11,4611075239.295645
2025-06-12,4467943537.610116
2025-06-13,4391989480.174916
2025-06-14,4204844439.00162
2025-06-15,4163027809.302024
2025-06-16,4210496023.558026
2025-06-17,4057897905.478088
2025-06-18,3916180802.874323
2025-06-19,3877867167.616982
2025-06-20,3750101068.373742
2025-06-21,3492649293.319764
2025-06-22,3448579067.596965
2025-06-23,3913033943.085164
2025-06-24,3998139915.848561
2025-06-25,3869415056.267597
2025-06-26,3796259627.128525
2025-06-27,3929768959.913719
2025-06-28,3945095361.611631
2025-06-29,4223782629.346751
2025-06-30,4174205324.054064
2025-07-01,3946944636.724468
2025-07-02,4196291527.365433
2025-07-03,4239116832.659622
2025-07-04,4033106550.627496
2025-07-05,4156971053.544451
2025-07-06,4339731546.600422
2025-07-07,4300553921.647237
2025-07-08,4449878578.959629
2025-07-09,4585249423.822219
2025-07-10,4687606683.613818
2025-07-11,4523900233.903567
2025-07-12,4575831631.11547
2025-07-13,4653899867.811772
2025-07-14,4782096721.529791
2025-07-15,4972641178.262776
2025-07-16,4911851828.388843
2025-07-17,4887726421.41686
2025-07-18,4923330803.376812
2025-07-19,4848212736.629634
2025-07-20,4926823262.982266
2025-07-21,4904392004.931409
2025-07-22,4723633694.417427
2025-07-23,4424694701.982603
2025-07-24,4367962363.977158
2025-07-25,4471249379.180667
2025-07-26,4486230234.78772
2025-07-27,4629719173.049409
2025-07-28,4378512216.945635
2025-07-29,4280006030.117605
2025-07-30,4171595806.279654
2025-07-31,3964005832.612178
2025-08-01,3893282779.781567
2025-08-02,3796891435.643594
2025-08-03,3952255122.984862
2025-08-04,4072004196.481457
2025-08-05,3881997472.891964
2025-08-06,4005738408.360432
2025-08-07,4335173365.56085
2025-08-08,4425881255.255885
2025-08-09,4681940343.258769
2025-08-10,4666916292.50125
2025-08-11,4473686197.340194
2025-08-12,4904807501.692692
2025-08-13,5072173693.010923
2025-08-14,4775208005.919021
2025-08-15,4560133039.243561
2025-08-16,4499317074.528639
2025-08-17,4623797020.963038
2025-08-18,4395787652.148682
2025-08-19,4223730672.903235
2025-08-20,4548673817.362406
2025-08-21,4549309579.226264
2025-08-22,5235118683.590833
2025-08-23,5431620161.015167
2025-08-24,5299708904.560233
2025-08-25,4846299956.894616
2025-08-26,5104702408.213386
2025-08-27,4878847034.839249
2025-08-28,4821434480.529158
2025-08-29,4868083847.669698
2025-08-30,4853507376.83704
2025-08-31,4804787475.642785
2025-09-01,4625148245.698805
2025-09-02,4803236837.598749
2025-09-03,4997284420.615494
2025-09-04,4686797560.514587
2025-09-05,4603422196.702526
2025-09-06,4542796661.204582
2025-09-07,4609066194.609017
2025-09-08,4613068377.539133
2025-09-09,4540717508.392774
2025-09-10,4568447601.062185
2025-09-11,4714975329.907106
2025-09-12,4893911557.782387
2025-09-13,4789948209.0159
2025-09-14,4667622436.092572
2025-09-15,4558492671.365535
2025-09-16,4555862138.787485
2025-09-17,4662831291.20862
2025-09-18,4711435395.050197
2025-09-19,4542932391.161701
2025-09-20,4518810322.53468
2025-09-21,4488503373.152753
2025-09-22,4118808330.693454
2025-09-23,4197488392.578194
2025-09-24,4235853280.074854
2025-09-25,3951762604.103594
2025-09-26,4124724349.666351
2025-09-27,4067708324.305174
2025-09-28,4196237661.962744
2025-09-29,4232925438.561674
2025-09-30,4185348602.270225
2025-10-01,4361360759.879368
2025-10-02,4401128176.283613
2025-10-03,4439964752.879966
2025-10-04,4319383017.5181
2025-10-05,4359106037.579157
2025-10-06,4537642201.956997
2025-10-07,4216215050.192072
2025-10-08,4357905321.174064
2025-10-09,4172274329.455902
2025-10-10,3520146668.891
2025-10-11,3571176997.029428
2025-10-12,3836617716.178477
2025-10-13,3981098508.145864
2025-10-14,3898642858.888212
2025-10-15,3698958020.89248
2025-10-16,3404288833.43161
2025-10-17,3145439917.761646
2025-10-18,3276650488.630319
2025-10-19,3396799457.959378
2025-10-20,3493206915.241934
2025-10-21,3338805313.045379
2025-10-22,3306326593.540484
2025-10-23,3423392424.561566
2025-10-24,3496898154.35228
2025-10-25,3456672894.334236
2025-10-26,3682032652.182431
2025-10-27,3586705208.705688
2025-10-28,3495165473.24005
2025-10-29,3471154226.773124
2025-10-30,3274012275.102008
2025-10-31,3486648879.13055
2025-11-01,3401117521.715108
2025-11-02,3501204796.60368
2025-11-03,3042524022.945577
2025-11-04,2880577435.317084
2025-11-05,3085093445.301096
2025-11-06,3004061539.461262
2025-11-07,3172443481.704376
2025-11-08,3092683917.835213
2025-11-09,3237924985.49348
2025-11-10,3459180336.773522
2025-11-11,3173782326.03616
2025-11-12,3101028185.659421
2025-11-13,3034197744.566558
2025-11-14,2649267180.864182
2025-11-15,2709380634.66867
2025-11-16,2636331524.684778
2025-11-17,2553196190.24061
2025-11-18,2695348339.884665
2025-11-19,2637104018.278406
2025-11-20,2497247388.604982
2025-11-21,2390476588.306454
2025-11-22,2441081304.470912
2025-11-23,2534713531.277188
2025-11-24,2709476430.268106
2025-11-25,2716469520.087338
2025-11-26,2817104298.303319
2025-11-27,2819643185.706619
2025-11-28,2813975408.811685
2025-11-29,2764900304.263409
2025-11-30,2700554187.951591
2025-12-01,2608280925.600063
2025-12-02,2881482700.160899
2025-12-03,3011294338.099164
2025-12-04,2887866978.337194
2025-12-05,2785670513.104234
2025-12-06,2836323472.867996
2025-12-07,2829853862.770288
2025-12-08,2906155880.816406
2025-12-09,3078132635.800472
2025-12-10,2987289212.200908
2025-12-11,3074484134.310853
2025-12-12,2908644932.075736
2025-12-13,3001202749.198951
2025-12-14,2855666832.452612
2025-12-15,2956428373.3883
2025-12-16,2825035053.076908
2025-12-17,2727132727.830124
2025-12-18,2636761133.730236
2025-12-19,2755476060.608781
2025-12-20,2734527755.18952
2025-12-21,2498940378.337015
2025-12-22,2283508874.695952
2025-12-23,2288711746.71612
2025-12-24,2254349520.821347
2025-12-25,2262737345.60761
2025-12-26,2341984607.270466
2025-12-27,2382707965.584114
2025-12-28,2332847030.780012
2025-12-29,2267302140.139459
2025-12-30,2266530374.548116
2025-12-31,2220285373.549286
2026-01-01,2259922819.757642
2026-01-02,2504390233.543096
2026-01-03,2471088904.623924
2026-01-04,2487484268.082035
2026-01-05,2602089454.986428
2026-01-06,2675187376.92252
2026-01-07,2540572277.059593
2026-01-08,2495243194.55631
2026-01-09,2513241886.097478
2026-01-10,2503849573.811272
2026-01-11,2537628525.649307
2026-01-12,2504844968.971171
2026-01-13,2684760940.467564
2026-01-14,2713075050.387275
2026-01-15,2605765394.373016
2026-01-16,2662260462.99188
2026-01-17,2637635148.475752
2026-01-18,2581825778.002034
2026-01-19,2490139871.479527
2026-01-20,2326577131.256556
2026-01-21,2417853959.616648
2026-01-22,2385909520.797384
2026-01-23,2381382380.120318
2026-01-24,2368025280.763474
2026-01-25,2240166290.500486
2026-01-26,2344567254.486264
2026-01-27,2413922852.384194
2026-01-28,2428579391.945944
2026-01-29,2230396914.213194
2026-01-30,2090740903.273988
2026-01-31,1955391572.7605
2026-02-01,1892177466.380418
2026-02-02,1950982205.418512
2026-02-03,1897622670.25183
2026-02-04,1883473678.992418
2026-02-05,1547348813.543532
2026-02-06,1732474551.903175
2026-02-07,1732928275.437266
2026-02-08,1709303330.94199
2026-02-09,1712246475.435968
2026-02-10,1660538323.122326
2026-02-11,1631486278.659854
2026-02-12,1742280179.1811
2026-02-13,1805102423.962216
2026-02-14,1950286088.698634
2026-02-15,1910478326.161528
2026-02-16,1928135687.243064
2026-02-17,1920710591.04768
2026-02-18,1866009346.825553
2026-02-19,1886234452.503139
2026-02-20,1760946497.585528
2026-02-21,1848372440.908203
2026-02-22,1786520003.639397
2026-02-23,1741516887.857576
2026-02-24,1739337886.692502
2026-02-25,1797947280.694755
2026-02-26,1737065461.139362
2026-02-27,1714071127.350136
2026-02-28,1704006230.702769
2026-03-01,1727780129.392548
2026-03-02,1860773267.096442
2026-03-03,1691388427.119009
2026-03-04,1760223592.952372
2026-03-05,1779102601.383615
2026-03-06,1685911279.411271
2026-03-07,1651939758.78362
2026-03-08,1603040240.332721
2026-03-09,1617720066.568175
2026-03-10,1693853465.154841
2026-03-11,1674508452.838634
2026-03-12,1698052115.344555
2026-03-13,1704929166.774366
2026-03-14,1689425644.294514
2026-03-15,1764725654.827311
2026-03-16,1856361452.009547
2026-03-17,1819041186.524186
2026-03-18,1749892688.436033
2026-03-19,1692843568.996699
2026-03-20,1690450271.381505
2026-03-21,1667267485.38525
2026-03-22,1615917796.006472
2026-03-23,1670997989.997923
2026-03-24,1704260900.571682
2026-03-25,1708538231.010989
2026-03-26,1595163890.19444
2026-03-27,1496680276.102074
2026-03-28,1468703003.675342
2026-03-29,1447309094.918686
2026-03-30,1465661996.931547
2026-03-31,1488839237.337289
2026-04-01,1490231513.513259
2026-04-02,1431431078.704164
2026-04-03,1438732256.960439
2026-04-04,1434925387.48736
2026-04-05,1426508188.655924
2026-04-06,1412396072.783404