Date,Compound - Circulating market cap ($)
2023-04-08,289235917.73784
2023-04-09,293967157.99743
2023-04-10,300328471.771853
2023-04-11,298214052.429693
2023-04-12,295819072.245509
2023-04-13,303826604.4685
2023-04-14,309493149.778226
2023-04-15,310331311.518002
2023-04-16,317124164.733517
2023-04-17,311402343.476826
2023-04-18,317197706.215127
2023-04-19,282848649.896111
2023-04-20,277202273.48981
2023-04-21,265295735.236091
2023-04-22,275185882.921729
2023-04-23,270903183.879538
2023-04-24,272448232.920709
2023-04-25,276180688.308803
2023-04-26,271398552.458937
2023-04-27,279563947.733744
2023-04-28,279161990.43818
2023-04-29,290710792.418986
2023-04-30,286328839.666035
2023-05-01,273977373.362036
2023-05-02,272965203.307746
2023-05-03,279005084.479082
2023-05-04,273698304.547342
2023-05-05,278561828.820906
2023-05-06,269659307.670129
2023-05-07,265328843.40545
2023-05-08,249760820.995626
2023-05-09,250377590.94518
2023-05-10,251382114.897594
2023-05-11,243254900.607247
2023-05-12,240131506.005636
2023-05-13,237436021.196367
2023-05-14,238760599.323685
2023-05-15,239927559.840014
2023-05-16,240771248.545476
2023-05-17,246895908.863455
2023-05-18,244479823.495667
2023-05-19,246773306.492378
2023-05-20,244951896.802493
2023-05-21,237418162.584766
2023-05-22,241572872.935148
2023-05-23,243472170.674614
2023-05-24,238567408.365575
2023-05-25,232260699.07437
2023-05-26,235363320.674417
2023-05-27,240461564.059887
2023-05-28,250732728.084712
2023-05-29,252494034.785225
2023-05-30,250245528.193362
2023-05-31,246036747.609065
2023-06-01,242572969.138008
2023-06-02,244674943.035612
2023-06-03,243256020.335319
2023-06-04,243488624.100104
2023-06-05,223889147.607496
2023-06-06,231731665.183752
2023-06-07,219973825.342223
2023-06-08,219346519.943997
2023-06-09,220605240.998267
2023-06-10,182777769.422201
2023-06-11,179002645.782208
2023-06-12,193976408.569787
2023-06-13,186473760.154938
2023-06-14,181671418.684899
2023-06-15,184798935.31696
2023-06-16,190603733.932742
2023-06-17,196410675.694465
2023-06-18,191545614.473517
2023-06-19,194361990.678548
2023-06-20,197073805.478493
2023-06-21,204359556.917382
2023-06-22,202586787.567162
2023-06-23,208815048.221291
2023-06-24,208921316.514785
2023-06-25,257482184.100257
2023-06-26,244605319.560415
2023-06-27,290081417.650455
2023-06-28,277873340.608364
2023-06-29,343798363.681505
2023-06-30,382203787.564901
2023-07-01,358439743.148994
2023-07-02,454693913.586881
2023-07-03,436250264.672096
2023-07-04,430053324.134044
2023-07-05,409676678.915173
2023-07-06,389877652.504073
2023-07-07,381879948.66276
2023-07-08,367903782.141023
2023-07-09,413231070.361834
2023-07-10,405626457.966949
2023-07-11,452324790.677828
2023-07-12,486608302.524329
2023-07-13,473792048.369093
2023-07-14,456959109.008104
2023-07-15,521965365.694235
2023-07-16,528852310.852973
2023-07-17,522493710.521904
2023-07-18,488203129.500558
2023-07-19,475011806.373318
2023-07-20,502191310.107775
2023-07-21,486625659.021394
2023-07-22,480030436.753464
2023-07-23,483761896.971615
2023-07-24,435611469.224863
2023-07-25,426814581.684421
2023-07-26,484930008.828123
2023-07-27,480326445.547319
2023-07-28,492736371.881508
2023-07-29,495578219.830368
2023-07-30,486669456.702154
2023-07-31,454198824.85312
2023-08-01,449865787.087043
2023-08-02,424297845.89223
2023-08-03,411475909.699854
2023-08-04,397172158.266408
2023-08-05,394958607.06549
2023-08-06,388314601.85054
2023-08-07,372524520.885651
2023-08-08,383493247.678217
2023-08-09,383598886.099698
2023-08-10,379462907.986663
2023-08-11,379929108.803687
2023-08-12,379208672.373234
2023-08-13,372805855.710327
2023-08-14,383079059.619728
2023-08-15,348132318.186962
2023-08-16,320320236.99577
2023-08-17,273982824.502568
2023-08-18,288625222.168688
2023-08-19,292625369.036854
2023-08-20,290352872.823919
2023-08-21,285562706.407645
2023-08-22,289982634.221195
2023-08-23,294996330.11367
2023-08-24,297215016.288973
2023-08-25,292535682.796078
2023-08-26,288403267.067852
2023-08-27,288884386.203902
2023-08-28,287822889.715236
2023-08-29,299187351.442348
2023-08-30,294030276.251387
2023-08-31,281334755.746872
2023-09-01,274358946.514196
2023-09-02,276900502.218209
2023-09-03,276353327.092198
2023-09-04,275144171.460437
2023-09-05,274511347.701406
2023-09-06,275658455.863761
2023-09-07,274329968.612161
2023-09-08,271846574.550668
2023-09-09,269016104.665038
2023-09-10,254025212.935189
2023-09-11,245249181.768
2023-09-12,251634144.930224
2023-09-13,271587165.137907
2023-09-14,269521850.436547
2023-09-15,281456758.315138
2023-09-16,273955005.710653
2023-09-17,263148236.739614
2023-09-18,269992329.612567
2023-09-19,273750298.105996
2023-09-20,274070723.603938
2023-09-21,265082226.733784
2023-09-22,271505780.124814
2023-09-23,275164092.268192
2023-09-24,275499527.496734
2023-09-25,272343619.198252
2023-09-26,269239533.052678
2023-09-27,283089753.461105
2023-09-28,338329268.481714
2023-09-29,338097042.003016
2023-09-30,320837919.424095
2023-10-01,329039166.024982
2023-10-02,314666986.847074
2023-10-03,305016507.153976
2023-10-04,304312559.96731
2023-10-05,290683551.829481
2023-10-06,304469437.984273
2023-10-07,298595274.483474
2023-10-08,295642902.577285
2023-10-09,284229307.291764
2023-10-10,283032512.863186
2023-10-11,282686309.259501
2023-10-12,277634863.801632
2023-10-13,276878789.536359
2023-10-14,281080209.522608
2023-10-15,280289290.853282
2023-10-16,283144093.054633
2023-10-17,274684843.384262
2023-10-18,273050259.180471
2023-10-19,273838580.894367
2023-10-20,276467386.564137
2023-10-21,290751405.471289
2023-10-22,297461951.680273
2023-10-23,312509402.034001
2023-10-24,316206359.14102
2023-10-25,312285112.339344
2023-10-26,313062002.331179
2023-10-27,307721497.170535
2023-10-28,316653826.177618
2023-10-29,322368301.946227
2023-10-30,323583701.081034
2023-10-31,313197675.553926
2023-11-01,329903446.671549
2023-11-02,321727832.44071
2023-11-03,322185752.987183
2023-11-04,332518046.140877
2023-11-05,342164637.133668
2023-11-06,353131286.030292
2023-11-07,351488190.24074
2023-11-08,360381723.213919
2023-11-09,372205370.540745
2023-11-10,378006140.576882
2023-11-11,371820666.880483
2023-11-12,373092559.628624
2023-11-13,354197292.960644
2023-11-14,358799407.920865
2023-11-15,395751431.191098
2023-11-16,367523963.578419
2023-11-17,359631631.957803
2023-11-18,349614117.142157
2023-11-19,360149833.49348
2023-11-20,350329457.45821
2023-11-21,326721510.162415
2023-11-22,346051779.668746
2023-11-23,351935997.823219
2023-11-24,351126159.814944
2023-11-25,364787340.685737
2023-11-26,360307512.648265
2023-11-27,348097846.368058
2023-11-28,350062660.866357
2023-11-29,351293523.278021
2023-11-30,346608362.215229
2023-12-01,351841595.636993
2023-12-02,358877737.581117
2023-12-03,350949407.480766
2023-12-04,350370174.332827
2023-12-05,358939393.100502
2023-12-06,348255304.819411
2023-12-07,361806117.890268
2023-12-08,378480219.004641
2023-12-09,375303580.044875
2023-12-10,381379963.658669
2023-12-11,345824053.001758
2023-12-12,349838823.241031
2023-12-13,348638766.226739
2023-12-14,355128878.039756
2023-12-15,346670320.06907
2023-12-16,363821306.225154
2023-12-17,347458365.394779
2023-12-18,346153176.138758
2023-12-19,340669743.906463
2023-12-20,344368804.963457
2023-12-21,356014881.492054
2023-12-22,368480791.201718
2023-12-23,377673423.647069
2023-12-24,392166630.279248
2023-12-25,397952182.01361
2023-12-26,431946423.589959
2023-12-27,436475567.662002
2023-12-28,427904456.075314
2023-12-29,408902702.054895
2023-12-30,401229501.112207
2023-12-31,393755875.866173
2024-01-01,419375249.35089
2024-01-02,401759532.513706
2024-01-03,359788168.146534
2024-01-04,365357219.726047
2024-01-05,356198727.499032
2024-01-06,345859303.695367
2024-01-07,328512263.458115
2024-01-08,348118457.940969
2024-01-09,340939108.800443
2024-01-10,367198019.253512
2024-01-11,383323343.380424
2024-01-12,361340348.972212
2024-01-13,405580828.81431
2024-01-14,397549177.641007
2024-01-15,393602808.962459
2024-01-16,386235328.28632
2024-01-17,380832934.965012
2024-01-18,373509857.029745
2024-01-19,393315903.221443
2024-01-20,388304151.429177
2024-01-21,373215545.102846
2024-01-22,357934463.325384
2024-01-23,355042805.749536
2024-01-24,363400260.534054
2024-01-25,366711039.865271
2024-01-26,374503895.165497
2024-01-27,381293073.211117
2024-01-28,373344785.12933
2024-01-29,382864807.004424
2024-01-30,377480124.513396
2024-01-31,371363587.485314
2024-02-01,366372302.705812
2024-02-02,373982422.851858
2024-02-03,375966007.396077
2024-02-04,366147804.208502
2024-02-05,358045073.163639
2024-02-06,359874999.665033
2024-02-07,364860148.514559
2024-02-08,370294624.547708
2024-02-09,377730921.276183
2024-02-10,376335241.747763
2024-02-11,376249933.043227
2024-02-12,389371383.092347
2024-02-13,391059667.821894
2024-02-14,396233079.71013
2024-02-15,400206366.69791
2024-02-16,403246442.764091
2024-02-17,400859507.870568
2024-02-18,414181541.254652
2024-02-19,421914745.792528
2024-02-20,410070661.526092
2024-02-21,394506319.465343
2024-02-22,407429538.434882
2024-02-23,451803586.522561
2024-02-24,463947974.640178
2024-02-25,472057494.184584
2024-02-26,515128956.334217
2024-02-27,574678818.634388
2024-02-28,646959143.570972
2024-02-29,626196256.251201
2024-03-01,649780082.517868
2024-03-02,632190215.975671
2024-03-03,611586151.16098
2024-03-04,613287769.521453
2024-03-05,567487635.540635
2024-03-06,610209117.356437
2024-03-07,614970527.67363
2024-03-08,591442591.184539
2024-03-09,625720211.574581
2024-03-10,600234738.36718
2024-03-11,634788951.300378
2024-03-12,598789831.23509
2024-03-13,622454998.737557
2024-03-14,610154990.146818
2024-03-15,562915657.226792
2024-03-16,519437670.147493
2024-03-17,543882939.398806
2024-03-18,515316207.955363
2024-03-19,456799144.321211
2024-03-20,507956540.04945
2024-03-21,509747208.00993
2024-03-22,479864387.859037
2024-03-23,486680014.260527
2024-03-24,501473616.139828
2024-03-25,526826196.102411
2024-03-26,542541864.47195
2024-03-27,529961278.011318
2024-03-28,542788865.995059
2024-03-29,547826980.35118
2024-03-30,525316036.132477
2024-03-31,543091476.476253
2024-04-01,519787994.711138
2024-04-02,486366050.39879
2024-04-03,479781849.678704
2024-04-04,495218222.97773
2024-04-05,490503276.805245
2024-04-06,497640324.415204
2024-04-07,503058558.141272
2024-04-08,520403393.333418
2024-04-09,501553860.439101
2024-04-10,488072397.418249
2024-04-11,480022306.014858
2024-04-12,407632687.750214
2024-04-13,352746694.209854
2024-04-14,378584077.144815
2024-04-15,362326388.674347
2024-04-16,368773447.904148
2024-04-17,355444851.704323
2024-04-18,369515007.558826
2024-04-19,378044452.827804
2024-04-20,403765019.778305
2024-04-21,402013996.711666
2024-04-22,409869058.391556
2024-04-23,407558741.939781
2024-04-24,388903984.694538
2024-04-25,385178231.608288
2024-04-26,383054841.862091
2024-04-27,391669096.012108
2024-04-28,382491873.77044
2024-04-29,383028584.135071
2024-04-30,367097102.176768
2024-05-01,382225216.532486
2024-05-02,391392919.11182
2024-05-03,407893003.211416
2024-05-04,396398895.930682
2024-05-05,397486771.263451
2024-05-06,386062852.642566
2024-05-07,384337598.845178
2024-05-08,387005213.210114
2024-05-09,399766004.042616
2024-05-10,372634363.160425
2024-05-11,365016140.303979
2024-05-12,371192986.480747
2024-05-13,374079681.389514
2024-05-14,359334673.15877
2024-05-15,385128094.076987
2024-05-16,378924708.101107
2024-05-17,387986837.644261
2024-05-18,388600885.573537
2024-05-19,376444215.42798
2024-05-20,409789521.859315
2024-05-21,423160243.683775
2024-05-22,415956916.474726
2024-05-23,406904553.804189
2024-05-24,415332745.002433
2024-05-25,435976141.621113
2024-05-26,437809454.566378
2024-05-27,431303482.23986
2024-05-28,427513270.6076
2024-05-29,420131815.246073
2024-05-30,407816073.137462
2024-05-31,406466772.971507
2024-06-01,401487297.256088
2024-06-02,397125586.453822
2024-06-03,396085352.857846
2024-06-04,410289677.424291
2024-06-05,420380068.135039
2024-06-06,409500795.377244
2024-06-07,382935659.587036
2024-06-08,368479072.77396
2024-06-09,372564619.618155
2024-06-10,366542474.570804
2024-06-11,357244907.652966
2024-06-12,369887190.801426
2024-06-13,355037570.132043
2024-06-14,355982881.067084
2024-06-15,367712505.330838
2024-06-16,369057207.258916
2024-06-17,345765092.999514
2024-06-18,328335830.664984
2024-06-19,342418206.092951
2024-06-20,334723072.150557
2024-06-21,334678993.542799
2024-06-22,333763743.248648
2024-06-23,326642933.802589
2024-06-24,329460787.984825
2024-06-25,333853910.942085
2024-06-26,335998205.180385
2024-06-27,344679461.512208
2024-06-28,339399549.369633
2024-06-29,328429903.138162
2024-06-30,340042832.721357
2024-07-01,338914733.105575
2024-07-02,336450622.586295
2024-07-03,326323532.639323
2024-07-04,306785792.251216
2024-07-05,321380161.714544
2024-07-06,324477926.228996
2024-07-07,307684780.130079
2024-07-08,326645833.890904
2024-07-09,327462855.870611
2024-07-10,328889931.16938
2024-07-11,319262366.13427
2024-07-12,328111797.812339
2024-07-13,325887608.178399
2024-07-14,345059209.735837
2024-07-15,357265938.72047
2024-07-16,354578060.863181
2024-07-17,348295666.702001
2024-07-18,359043832.230844
2024-07-19,357155014.73812
2024-07-20,353816756.582552
2024-07-21,359588498.042567
2024-07-22,347104918.862527
2024-07-23,343018014.176043
2024-07-24,334764727.002226
2024-07-25,341098713.999375
2024-07-26,352271407.235629
2024-07-27,354823623.749974
2024-07-28,326369343.874091
2024-07-29,341065845.423656
2024-07-30,360687917.877484
2024-07-31,441481611.763392
2024-08-01,448425175.982034
2024-08-02,428062627.751542
2024-08-03,371823628.149194
2024-08-04,340813443.14635
2024-08-05,317038195.65958
2024-08-06,330052874.077983
2024-08-07,312956267.123832
2024-08-08,344267442.021995
2024-08-09,344486650.305597
2024-08-10,344951751.702558
2024-08-11,343813637.956888
2024-08-12,356500597.521661
2024-08-13,368864526.612265
2024-08-14,375334875.015784
2024-08-15,365064082.800662
2024-08-16,354583846.165443
2024-08-17,351193468.525407
2024-08-18,356604684.183413
2024-08-19,361768413.940117
2024-08-20,385701960.158861
2024-08-21,416962647.073841
2024-08-22,427561930.672449
2024-08-23,455695041.145407
2024-08-24,441375270.639501
2024-08-25,428982268.316279
2024-08-26,402626143.397292
2024-08-27,381360709.500288
2024-08-28,378811155.078792
2024-08-29,374831658.088076
2024-08-30,389785323.620685
2024-08-31,379205490.83836
2024-09-01,356533360.568978
2024-09-02,391015181.430522
2024-09-03,372143350.852805
2024-09-04,386687810.293775
2024-09-05,364077276.263212
2024-09-06,356825904.94398
2024-09-07,357212857.161844
2024-09-08,358953617.486118
2024-09-09,368658105.96537
2024-09-10,373884372.999096
2024-09-11,362220096.054955
2024-09-12,384471472.982793
2024-09-13,389017931.166847
2024-09-14,388454477.763331
2024-09-15,375278200.701635
2024-09-16,374711789.120793
2024-09-17,373686984.047653
2024-09-18,384192868.85703
2024-09-19,388508198.167315
2024-09-20,394816341.86442
2024-09-21,411494968.749247
2024-09-22,412902775.555004
2024-09-23,429793768.323279
2024-09-24,437481491.104874
2024-09-25,428979789.752482
2024-09-26,433142640.3047
2024-09-27,437454693.523166
2024-09-28,424961300.012118
2024-09-29,416303245.840783
2024-09-30,404137749.251927
2024-10-01,374559844.000034
2024-10-02,371224216.968249
2024-10-03,374025141.333763
2024-10-04,389090819.330014
2024-10-05,388781121.307206
2024-10-06,388467935.974308
2024-10-07,388791699.867983
2024-10-08,384539846.045957
2024-10-09,378168963.153204
2024-10-10,381190717.585846
2024-10-11,385805066.137643
2024-10-12,394642786.871796
2024-10-13,388956806.933697
2024-10-14,400634694.431302
2024-10-15,395214243.959738
2024-10-16,397092971.86733
2024-10-17,391377731.862903
2024-10-18,401177314.164546
2024-10-19,404470803.612309
2024-10-20,412554021.027428
2024-10-21,397408910.520737
2024-10-22,393307856.088909
2024-10-23,385838024.811487
2024-10-24,385590238.222788
2024-10-25,359963376.580052
2024-10-26,368705941.993382
2024-10-27,374683701.592474
2024-10-28,384902963.922646
2024-10-29,391983965.678319
2024-10-30,392740454.046992
2024-10-31,377764160.288697
2024-11-01,372671936.767323
2024-11-02,364061542.814494
2024-11-03,358139190.691223
2024-11-04,360660694.010938
2024-11-05,362288852.290507
2024-11-06,392851833.483769
2024-11-07,411512919.229476
2024-11-08,412322811.610628
2024-11-09,424429016.166905
2024-11-10,442016616.689558
2024-11-11,474150730.98279
2024-11-12,450985508.66457
2024-11-13,423997919.052529
2024-11-14,403772658.168168
2024-11-15,427910121.800435
2024-11-16,460742486.54123
2024-11-17,454581176.897227
2024-11-18,496244516.48051
2024-11-19,474559370.786934
2024-11-20,470909074.140749
2024-11-21,477831841.526618
2024-11-22,538600024.740965
2024-11-23,564760822.287951
2024-11-24,594665594.004675
2024-11-25,595476808.162322
2024-11-26,584169461.913019
2024-11-27,649812466.304245
2024-11-28,643069044.83954
2024-11-29,629701037.628448
2024-11-30,636923363.936567
2024-12-01,641104302.682627
2024-12-02,739406670.187597
2024-12-03,782085602.629509
2024-12-04,1078634292.138868
2024-12-05,1012511698.573592
2024-12-06,1044987551.686098
2024-12-07,1065409091.059843
2024-12-08,1052998278.08683
2024-12-09,867517587.352425
2024-12-10,845833122.311008
2024-12-11,916864053.000807
2024-12-12,992683927.346626
2024-12-13,974729773.449401
2024-12-14,941319463.346084
2024-12-15,975301167.266024
2024-12-16,934465504.794697
2024-12-17,889052420.306032
2024-12-18,800346677.81831
2024-12-19,719326806.447291
2024-12-20,751561234.363607
2024-12-21,713654579.946851
2024-12-22,706058492.831366
2024-12-23,751201577.098422
2024-12-24,774237792.768997
2024-12-25,767140108.588299
2024-12-26,703028079.03756
2024-12-27,695211863.361204
2024-12-28,718148178.643079
2024-12-29,685039366.424673
2024-12-30,672471687.046388
2024-12-31,649579566.195187
2025-01-01,688169254.827623
2025-01-02,695769055.765992
2025-01-03,754714424.356506
2025-01-04,754093768.799094
2025-01-05,753459194.640341
2025-01-06,752201751.120053
2025-01-07,670357630.946249
2025-01-08,644351353.772214
2025-01-09,632538043.943443
2025-01-10,684783940.055918
2025-01-11,708500576.45192
2025-01-12,686291996.127032
2025-01-13,646212218.419116
2025-01-14,677347781.785748
2025-01-15,739553619.55293
2025-01-16,713163706.860368
2025-01-17,796360871.385782
2025-01-18,745359175.902819
2025-01-19,712589271.645284
2025-01-20,725723217.658574
2025-01-21,708866440.428915
2025-01-22,674094645.111244
2025-01-23,686614387.383415
2025-01-24,673935481.299199
2025-01-25,664923249.216797
2025-01-26,643156251.410051
2025-01-27,625028157.138597
2025-01-28,597509288.637499
2025-01-29,611089772.865433
2025-01-30,625519037.232582
2025-01-31,618237159.181129
2025-02-01,568782015.263016
2025-02-02,492929687.468204
2025-02-03,508536708.284899
2025-02-04,473046586.320461
2025-02-05,442910754.852207
2025-02-06,427838977.467816
2025-02-07,454039587.869002
2025-02-08,451318821.2034
2025-02-09,453345771.496351
2025-02-10,483150853.790193
2025-02-11,496685814.98766
2025-02-12,515335067.156035
2025-02-13,497377685.186998
2025-02-14,518484060.924109
2025-02-15,501624672.479531
2025-02-16,487667300.683593
2025-02-17,494512337.435145
2025-02-18,469700902.360605
2025-02-19,486193770.056588
2025-02-20,490439952.377772
2025-02-21,470517399.012455
2025-02-22,499348218.950373
2025-02-23,491351321.533041
2025-02-24,446727501.147019
2025-02-25,454688145.433647
2025-02-26,449243538.920444
2025-02-27,461216876.596702
2025-02-28,451402617.9513
2025-03-01,445486592.767453
2025-03-02,480654727.844255
2025-03-03,415811155.153356
2025-03-04,438171816.042018
2025-03-05,457385030.758493
2025-03-06,433225187.073006
2025-03-07,448086036.188123
2025-03-08,432271246.184092
2025-03-09,384486297.664841
2025-03-10,366901293.783852
2025-03-11,358845990.743678
2025-03-12,372244079.977161
2025-03-13,355414233.965845
2025-03-14,369736996.180125
2025-03-15,375709147.801336
2025-03-16,372585408.06121
2025-03-17,385723969.855578
2025-03-18,386597727.199021
2025-03-19,394971947.173343
2025-03-20,383279764.11276
2025-03-21,372300524.666178
2025-03-22,385744733.967788
2025-03-23,381305975.515273
2025-03-24,397374660.39591
2025-03-25,398341783.232375
2025-03-26,397221074.66712
2025-03-27,398566298.536603
2025-03-28,366394540.709597
2025-03-29,345641342.131804
2025-03-30,349472166.134976
2025-03-31,354107894.152849
2025-04-01,397833134.736159
2025-04-02,398001249.371824
2025-04-03,418671904.102862
2025-04-04,398198428.221249
2025-04-05,397937832.351715
2025-04-06,354976292.313933
2025-04-07,353913906.391079
2025-04-08,329373897.579885
2025-04-09,357550701.437107
2025-04-10,350104073.852754
2025-04-11,361255274.645274
2025-04-12,376129736.850069
2025-04-13,362019230.478306
2025-04-14,359239474.24896
2025-04-15,354842206.46173
2025-04-16,351064616.492567
2025-04-17,349666014.859854
2025-04-18,353274982.33828
2025-04-19,362152034.00873
2025-04-20,359813009.166232
2025-04-21,356440526.130216
2025-04-22,382713244.248781
2025-04-23,385040905.578467
2025-04-24,391686396.075973
2025-04-25,391839339.064899
2025-04-26,395041127.146839
2025-04-27,381205630.907353
2025-04-28,381825210.316523
2025-04-29,365453471.86181
2025-04-30,363234865.156277
2025-05-01,360211861.72886
2025-05-02,372869331.814486
2025-05-03,358469938.432974
2025-05-04,354460486.431055
2025-05-05,351070406.457067
2025-05-06,345174584.258047
2025-05-07,350083812.047625
2025-05-08,391272178.75273
2025-05-09,408323488.076044
2025-05-10,440916652.16985
2025-05-11,432110884.380579
2025-05-12,424432034.220322
2025-05-13,437800765.553257
2025-05-14,416328782.813782
2025-05-15,399955863.49741
2025-05-16,415157573.880117
2025-05-17,388159007.00606
2025-05-18,403355364.719978
2025-05-19,387400099.753185
2025-05-20,386550929.729536
2025-05-21,399060852.768975
2025-05-22,407003131.031936
2025-05-23,380267402.506359
2025-05-24,379980759.561077
2025-05-25,381402926.463656
2025-05-26,381852314.133123
2025-05-27,385100527.298459
2025-05-28,387104920.427889
2025-05-29,392890566.655508
2025-05-30,363680797.422457
2025-05-31,369191396.398396
2025-06-01,370567727.924464
2025-06-02,375944271.539071
2025-06-03,403127432.751597
2025-06-04,406542104.243507
2025-06-05,384196833.638201
2025-06-06,404716666.882997
2025-06-07,415828379.757084
2025-06-08,415214192.292661
2025-06-09,465527480.172521
2025-06-10,550283089.201311
2025-06-11,544873470.102533
2025-06-12,496569714.753584
2025-06-13,509241567.355375
2025-06-14,477536096.024091
2025-06-15,480558485.558469
2025-06-16,499443023.231708
2025-06-17,457924800.125151
2025-06-18,456349659.886268
2025-06-19,468322571.586816
2025-06-20,443876782.996028
2025-06-21,420717521.854952
2025-06-22,419321105.346934
2025-06-23,450695299.010055
2025-06-24,431176022.889391
2025-06-25,424054356.327289
2025-06-26,421970921.603751
2025-06-27,427262225.892238
2025-06-28,424894799.093012
2025-06-29,432686849.18595
2025-06-30,412708107.510791
2025-07-01,390875716.190957
2025-07-02,411849721.815644
2025-07-03,403421339.625757
2025-07-04,386468783.730295
2025-07-05,385805080.764133
2025-07-06,388924924.515517
2025-07-07,382333688.383832
2025-07-08,384996295.538132
2025-07-09,433724028.916751
2025-07-10,451645449.866287
2025-07-11,438578941.429575
2025-07-12,435416636.534295
2025-07-13,437353147.170741
2025-07-14,457877559.903345
2025-07-15,460687341.610441
2025-07-16,471133748.554696
2025-07-17,472250823.943604
2025-07-18,483553934.364048
2025-07-19,486306965.365321
2025-07-20,505902380.121137
2025-07-21,507034759.201579
2025-07-22,495921431.371496
2025-07-23,471575899.204241
2025-07-24,449532888.871947
2025-07-25,457621617.643487
2025-07-26,462818463.63085
2025-07-27,481446250.719791
2025-07-28,454019849.324533
2025-07-29,446535690.803684
2025-07-30,442167673.68116
2025-07-31,423101580.181887
2025-08-01,413861717.24715
2025-08-02,416751532.16372
2025-08-03,421658070.455798
2025-08-04,442581860.031799
2025-08-05,430366295.573101
2025-08-06,434244462.01306
2025-08-07,454778498.008653
2025-08-08,465083188.152709
2025-08-09,521073975.172008
2025-08-10,508996701.279202
2025-08-11,478804131.811262
2025-08-12,499175073.848056
2025-08-13,507782996.463148
2025-08-14,458340185.115492
2025-08-15,448467303.380865
2025-08-16,454995676.199316
2025-08-17,455648948.803814
2025-08-18,441610514.720484
2025-08-19,423158906.206111
2025-08-20,438751065.7433
2025-08-21,423300635.297705
2025-08-22,467595759.304264
2025-08-23,460003552.171063
2025-08-24,440339892.656545
2025-08-25,405370236.311189
2025-08-26,421480351.064886
2025-08-27,415218192.742942
2025-08-28,422048590.244334
2025-08-29,407922561.230715
2025-08-30,407867706.502566
2025-08-31,402114408.571325
2025-09-01,399143377.713074
2025-09-02,409594257.924669
2025-09-03,409266619.649093
2025-09-04,399662554.700337
2025-09-05,410928995.83379
2025-09-06,400618771.282507
2025-09-07,404858069.158836
2025-09-08,411722161.751862
2025-09-09,410095090.838814
2025-09-10,415641880.291245
2025-09-11,426785880.270613
2025-09-12,433223356.661872
2025-09-13,443894663.343351
2025-09-14,424951054.061173
2025-09-15,418202827.775148
2025-09-16,424131789.876479
2025-09-17,434457203.175438
2025-09-18,435602681.125198
2025-09-19,415837594.223456
2025-09-20,423052633.866479
2025-09-21,421137101.537239
2025-09-22,400010143.974103
2025-09-23,390832928.509993
2025-09-24,393158386.725041
2025-09-25,374393669.363023
2025-09-26,388838442.762321
2025-09-27,388007999.788148
2025-09-28,395799755.253616
2025-09-29,406181076.09982
2025-09-30,402263269.125678
2025-10-01,417369645.111265
2025-10-02,425530997.919802
2025-10-03,425546490.008169
2025-10-04,413994908.70841
2025-10-05,416722617.59433
2025-10-06,426014147.74575
2025-10-07,409063592.882786
2025-10-08,414848885.902516
2025-10-09,407751661.098391
2025-10-10,294323015.170529
2025-10-11,311779168.447732
2025-10-12,336252726.062137
2025-10-13,350536973.776023
2025-10-14,354895518.411622
2025-10-15,340700795.862968
2025-10-16,329508455.63642
2025-10-17,324562655.199806
2025-10-18,350144471.332956
2025-10-19,359828824.073682
2025-10-20,363812232.28073
2025-10-21,354782884.334154
2025-10-22,351683359.994722
2025-10-23,362943816.392745
2025-10-24,368964538.799386
2025-10-25,371960836.530248
2025-10-26,375953586.631162
2025-10-27,361749870.984638
2025-10-28,350223026.893533
2025-10-29,354924111.669368
2025-10-30,336825112.680977
2025-10-31,337178161.341461
2025-11-01,343411490.176778
2025-11-02,344481847.562381
2025-11-03,314895696.322016
2025-11-04,301516809.245127
2025-11-05,311095171.999897
2025-11-06,305777845.645561
2025-11-07,335223023.046683
2025-11-08,331150461.45643
2025-11-09,333005530.538159
2025-11-10,339522875.725381
2025-11-11,316900487.051561
2025-11-12,317065403.086929
2025-11-13,323417893.616462
2025-11-14,310833520.703137
2025-11-15,316423977.226193
2025-11-16,309055754.235698
2025-11-17,304844581.769259
2025-11-18,308098034.788364
2025-11-19,305130851.500068
2025-11-20,286583718.076251
2025-11-21,279714293.445218
2025-11-22,278233546.047152
2025-11-23,276016073.407703
2025-11-24,287031940.30886
2025-11-25,290941623.596546
2025-11-26,292688825.557832
2025-11-27,291217050.967745
2025-11-28,325118573.779545
2025-11-29,308598724.009199
2025-11-30,339309038.797955
2025-12-01,331425758.452994
2025-12-02,346972224.020156
2025-12-03,346509250.626156
2025-12-04,330431899.839349
2025-12-05,303797003.64105
2025-12-06,302703166.754235
2025-12-07,292895489.815602
2025-12-08,302344489.846128
2025-12-09,308413745.862716
2025-12-10,301575147.264305
2025-12-11,291991522.768405
2025-12-12,284636782.08527
2025-12-13,294957526.93536
2025-12-14,276463777.360471
2025-12-15,264677564.429491
2025-12-16,261350941.357171
2025-12-17,250565857.016383
2025-12-18,237341694.609246
2025-12-19,243309979.092693
2025-12-20,237669446.931631
2025-12-21,231715253.003163
2025-12-22,235512994.785201
2025-12-23,241136379.392627
2025-12-24,246599922.437243
2025-12-25,248013188.641725
2025-12-26,253002594.570451
2025-12-27,261757129.45982
2025-12-28,250245934.728191
2025-12-29,247268451.896868
2025-12-30,245381306.434907
2025-12-31,239610652.031114
2026-01-01,244685409.250774
2026-01-02,251998927.432445
2026-01-03,255204417.055662
2026-01-04,257442146.715358
2026-01-05,261476494.714411
2026-01-06,266792116.216436
2026-01-07,259110211.34367
2026-01-08,258263843.302818
2026-01-09,260032422.071223
2026-01-10,254796695.867204
2026-01-11,252566170.268374
2026-01-12,251592675.645729
2026-01-13,260977364.306268
2026-01-14,264767467.027365
2026-01-15,258100030.724763
2026-01-16,261283227.591465
2026-01-17,259983942.200386
2026-01-18,251683131.677238
2026-01-19,248051458.471361
2026-01-20,233654175.985129
2026-01-21,234417425.882402
2026-01-22,233987891.457387
2026-01-23,233588220.60536
2026-01-24,230425501.631674
2026-01-25,227515486.760228
2026-01-26,231025219.635927
2026-01-27,230998272.486933
2026-01-28,232546935.846006
2026-01-29,219396627.754176
2026-01-30,212165734.166704
2026-01-31,190344337.377852
2026-02-01,185747762.28465
2026-02-02,190535025.517166
2026-02-03,191395112.988362
2026-02-04,188880227.419444
2026-02-05,159571473.696955
2026-02-06,170379320.718882
2026-02-07,169697885.837596
2026-02-08,163862386.515302
2026-02-09,163613718.483001
2026-02-10,157628083.064982
2026-02-11,153641047.393259
2026-02-12,156817586.652825
2026-02-13,207458607.645517
2026-02-14,198485084.775973
2026-02-15,199251061.334797
2026-02-16,191349664.411646
2026-02-17,184740428.419497
2026-02-18,172030504.917951
2026-02-19,173973801.94401
2026-02-20,176151775.380018
2026-02-21,174304223.768765
2026-02-22,169727177.851848
2026-02-23,166600214.860821
2026-02-24,171959484.64633
2026-02-25,178895948.692841
2026-02-26,181553633.030422
2026-02-27,178228841.320791
2026-02-28,175449084.610014
2026-03-01,170422504.700348
2026-03-02,169888166.831252
2026-03-03,166742430.775792
2026-03-04,175192136.700556
2026-03-05,174753012.087426
2026-03-06,168451067.685563
2026-03-07,166332303.169346
2026-03-08,161658850.953527
2026-03-09,159746902.121957
2026-03-10,160871064.211444
2026-03-11,176737602.155124
2026-03-12,172838045.473523
2026-03-13,179384635.256897
2026-03-14,179002528.43706
2026-03-15,184564803.277449
2026-03-16,188967618.662407
2026-03-17,186552928.554701
2026-03-18,182482651.158229
2026-03-19,184966044.4605
2026-03-20,183957549.812422
2026-03-21,184047095.866989
2026-03-22,178112294.496701
2026-03-23,185385574.481165
2026-03-24,189562329.078297
2026-03-25,189084805.540168
2026-03-26,182351813.072212
2026-03-27,177518905.98394
2026-03-28,177024938.039686
2026-03-29,172922067.856057
2026-03-30,168258051.119761
2026-03-31,170517633.241952
2026-04-01,162345876.922654
2026-04-02,160419817.713049
2026-04-03,163783310.312288
2026-04-04,162860019.652037
2026-04-05,163107200.11606
2026-04-06,161663877.239244