Date,Curve - Circulating market cap ($)
2023-04-08,816892113.885287
2023-04-09,807643851.233925
2023-04-10,819761014.65502
2023-04-11,813591946.894421
2023-04-12,821460674.446744
2023-04-13,852825559.35224
2023-04-14,872245775.685095
2023-04-15,873681440.373127
2023-04-16,886969832.29436
2023-04-17,844028013.984249
2023-04-18,864972481.642514
2023-04-19,768536797.447455
2023-04-20,760240146.649076
2023-04-21,742774046.091505
2023-04-22,756970751.934909
2023-04-23,762574929.495571
2023-04-24,748940891.544369
2023-04-25,760660077.911227
2023-04-26,743232774.514121
2023-04-27,763963526.406149
2023-04-28,749117956.692136
2023-04-29,758043350.082616
2023-04-30,739924873.046782
2023-05-01,716421024.764264
2023-05-02,736164135.19179
2023-05-03,788613618.448915
2023-05-04,754125939.355452
2023-05-05,775616086.098738
2023-05-06,733097240.830172
2023-05-07,724752181.087982
2023-05-08,676955624.029984
2023-05-09,680250454.254099
2023-05-10,683236399.25728
2023-05-11,651878368.07484
2023-05-12,664726767.64849
2023-05-13,661948361.696128
2023-05-14,656735443.738874
2023-05-15,676317083.111143
2023-05-16,678971175.463496
2023-05-17,683306955.801262
2023-05-18,677587224.970846
2023-05-19,678303921.993182
2023-05-20,678599944.44392
2023-05-21,684830862.493794
2023-05-22,695650475.532811
2023-05-23,707680786.807084
2023-05-24,684179465.278092
2023-05-25,675485363.552694
2023-05-26,700697330.53988
2023-05-27,695506091.118402
2023-05-28,707596661.224861
2023-05-29,700198880.911332
2023-05-30,688825259.469644
2023-05-31,669941075.904998
2023-06-01,666327341.764491
2023-06-02,702900650.219492
2023-06-03,701312138.004006
2023-06-04,697905161.322339
2023-06-05,639522183.649514
2023-06-06,653340227.776092
2023-06-07,616421782.90868
2023-06-08,623020984.591368
2023-06-09,617779291.567993
2023-06-10,572628891.389469
2023-06-11,568710325.386183
2023-06-12,541884693.590986
2023-06-13,552494393.845913
2023-06-14,488762360.299184
2023-06-15,516396716.292112
2023-06-16,531076881.201679
2023-06-17,529062586.165722
2023-06-18,532472729.829444
2023-06-19,537826226.811272
2023-06-20,565411867.040971
2023-06-21,588128327.338793
2023-06-22,572564790.093028
2023-06-23,590312029.077926
2023-06-24,572723726.308974
2023-06-25,603765433.370137
2023-06-26,581109290.01185
2023-06-27,595006297.178624
2023-06-28,568289279.374353
2023-06-29,615753562.578959
2023-06-30,658047894.886271
2023-07-01,672974378.227104
2023-07-02,660112648.594487
2023-07-03,679352122.45046
2023-07-04,702553096.366672
2023-07-05,679456168.156042
2023-07-06,634383604.573753
2023-07-07,683778409.411048
2023-07-08,674338375.952262
2023-07-09,689429539.891495
2023-07-10,699972222.639767
2023-07-11,690299440.044172
2023-07-12,681744717.179322
2023-07-13,733636160.36975
2023-07-14,713500589.282452
2023-07-15,714108364.579541
2023-07-16,704430825.22726
2023-07-17,703938849.480212
2023-07-18,681769728.639089
2023-07-19,677765356.685526
2023-07-20,684983812.002201
2023-07-21,670128812.722486
2023-07-22,654232105.771015
2023-07-23,662455831.153902
2023-07-24,635228647.974076
2023-07-25,633925873.069428
2023-07-26,637937908.647787
2023-07-27,636269696.973879
2023-07-28,638698282.312657
2023-07-29,646399369.102681
2023-07-30,554826865.788314
2023-07-31,508074733.565959
2023-08-01,540559616.814539
2023-08-02,511386713.532442
2023-08-03,512996855.332893
2023-08-04,535794318.023429
2023-08-05,541014451.600592
2023-08-06,531371796.265701
2023-08-07,533724312.044932
2023-08-08,522268328.298282
2023-08-09,536441188.315802
2023-08-10,529097417.122792
2023-08-11,518842478.323362
2023-08-12,508578993.722922
2023-08-13,502760477.38471
2023-08-14,506643374.754226
2023-08-15,476968106.534465
2023-08-16,464239553.331716
2023-08-17,421681990.518974
2023-08-18,421292129.800639
2023-08-19,429617136.972716
2023-08-20,427375805.184986
2023-08-21,411305458.638672
2023-08-22,404902503.144379
2023-08-23,399663363.554763
2023-08-24,386601470.861272
2023-08-25,388490974.933998
2023-08-26,388198890.66737
2023-08-27,396432554.302385
2023-08-28,422190841.780561
2023-08-29,418301822.61963
2023-08-30,410157521.562982
2023-08-31,392818733.533834
2023-09-01,381607066.532333
2023-09-02,380384921.664527
2023-09-03,378591756.495359
2023-09-04,378537513.420364
2023-09-05,385292939.493549
2023-09-06,390594900.062161
2023-09-07,386516715.47244
2023-09-08,382343256.264214
2023-09-09,384257104.556484
2023-09-10,370657814.514499
2023-09-11,356645402.436217
2023-09-12,351545796.642607
2023-09-13,365937371.463336
2023-09-14,367822604.846416
2023-09-15,381834239.190779
2023-09-16,383395471.30833
2023-09-17,379043775.30871
2023-09-18,373941867.309203
2023-09-19,390207548.459567
2023-09-20,388478661.945658
2023-09-21,390445628.652537
2023-09-22,430808916.528592
2023-09-23,415428113.811973
2023-09-24,452305577.85402
2023-09-25,457492686.246874
2023-09-26,460319235.997862
2023-09-27,454242914.099608
2023-09-28,453873060.183674
2023-09-29,457071831.757936
2023-09-30,453541673.433878
2023-10-01,471901000.661094
2023-10-02,440414478.912846
2023-10-03,429595259.890248
2023-10-04,425498738.979689
2023-10-05,410801677.109979
2023-10-06,416960703.082578
2023-10-07,415180858.676797
2023-10-08,417782797.98402
2023-10-09,397185774.103985
2023-10-10,383768639.6437
2023-10-11,382266960.870835
2023-10-12,379524523.612461
2023-10-13,394905572.562441
2023-10-14,393370412.492332
2023-10-15,394268749.796205
2023-10-16,403387540.568843
2023-10-17,389279568.257633
2023-10-18,380204220.735284
2023-10-19,368405463.762115
2023-10-20,376241910.919391
2023-10-21,391828769.70996
2023-10-22,399835525.143153
2023-10-23,420711075.818928
2023-10-24,427353658.864876
2023-10-25,426718133.899022
2023-10-26,426578340.620153
2023-10-27,417970263.115881
2023-10-28,430134487.150993
2023-10-29,440467399.875732
2023-10-30,437316861.546128
2023-10-31,429924174.815295
2023-11-01,465965281.045112
2023-11-02,457636587.146173
2023-11-03,477293404.817043
2023-11-04,499666634.506309
2023-11-05,510297530.708223
2023-11-06,515740844.437232
2023-11-07,507998992.490998
2023-11-08,521402803.554403
2023-11-09,500953926.968205
2023-11-10,547104727.732249
2023-11-11,562351246.571322
2023-11-12,575845892.47587
2023-11-13,529365879.722903
2023-11-14,523278273.377785
2023-11-15,558502700.91738
2023-11-16,522350998.853291
2023-11-17,520381765.001696
2023-11-18,515751888.135655
2023-11-19,528549944.234349
2023-11-20,521010531.522681
2023-11-21,482918362.755612
2023-11-22,536544847.781323
2023-11-23,531485325.067367
2023-11-24,540921619.470886
2023-11-25,551538808.215249
2023-11-26,537509711.731154
2023-11-27,516224169.607468
2023-11-28,519438663.890371
2023-11-29,509164486.984983
2023-11-30,516625309.142955
2023-12-01,527867820.261227
2023-12-02,563245960.119355
2023-12-03,557385444.952876
2023-12-04,562701182.574439
2023-12-05,585236894.128125
2023-12-06,561406410.97408
2023-12-07,602481700.839212
2023-12-08,642949620.543645
2023-12-09,626212849.4297
2023-12-10,669493171.049512
2023-12-11,611510534.278984
2023-12-12,603949097.821618
2023-12-13,598781937.934058
2023-12-14,605589486.725389
2023-12-15,596206996.083898
2023-12-16,595854865.143746
2023-12-17,617861859.374708
2023-12-18,579649532.0725
2023-12-19,543119381.674818
2023-12-20,545545808.931997
2023-12-21,609847434.711992
2023-12-22,630013680.451441
2023-12-23,634293445.054168
2023-12-24,636219116.714785
2023-12-25,661385881.410646
2023-12-26,650146240.717223
2023-12-27,688340790.186672
2023-12-28,722932414.380658
2023-12-29,657745270.499196
2023-12-30,658820104.868648
2023-12-31,638508244.484172
2024-01-01,663567155.766371
2024-01-02,662739287.604171
2024-01-03,605852139.19567
2024-01-04,617058120.32955
2024-01-05,606023483.165251
2024-01-06,580408183.774032
2024-01-07,547532154.466147
2024-01-08,587219693.418506
2024-01-09,553918246.326916
2024-01-10,606724578.326569
2024-01-11,626103698.484781
2024-01-12,589822095.619278
2024-01-13,599776832.832342
2024-01-14,572922279.962872
2024-01-15,579733783.249626
2024-01-16,591483695.425041
2024-01-17,579910145.757561
2024-01-18,547725089.065144
2024-01-19,568068196.390042
2024-01-20,566967889.550872
2024-01-21,576887052.993677
2024-01-22,537602624.884153
2024-01-23,506352472.606852
2024-01-24,484774248.746435
2024-01-25,491344195.097483
2024-01-26,500919017.676704
2024-01-27,519443755.950443
2024-01-28,508387837.093948
2024-01-29,523153476.359039
2024-01-30,518951556.402799
2024-01-31,495444341.252313
2024-02-01,489338619.817319
2024-02-02,506804974.663817
2024-02-03,524768198.357414
2024-02-04,497564750.026324
2024-02-05,514968851.301049
2024-02-06,513630772.424059
2024-02-07,535021056.838268
2024-02-08,530114016.26447
2024-02-09,554392823.263725
2024-02-10,547093901.392455
2024-02-11,543130414.188795
2024-02-12,577185878.889218
2024-02-13,568966895.455753
2024-02-14,582645984.8187
2024-02-15,601321330.133158
2024-02-16,602444015.243903
2024-02-17,587332048.9811
2024-02-18,598231229.618492
2024-02-19,626402555.872734
2024-02-20,624617955.099888
2024-02-21,621087524.681391
2024-02-22,618325842.941354
2024-02-23,667265772.902483
2024-02-24,674062893.406256
2024-02-25,674349193.447748
2024-02-26,674056304.752743
2024-02-27,671053525.90011
2024-02-28,674154450.057021
2024-02-29,681630889.25697
2024-03-01,741644140.714146
2024-03-02,780983745.94454
2024-03-03,762215591.347236
2024-03-04,878138209.683931
2024-03-05,772043572.106795
2024-03-06,919167445.505191
2024-03-07,907842215.982184
2024-03-08,876249406.063247
2024-03-09,898775981.148871
2024-03-10,932628997.826796
2024-03-11,985796551.104044
2024-03-12,953349599.236531
2024-03-13,994446646.938482
2024-03-14,955937576.475683
2024-03-15,888853082.3706
2024-03-16,794178112.241894
2024-03-17,799282403.426231
2024-03-18,759903611.792504
2024-03-19,698644267.85503
2024-03-20,777660514.469808
2024-03-21,780955714.248232
2024-03-22,770577230.22569
2024-03-23,774555200.05239
2024-03-24,789404775.472495
2024-03-25,820184218.272341
2024-03-26,828324741.19132
2024-03-27,804724466.371152
2024-03-28,817469390.534015
2024-03-29,821889724.738304
2024-03-30,796572902.893334
2024-03-31,807734529.359227
2024-04-01,769495791.355085
2024-04-02,712850797.624646
2024-04-03,708584208.860432
2024-04-04,736040832.124227
2024-04-05,725863013.423612
2024-04-06,734564397.59144
2024-04-07,749923638.31384
2024-04-08,772304746.596696
2024-04-09,733569759.986258
2024-04-10,728897557.705165
2024-04-11,713109109.612808
2024-04-12,569086829.523406
2024-04-13,503601595.411695
2024-04-14,536998256.179908
2024-04-15,506319205.567699
2024-04-16,512710255.90129
2024-04-17,505244436.893785
2024-04-18,513696257.749466
2024-04-19,518038493.21291
2024-04-20,549573308.008263
2024-04-21,539400021.631482
2024-04-22,557113869.147894
2024-04-23,551390553.392342
2024-04-24,520147409.178854
2024-04-25,527528837.284393
2024-04-26,524086689.446035
2024-04-27,531860152.47076
2024-04-28,526987922.493742
2024-04-29,521283608.791356
2024-04-30,491798638.661329
2024-05-01,503756754.227058
2024-05-02,509742087.717513
2024-05-03,529216876.541834
2024-05-04,526095432.622016
2024-05-05,537738331.801158
2024-05-06,522191669.913391
2024-05-07,510364429.069858
2024-05-08,532702301.152758
2024-05-09,539328022.701752
2024-05-10,509149059.477052
2024-05-11,509674953.543705
2024-05-12,506074285.580109
2024-05-13,502277033.049494
2024-05-14,485102171.233138
2024-05-15,514746367.070951
2024-05-16,511231989.782154
2024-05-17,522955533.219892
2024-05-18,528555877.86159
2024-05-19,509008016.294059
2024-05-20,563223970.453265
2024-05-21,587652955.982257
2024-05-22,569598973.492056
2024-05-23,562487110.585847
2024-05-24,600164525.954849
2024-05-25,606018251.096685
2024-05-26,587180830.781357
2024-05-27,604654765.347579
2024-05-28,600406614.01402
2024-05-29,587881971.878963
2024-05-30,572425970.67097
2024-05-31,567271154.201081
2024-06-01,576132761.196813
2024-06-02,555121125.315904
2024-06-03,559816018.972089
2024-06-04,573050147.095896
2024-06-05,582198019.297677
2024-06-06,567959445.613136
2024-06-07,520442693.000948
2024-06-08,494895176.326951
2024-06-09,516136780.132469
2024-06-10,474442596.645119
2024-06-11,434893719.325263
2024-06-12,446415652.1197
2024-06-13,364086526.565347
2024-06-14,356288576.331403
2024-06-15,390658430.752527
2024-06-16,412419723.566945
2024-06-17,394958897.98479
2024-06-18,418026081.674836
2024-06-19,407043381.38043
2024-06-20,431909437.320062
2024-06-21,412044184.258395
2024-06-22,429491741.620744
2024-06-23,416066078.708264
2024-06-24,409537986.236937
2024-06-25,407842593.611748
2024-06-26,371445688.170832
2024-06-27,365514705.089156
2024-06-28,348844905.004731
2024-06-29,343762301.36808
2024-06-30,356359273.712359
2024-07-01,352085416.978037
2024-07-02,353813462.091977
2024-07-03,338461703.986122
2024-07-04,304208337.88373
2024-07-05,287539495.627307
2024-07-06,319325224.943123
2024-07-07,304249183.112621
2024-07-08,345926460.604371
2024-07-09,340604754.744461
2024-07-10,349190956.758017
2024-07-11,319620138.782037
2024-07-12,333714859.541813
2024-07-13,348462828.513906
2024-07-14,342527124.284166
2024-07-15,362099766.493049
2024-07-16,341204006.659936
2024-07-17,337231193.054548
2024-07-18,329790440.449167
2024-07-19,354306534.612349
2024-07-20,348171349.972341
2024-07-21,346166702.85699
2024-07-22,322065930.514741
2024-07-23,325065086.034782
2024-07-24,308684030.801966
2024-07-25,300531695.649521
2024-07-26,316856856.483989
2024-07-27,319065099.71405
2024-07-28,313682846.907429
2024-07-29,307837939.877305
2024-07-30,306253331.917682
2024-07-31,309685178.582294
2024-08-01,339100632.459725
2024-08-02,339412474.048408
2024-08-03,297820669.785331
2024-08-04,289235944.746301
2024-08-05,246912168.630313
2024-08-06,268482639.217632
2024-08-07,271931918.098709
2024-08-08,298277226.443089
2024-08-09,293221600.918113
2024-08-10,298299480.339468
2024-08-11,286335276.423607
2024-08-12,356021216.79618
2024-08-13,357962105.415671
2024-08-14,379231171.076103
2024-08-15,369183598.314671
2024-08-16,383883043.196757
2024-08-17,368970026.005643
2024-08-18,361377721.36389
2024-08-19,355467727.837872
2024-08-20,388334216.123111
2024-08-21,394492682.927594
2024-08-22,381860106.375007
2024-08-23,398578156.583196
2024-08-24,408984410.082013
2024-08-25,389188663.702633
2024-08-26,367407887.065096
2024-08-27,344574709.60093
2024-08-28,343065144.715912
2024-08-29,336775919.758321
2024-08-30,341876124.120893
2024-08-31,331070038.698007
2024-09-01,310136115.576701
2024-09-02,332930419.462424
2024-09-03,311763625.400454
2024-09-04,346476435.264209
2024-09-05,333040228.468882
2024-09-06,312341117.567939
2024-09-07,305938343.245179
2024-09-08,329744111.010698
2024-09-09,337136244.237156
2024-09-10,334276425.657811
2024-09-11,329317509.171963
2024-09-12,338974357.087478
2024-09-13,339958081.261898
2024-09-14,329009398.027936
2024-09-15,317015150.854672
2024-09-16,314781684.952656
2024-09-17,323386847.695616
2024-09-18,338637382.276116
2024-09-19,333578838.035903
2024-09-20,366882693.395813
2024-09-21,357333376.255523
2024-09-22,355163141.76116
2024-09-23,354669944.99299
2024-09-24,367708748.718242
2024-09-25,362554237.385938
2024-09-26,359979393.311725
2024-09-27,382328717.223251
2024-09-28,368799940.262108
2024-09-29,359791592.081327
2024-09-30,332357104.778443
2024-10-01,311840464.018354
2024-10-02,305189825.076631
2024-10-03,311240507.261885
2024-10-04,311503359.396455
2024-10-05,305112212.284869
2024-10-06,312732045.124239
2024-10-07,307860378.236235
2024-10-08,304355058.189885
2024-10-09,311471173.380737
2024-10-10,311153506.73594
2024-10-11,311986608.27149
2024-10-12,313966478.367273
2024-10-13,309750419.641753
2024-10-14,324392026.694459
2024-10-15,316056814.63076
2024-10-16,311183991.69841
2024-10-17,313023396.815194
2024-10-18,321063260.593974
2024-10-19,323934021.767429
2024-10-20,332034762.761982
2024-10-21,318521790.837661
2024-10-22,314103006.319841
2024-10-23,306948019.76957
2024-10-24,302968604.6656
2024-10-25,282439165.188134
2024-10-26,290471724.162594
2024-10-27,294465371.947261
2024-10-28,296490152.130196
2024-10-29,314702057.16903
2024-10-30,315532149.711681
2024-10-31,306708708.220688
2024-11-01,301088034.633563
2024-11-02,287906614.655443
2024-11-03,280308217.012088
2024-11-04,272447886.378009
2024-11-05,288059263.672734
2024-11-06,314306141.604594
2024-11-07,318844353.140479
2024-11-08,328816422.245913
2024-11-09,336443000.887438
2024-11-10,344885646.455811
2024-11-11,359338256.167944
2024-11-12,340120507.179211
2024-11-13,383216947.886763
2024-11-14,354866187.464642
2024-11-15,358298246.915462
2024-11-16,414732368.999355
2024-11-17,395103008.971563
2024-11-18,459492596.194073
2024-11-19,504576006.388829
2024-11-20,465565348.973243
2024-11-21,501102724.049964
2024-11-22,579044843.377082
2024-11-23,608263239.929242
2024-11-24,630540793.57194
2024-11-25,640343708.65019
2024-11-26,598295931.300394
2024-11-27,633528646.318938
2024-11-28,615492162.843374
2024-11-29,670483607.113734
2024-11-30,853479457.514952
2024-12-01,837834544.127455
2024-12-02,908596259.609598
2024-12-03,1102800266.980652
2024-12-04,1367303010.37594
2024-12-05,1313108129.962091
2024-12-06,1554704279.083552
2024-12-07,1468310883.647277
2024-12-08,1514173970.361287
2024-12-09,1328873243.73747
2024-12-10,1336416729.677276
2024-12-11,1411024134.086846
2024-12-12,1492424762.881926
2024-12-13,1422616304.845722
2024-12-14,1426093157.607978
2024-12-15,1423931652.09111
2024-12-16,1345927995.648618
2024-12-17,1385183353.92315
2024-12-18,1200667996.855902
2024-12-19,1059930819.1504
2024-12-20,1043683251.260832
2024-12-21,989364480.033412
2024-12-22,1028221073.408765
2024-12-23,1193821591.140592
2024-12-24,1284017295.462633
2024-12-25,1284275752.064371
2024-12-26,1190794189.51885
2024-12-27,1134105427.064766
2024-12-28,1286416000.23036
2024-12-29,1194185587.526671
2024-12-30,1170733764.307458
2024-12-31,1130922268.13533
2025-01-01,1208191412.005345
2025-01-02,1271465980.97661
2025-01-03,1365788088.782348
2025-01-04,1324275447.982115
2025-01-05,1300025991.549182
2025-01-06,1252226845.435094
2025-01-07,1132961701.195326
2025-01-08,1087238464.354798
2025-01-09,1021814115.215558
2025-01-10,1048568115.614148
2025-01-11,1074920634.119391
2025-01-12,1039366094.924767
2025-01-13,1026491437.069641
2025-01-14,1096504975.013704
2025-01-15,1217518900.213442
2025-01-16,1183460002.999336
2025-01-17,1329006589.898787
2025-01-18,1166571710.391786
2025-01-19,1038262547.92614
2025-01-20,1082419067.978895
2025-01-21,1085914735.217879
2025-01-22,1001861931.887477
2025-01-23,1006169242.130853
2025-01-24,1007341880.795173
2025-01-25,1019381056.693164
2025-01-26,977251234.41306
2025-01-27,941189015.90016
2025-01-28,862416782.983802
2025-01-29,894658497.334006
2025-01-30,1004614377.972632
2025-01-31,993152878.935287
2025-02-01,881971491.54628
2025-02-02,710425318.556313
2025-02-03,739657302.400703
2025-02-04,670729258.206778
2025-02-05,656879337.134641
2025-02-06,600027503.967346
2025-02-07,610502952.38321
2025-02-08,655561789.269697
2025-02-09,676254710.210989
2025-02-10,682909876.807036
2025-02-11,682487038.327248
2025-02-12,709827128.15655
2025-02-13,679972956.680243
2025-02-14,678046456.462858
2025-02-15,654852047.062518
2025-02-16,653671911.170515
2025-02-17,663235465.350478
2025-02-18,634405997.305842
2025-02-19,664006052.116913
2025-02-20,685057680.302204
2025-02-21,639834002.666725
2025-02-22,649847832.003529
2025-02-23,655891861.51098
2025-02-24,556460632.050939
2025-02-25,585757189.219108
2025-02-26,593178577.334946
2025-02-27,585458126.686212
2025-02-28,580268322.138069
2025-03-01,562199015.693616
2025-03-02,644415198.176403
2025-03-03,535204776.710446
2025-03-04,543174762.99477
2025-03-05,564769178.17183
2025-03-06,542699440.781537
2025-03-07,555338077.476531
2025-03-08,552634815.162164
2025-03-09,486182192.084948
2025-03-10,476401330.987146
2025-03-11,517542154.986312
2025-03-12,525536642.439058
2025-03-13,511393788.369048
2025-03-14,532492073.451963
2025-03-15,544822861.621888
2025-03-16,534382111.187795
2025-03-17,562987153.45273
2025-03-18,586958054.160683
2025-03-19,610336694.841903
2025-03-20,572595151.519304
2025-03-21,572464607.380929
2025-03-22,639928066.097281
2025-03-23,656382827.534343
2025-03-24,663487827.798601
2025-03-25,655980577.688171
2025-03-26,716390806.457548
2025-03-27,759965177.541625
2025-03-28,661174286.330628
2025-03-29,638667301.115435
2025-03-30,611488220.639679
2025-03-31,656256629.330548
2025-04-01,705947214.531608
2025-04-02,646637553.121228
2025-04-03,677423105.783933
2025-04-04,654495046.496954
2025-04-05,649286057.626419
2025-04-06,554107002.681538
2025-04-07,606941125.332059
2025-04-08,593560583.824326
2025-04-09,686173569.814045
2025-04-10,734901752.398766
2025-04-11,797380630.89323
2025-04-12,825967661.65462
2025-04-13,789907014.806372
2025-04-14,773758138.001902
2025-04-15,765898795.961638
2025-04-16,837280526.66311
2025-04-17,790641526.960484
2025-04-18,788484309.633009
2025-04-19,809069474.609664
2025-04-20,793489441.454611
2025-04-21,772584639.081964
2025-04-22,911718754.827517
2025-04-23,861748525.029153
2025-04-24,907433277.574424
2025-04-25,903527343.0924
2025-04-26,896356549.405065
2025-04-27,874862533.621074
2025-04-28,862326353.067678
2025-04-29,865101844.120525
2025-04-30,952820070.020022
2025-05-01,945567917.161646
2025-05-02,982463132.589083
2025-05-03,942485684.668183
2025-05-04,925414740.870472
2025-05-05,925672896.904063
2025-05-06,905849404.282706
2025-05-07,893520318.264693
2025-05-08,1015783599.588248
2025-05-09,1024474536.50647
2025-05-10,1096671314.763474
2025-05-11,1047617122.691989
2025-05-12,1015097076.031239
2025-05-13,1025811560.061352
2025-05-14,978728444.939398
2025-05-15,933050395.901853
2025-05-16,937672449.688453
2025-05-17,906690311.389076
2025-05-18,926671024.504689
2025-05-19,900575992.973784
2025-05-20,951611969.289704
2025-05-21,1008174779.241761
2025-05-22,1102049466.493866
2025-05-23,1049746724.601397
2025-05-24,1027851784.243887
2025-05-25,1021808142.346285
2025-05-26,1017536972.99496
2025-05-27,1018154210.951039
2025-05-28,1021745520.362871
2025-05-29,996696832.148758
2025-05-30,897586208.107303
2025-05-31,902057422.339011
2025-06-01,922104525.913502
2025-06-02,933415243.08443
2025-06-03,928290623.113561
2025-06-04,868053817.096939
2025-06-05,835425342.083539
2025-06-06,849586166.541739
2025-06-07,897378729.280931
2025-06-08,874892136.824387
2025-06-09,944898229.905004
2025-06-10,996810088.367543
2025-06-11,915593885.488251
2025-06-12,850556700.036824
2025-06-13,840706868.343985
2025-06-14,810354306.290245
2025-06-15,811031080.524507
2025-06-16,835855900.902902
2025-06-17,796974384.723416
2025-06-18,811837089.687728
2025-06-19,802798452.630345
2025-06-20,772434239.984332
2025-06-21,745145651.524138
2025-06-22,731429463.994262
2025-06-23,794346034.65782
2025-06-24,776352401.185064
2025-06-25,711259142.973156
2025-06-26,689761420.396894
2025-06-27,698502107.99557
2025-06-28,708686626.145101
2025-06-29,729424511.330073
2025-06-30,715724260.114758
2025-07-01,685554253.751224
2025-07-02,722053715.146969
2025-07-03,727806658.507522
2025-07-04,691974016.500079
2025-07-05,682685147.917224
2025-07-06,686798785.86885
2025-07-07,702584850.430893
2025-07-08,707141413.251653
2025-07-09,764244661.677773
2025-07-10,824549382.288886
2025-07-11,865036357.957849
2025-07-12,846452956.665316
2025-07-13,897765643.297048
2025-07-14,965484659.938811
2025-07-15,1042154242.885648
2025-07-16,1249910336.308417
2025-07-17,1399230335.302956
2025-07-18,1350671590.067582
2025-07-19,1352205949.835032
2025-07-20,1329663045.821948
2025-07-21,1315867994.383383
2025-07-22,1364493705.340703
2025-07-23,1298145506.31899
2025-07-24,1311058848.725605
2025-07-25,1426669067.764623
2025-07-26,1515650741.481942
2025-07-27,1406061692.892927
2025-07-28,1396053189.095224
2025-07-29,1362957803.020715
2025-07-30,1424724551.928449
2025-07-31,1293624766.199802
2025-08-01,1217445771.494442
2025-08-02,1192478823.020316
2025-08-03,1255899816.688715
2025-08-04,1292237637.381915
2025-08-05,1250166202.460451
2025-08-06,1268913775.605772
2025-08-07,1308955882.358428
2025-08-08,1317923619.816481
2025-08-09,1369555007.802383
2025-08-10,1349848084.995337
2025-08-11,1276288643.830511
2025-08-12,1361491505.024239
2025-08-13,1447842214.361729
2025-08-14,1268076758.142252
2025-08-15,1202647782.637794
2025-08-16,1201502277.317525
2025-08-17,1220973354.076184
2025-08-18,1209922258.486398
2025-08-19,1141829878.276014
2025-08-20,1221491570.301296
2025-08-21,1189691714.123274
2025-08-22,1299759165.770737
2025-08-23,1250748591.526901
2025-08-24,1268509084.796332
2025-08-25,1091168746.85676
2025-08-26,1119843217.74119
2025-08-27,1123335102.930404
2025-08-28,1121856144.137056
2025-08-29,1065978468.08049
2025-08-30,1084630816.131889
2025-08-31,1059814001.289217
2025-09-01,1037863494.489557
2025-09-02,1069628917.446328
2025-09-03,1105657457.169428
2025-09-04,1054618054.696218
2025-09-05,1063841360.68911
2025-09-06,1062446843.86242
2025-09-07,1076904519.322352
2025-09-08,1100724881.700947
2025-09-09,1088491322.171833
2025-09-10,1093955804.70962
2025-09-11,1156060421.47913
2025-09-12,1179515064.835818
2025-09-13,1164284998.867144
2025-09-14,1110166391.532603
2025-09-15,1049091877.98665
2025-09-16,1023378549.076672
2025-09-17,1095645641.943282
2025-09-18,1148965779.897458
2025-09-19,1098301829.844491
2025-09-20,1125123912.657273
2025-09-21,1095980338.124565
2025-09-22,981335433.378668
2025-09-23,938296716.28828
2025-09-24,977233883.824946
2025-09-25,892074807.2469
2025-09-26,932860526.213986
2025-09-27,941617898.708329
2025-09-28,989955882.78625
2025-09-29,962786241.075101
2025-09-30,967684340.522046
2025-10-01,1031289168.198199
2025-10-02,1045373714.251102
2025-10-03,1103913862.803318
2025-10-04,1097243362.154283
2025-10-05,1081025323.141736
2025-10-06,1096336973.448407
2025-10-07,1052855817.576341
2025-10-08,1046686798.622472
2025-10-09,1032328735.143572
2025-10-10,738281747.206438
2025-10-11,682072931.021179
2025-10-12,793864848.282949
2025-10-13,893202397.332577
2025-10-14,837718995.985437
2025-10-15,782901542.450237
2025-10-16,760184194.027693
2025-10-17,721207041.21443
2025-10-18,745032563.563125
2025-10-19,781526872.720439
2025-10-20,780798694.7717
2025-10-21,752527874.625734
2025-10-22,739626849.468824
2025-10-23,745175344.589126
2025-10-24,764636018.727627
2025-10-25,760363352.238305
2025-10-26,823539205.793078
2025-10-27,788508536.033804
2025-10-28,751177276.105713
2025-10-29,766975705.469095
2025-10-30,698172470.381572
2025-10-31,682125535.144322
2025-11-01,679946908.22837
2025-11-02,677490174.439015
2025-11-03,609800817.022204
2025-11-04,601412957.788077
2025-11-05,621293260.699852
2025-11-06,597036913.141754
2025-11-07,691648986.546068
2025-11-08,681910458.698477
2025-11-09,681840862.799568
2025-11-10,746907348.373062
2025-11-11,667589031.676071
2025-11-12,641304114.056597
2025-11-13,658948360.278543
2025-11-14,614334990.510852
2025-11-15,614419221.0982
2025-11-16,602917673.121774
2025-11-17,577951397.505187
2025-11-18,620624518.103876
2025-11-19,611057338.999214
2025-11-20,587444783.747482
2025-11-21,541972379.820853
2025-11-22,529104443.640183
2025-11-23,547343345.829258
2025-11-24,586652669.188664
2025-11-25,595910206.778435
2025-11-26,630014436.434466
2025-11-27,627628912.157831
2025-11-28,611045426.415827
2025-11-29,604252768.448564
2025-11-30,598433503.287377
2025-12-01,553580259.46093
2025-12-02,552695974.731726
2025-12-03,605961631.922712
2025-12-04,579778722.557269
2025-12-05,556919823.872538
2025-12-06,548238710.784454
2025-12-07,545995909.739928
2025-12-08,562323272.113923
2025-12-09,590805498.519304
2025-12-10,586471272.437432
2025-12-11,567764818.466954
2025-12-12,566834561.340885
2025-12-13,572117027.657054
2025-12-14,539196762.918503
2025-12-15,508287067.125268
2025-12-16,525850458.809849
2025-12-17,508101088.318332
2025-12-18,486158008.100794
2025-12-19,503485665.86574
2025-12-20,511552577.136492
2025-12-21,502302898.503212
2025-12-22,543761881.053309
2025-12-23,536639881.663683
2025-12-24,543569532.857539
2025-12-25,558488646.910279
2025-12-26,547140575.343172
2025-12-27,578051900.398189
2025-12-28,565204700.596459
2025-12-29,563916773.204248
2025-12-30,549406202.070267
2025-12-31,523481230.522785
2026-01-01,569843293.615732
2026-01-02,591369684.064237
2026-01-03,620109579.480948
2026-01-04,622094223.214534
2026-01-05,634071639.046697
2026-01-06,625108767.130873
2026-01-07,614610488.373965
2026-01-08,596293539.769462
2026-01-09,596346408.899725
2026-01-10,596473581.939538
2026-01-11,584294857.93132
2026-01-12,572764994.783248
2026-01-13,635145623.30229
2026-01-14,627617107.759624
2026-01-15,636247723.849561
2026-01-16,625758326.74816
2026-01-17,612555271.433724
2026-01-18,592909754.030044
2026-01-19,567232500.640718
2026-01-20,537588774.771175
2026-01-21,539512329.740144
2026-01-22,532538175.362352
2026-01-23,531742994.241282
2026-01-24,527597218.9309
2026-01-25,505270588.948507
2026-01-26,522500976.511073
2026-01-27,509559306.340939
2026-01-28,518664529.463334
2026-01-29,484465310.988578
2026-01-30,466257596.985231
2026-01-31,424524380.74088
2026-02-01,413244164.723296
2026-02-02,424087352.372569
2026-02-03,406175133.320307
2026-02-04,405783918.455926
2026-02-05,340706762.535917
2026-02-06,381100517.037469
2026-02-07,379769780.932179
2026-02-08,372727463.069412
2026-02-09,373186135.73129
2026-02-10,343390985.521414
2026-02-11,341632846.501679
2026-02-12,351587942.310614
2026-02-13,371912226.55961
2026-02-14,392606661.930033
2026-02-15,369340426.828747
2026-02-16,376076679.104555
2026-02-17,372813653.142614
2026-02-18,359984477.764161
2026-02-19,354193474.374575
2026-02-20,364275736.298806
2026-02-21,353297735.231213
2026-02-22,342755649.882333
2026-02-23,328373838.545539
2026-02-24,332981393.926627
2026-02-25,372589573.80792
2026-02-26,370486132.219471
2026-02-27,358339710.934575
2026-02-28,371723699.775882
2026-03-01,358439941.83904
2026-03-02,369650948.447158
2026-03-03,373980678.476155
2026-03-04,378086493.026607
2026-03-05,371465187.377181
2026-03-06,361496387.202655
2026-03-07,347178876.824878
2026-03-08,345890763.119586
2026-03-09,359101676.550328
2026-03-10,359043159.227609
2026-03-11,346652680.310069
2026-03-12,350212113.73144
2026-03-13,349227195.450905
2026-03-14,347379951.858228
2026-03-15,360493695.124316
2026-03-16,379915402.241549
2026-03-17,371742795.589286
2026-03-18,356617194.813752
2026-03-19,350763709.329316
2026-03-20,350519565.558306
2026-03-21,342758227.982931
2026-03-22,322386374.548844
2026-03-23,326809883.030179
2026-03-24,337438128.490081
2026-03-25,349968086.360889
2026-03-26,328903235.728981
2026-03-27,310092578.999855
2026-03-28,312181132.028926
2026-03-29,310636550.153304
2026-03-30,320175470.553076
2026-03-31,325218804.262195
2026-04-01,325317772.559708
2026-04-02,310886105.662172
2026-04-03,313035847.090259
2026-04-04,320520360.65646
2026-04-05,317701630.60353
2026-04-06,310065882.527401