Date,Uniswap - Circulating market cap ($)
2023-04-08,4467768898.127544
2023-04-09,4462993840.650317
2023-04-10,4541748707.564676
2023-04-11,4479515267.831268
2023-04-12,4484300231.782726
2023-04-13,4676133349.705781
2023-04-14,4757253852.019881
2023-04-15,4730457747.759178
2023-04-16,4760421604.888949
2023-04-17,4614340584.397668
2023-04-18,4776865098.725458
2023-04-19,4395024790.026744
2023-04-20,4356612694.123208
2023-04-21,4112534550.497599
2023-04-22,4149610005.538114
2023-04-23,4083709292.01799
2023-04-24,4036698427.738177
2023-04-25,4117759970.395816
2023-04-26,4025463789.24605
2023-04-27,4190176421.711198
2023-04-28,4165451910.053211
2023-04-29,4241663033.937427
2023-04-30,4125723194.400938
2023-05-01,4017411994.83028
2023-05-02,4011770597.401062
2023-05-03,4059212839.562196
2023-05-04,3967626639.247978
2023-05-05,4177003786.337612
2023-05-06,3988317785.39971
2023-05-07,3972602974.30464
2023-05-08,3747756211.20914
2023-05-09,3734143759.961482
2023-05-10,3865719204.966702
2023-05-11,3821461606.802976
2023-05-12,3916598557.801766
2023-05-13,3857966129.555996
2023-05-14,3864117973.487276
2023-05-15,3872167081.0188
2023-05-16,3883581067.928721
2023-05-17,4003310495.291919
2023-05-18,4001865245.95629
2023-05-19,4009735805.531442
2023-05-20,3981323149.984158
2023-05-21,3856578252.97961
2023-05-22,3833484546.952709
2023-05-23,3823091223.878108
2023-05-24,3760123211.275022
2023-05-25,3728187792.227686
2023-05-26,3751508939.646949
2023-05-27,3799061339.945476
2023-05-28,3883289155.762318
2023-05-29,3852537116.727532
2023-05-30,3870222778.708176
2023-05-31,3782203161.574936
2023-06-01,3757848972.454962
2023-06-02,3817969389.944882
2023-06-03,3832403880.506156
2023-06-04,3780133333.683368
2023-06-05,3571232006.449373
2023-06-06,3598471523.198298
2023-06-07,3418869249.425958
2023-06-08,3495295854.718223
2023-06-09,3454520604.86023
2023-06-10,3076712266.03127
2023-06-11,3050004178.721858
2023-06-12,3242017092.022024
2023-06-13,3228122002.452922
2023-06-14,3321050222.74857
2023-06-15,3332985370.62101
2023-06-16,3427071949.575742
2023-06-17,3408510528.131619
2023-06-18,3372031311.8613
2023-06-19,3371889597.573766
2023-06-20,3441849794.986944
2023-06-21,3607719687.505027
2023-06-22,3569120803.490653
2023-06-23,3665294760.797446
2023-06-24,3566595361.310091
2023-06-25,4104421717.559902
2023-06-26,3963368827.934585
2023-06-27,3971865950.344858
2023-06-28,3644972957.47273
2023-06-29,3718682161.878518
2023-06-30,3974301621.318058
2023-07-01,4206571344.434642
2023-07-02,4179354927.03256
2023-07-03,4156539537.778073
2023-07-04,4163871296.825137
2023-07-05,4091876591.553836
2023-07-06,4005105590.80432
2023-07-07,4123937757.237142
2023-07-08,3948151495.2628
2023-07-09,3930974718.154736
2023-07-10,3942618699.605214
2023-07-11,3962690181.241324
2023-07-12,3980439452.55449
2023-07-13,4401811235.794664
2023-07-14,4405082707.093525
2023-07-15,4370988463.935704
2023-07-16,4317207361.100198
2023-07-17,4458614665.657943
2023-07-18,4437271573.311535
2023-07-19,4425299492.201328
2023-07-20,4526505199.704583
2023-07-21,4686213885.128025
2023-07-22,4518518585.238613
2023-07-23,4635924405.556448
2023-07-24,4356121040.27241
2023-07-25,4361792927.983698
2023-07-26,4400995271.152155
2023-07-27,4418699638.642598
2023-07-28,4524800716.41274
2023-07-29,4770115437.84684
2023-07-30,4831383010.632866
2023-07-31,4939848563.359335
2023-08-01,5018004775.009499
2023-08-02,4636203751.097334
2023-08-03,4607838660.810239
2023-08-04,4563844343.690116
2023-08-05,4579504375.642312
2023-08-06,4475165404.770884
2023-08-07,4416775973.424124
2023-08-08,4592247579.321545
2023-08-09,4728469035.04728
2023-08-10,4665684260.379035
2023-08-11,4657055850.094885
2023-08-12,4684980241.02393
2023-08-13,4587587707.722947
2023-08-14,4718189346.858134
2023-08-15,4489882344.513589
2023-08-16,4105510006.090864
2023-08-17,3754844518.235054
2023-08-18,3698749910.770939
2023-08-19,3697122480.014646
2023-08-20,3692837419.679048
2023-08-21,3597190952.954893
2023-08-22,3513040746.04724
2023-08-23,3588160432.397336
2023-08-24,3505499789.861978
2023-08-25,3425394497.071416
2023-08-26,3465605126.164799
2023-08-27,3531254396.333032
2023-08-28,3522062648.340901
2023-08-29,3609808011.352378
2023-08-30,3500075269.080859
2023-08-31,3286383181.167122
2023-09-01,3215743125.1266
2023-09-02,3309404504.504494
2023-09-03,3328499689.465928
2023-09-04,3349093306.011251
2023-09-05,3297960528.237387
2023-09-06,3358700557.949541
2023-09-07,3366287383.464244
2023-09-08,3289446865.666245
2023-09-09,3259318984.07277
2023-09-10,3181085005.253344
2023-09-11,3089393009.593044
2023-09-12,3163134178.211648
2023-09-13,3208506819.533072
2023-09-14,3217811990.532764
2023-09-15,3276937182.54383
2023-09-16,3272693311.935212
2023-09-17,3220306228.521812
2023-09-18,3284515854.11877
2023-09-19,3320905542.083153
2023-09-20,3295579511.834139
2023-09-21,3200368862.222008
2023-09-22,3212653079.555586
2023-09-23,3220840460.487444
2023-09-24,3185340697.195968
2023-09-25,3216912131.8942
2023-09-26,3207347586.261806
2023-09-27,3202369386.208141
2023-09-28,3332396503.177908
2023-09-29,3317298904.831678
2023-09-30,3364186229.454554
2023-10-01,3511266520.642493
2023-10-02,3369515966.242526
2023-10-03,3289056941.053416
2023-10-04,3250318886.968028
2023-10-05,3246482688.154275
2023-10-06,3312102726.237115
2023-10-07,3292609812.700786
2023-10-08,3274873932.238571
2023-10-09,3122151788.411508
2023-10-10,3108596039.926272
2023-10-11,3104924060.638514
2023-10-12,3018082592.19962
2023-10-13,3033228506.153994
2023-10-14,3082821928.754815
2023-10-15,3092197395.434386
2023-10-16,3115583087.256526
2023-10-17,2931613730.43551
2023-10-18,2970390888.215554
2023-10-19,2958630418.08749
2023-10-20,3014143535.321782
2023-10-21,3120594980.024738
2023-10-22,3124052194.707034
2023-10-23,3285136152.989706
2023-10-24,3182369992.265277
2023-10-25,3139676199.174216
2023-10-26,3088708171.611194
2023-10-27,3037909681.971699
2023-10-28,3073926054.641123
2023-10-29,3129814234.321765
2023-10-30,3146928586.320308
2023-10-31,3123829338.429887
2023-11-01,3584308193.902383
2023-11-02,3549055160.755127
2023-11-03,3515673081.782796
2023-11-04,3551028236.752737
2023-11-05,3605865636.253493
2023-11-06,3861091318.162686
2023-11-07,3710991293.556474
2023-11-08,3916545961.407706
2023-11-09,3875672877.483406
2023-11-10,3992007187.249518
2023-11-11,4067886644.269516
2023-11-12,4079380742.304568
2023-11-13,3965491770.336042
2023-11-14,3816782587.795634
2023-11-15,4052973031.282088
2023-11-16,3912048071.557743
2023-11-17,3840921171.802576
2023-11-18,3816486642.628722
2023-11-19,3946317396.474473
2023-11-20,3901845702.428761
2023-11-21,3692484794.79017
2023-11-22,4609969372.807386
2023-11-23,4798353140.796863
2023-11-24,4646072344.019795
2023-11-25,4661076839.646803
2023-11-26,4638207327.84684
2023-11-27,4743845301.034433
2023-11-28,4638298929.388917
2023-11-29,4530083920.832208
2023-11-30,4492284065.593738
2023-12-01,4533068081.912121
2023-12-02,4642421885.411108
2023-12-03,4568069076.658477
2023-12-04,4591437032.352727
2023-12-05,4719014371.009459
2023-12-06,4528763477.474179
2023-12-07,4735117189.853916
2023-12-08,4927057721.631507
2023-12-09,5150967325.571317
2023-12-10,4973401065.237968
2023-12-11,4590601232.40596
2023-12-12,4700888593.172718
2023-12-13,4745230673.019902
2023-12-14,4793746017.856396
2023-12-15,4548176020.115255
2023-12-16,4634667096.819305
2023-12-17,4570736579.693169
2023-12-18,4471023198.819074
2023-12-19,4391077047.07759
2023-12-20,4464790231.815924
2023-12-21,4652616541.900873
2023-12-22,4822483262.358521
2023-12-23,4781840649.586769
2023-12-24,5177258135.8467
2023-12-25,5254920761.673428
2023-12-26,5520849819.97515
2023-12-27,5460491896.944331
2023-12-28,5885921802.762528
2023-12-29,5699715570.345631
2023-12-30,5573324149.247601
2023-12-31,5442942271.065772
2024-01-01,5731811274.360192
2024-01-02,5396366971.103936
2024-01-03,4838431867.418168
2024-01-04,4919284409.472765
2024-01-05,4842517884.699835
2024-01-06,4752044552.059041
2024-01-07,4512515618.216039
2024-01-08,4694052226.042898
2024-01-09,4518689564.84213
2024-01-10,4942934279.969297
2024-01-11,5147348525.924042
2024-01-12,4976938389.836223
2024-01-13,4996976094.986954
2024-01-14,4797088135.449742
2024-01-15,5043550524.995117
2024-01-16,5156908792.35517
2024-01-17,5100319598.550317
2024-01-18,4778310196.1791
2024-01-19,4781809816.104113
2024-01-20,4877687261.16911
2024-01-21,4805102196.89565
2024-01-22,4542215602.716994
2024-01-23,4390288134.799478
2024-01-24,4428667210.421514
2024-01-25,4333103263.119644
2024-01-26,4483508803.57028
2024-01-27,4517095837.735051
2024-01-28,4482340611.467497
2024-01-29,4632237809.544768
2024-01-30,4711686589.669096
2024-01-31,4523219604.190334
2024-02-01,4553897840.977931
2024-02-02,4625514252.979012
2024-02-03,4598965364.973019
2024-02-04,4509545383.140182
2024-02-05,4521758658.182779
2024-02-06,4732909073.850262
2024-02-07,4816577540.500294
2024-02-08,4766534044.201446
2024-02-09,5022976115.009656
2024-02-10,4991668784.918579
2024-02-11,5029769053.55829
2024-02-12,5154808649.139238
2024-02-13,5045482438.195694
2024-02-14,5182233117.547621
2024-02-15,5655849829.116858
2024-02-16,5618843219.46072
2024-02-17,5844762324.377591
2024-02-18,5761176899.433311
2024-02-19,5802898032.674857
2024-02-20,5697285995.787028
2024-02-21,5576018838.756413
2024-02-22,5543614711.944852
2024-02-23,8520488456.800567
2024-02-24,8482374817.463707
2024-02-25,8301271644.559036
2024-02-26,7974770393.174024
2024-02-27,8183048170.246625
2024-02-28,8245708444.203665
2024-02-29,8456491766.085237
2024-03-01,8742808686.34912
2024-03-02,9485328595.925436
2024-03-03,9507399170.234386
2024-03-04,9351753953.179592
2024-03-05,9765075650.749687
2024-03-06,11591873784.00788
2024-03-07,11224400181.533886
2024-03-08,11029439885.741413
2024-03-09,10736361806.438274
2024-03-10,10735347614.373594
2024-03-11,10922287650.439106
2024-03-12,10591406847.641474
2024-03-13,10704315532.264662
2024-03-14,10511145172.586414
2024-03-15,9824692319.485306
2024-03-16,9066674677.76022
2024-03-17,9370472311.157957
2024-03-18,8949666170.577326
2024-03-19,8023507518.27766
2024-03-20,8979138604.974958
2024-03-21,9207683253.797976
2024-03-22,8810364833.86977
2024-03-23,8802040019.549026
2024-03-24,9072302753.607416
2024-03-25,9332288470.79168
2024-03-26,9564380338.333405
2024-03-27,9218658275.8042
2024-03-28,9639569349.13223
2024-03-29,9542562114.446041
2024-03-30,9500841803.578302
2024-03-31,9744657891.90835
2024-04-01,9382025032.609049
2024-04-02,8546813093.845284
2024-04-03,8211223578.259571
2024-04-04,8255157457.585404
2024-04-05,8247494301.98123
2024-04-06,8493601244.602848
2024-04-07,8589586603.460418
2024-04-08,8769489422.216375
2024-04-09,8463369781.085279
2024-04-10,7548155768.885396
2024-04-11,6912643627.002821
2024-04-12,5985776004.74909
2024-04-13,5230122501.973461
2024-04-14,5680358814.396588
2024-04-15,5459439234.142981
2024-04-16,5419520569.523488
2024-04-17,5194386675.784596
2024-04-18,5499697578.143532
2024-04-19,5670656749.629968
2024-04-20,5928178837.837075
2024-04-21,5819345541.773126
2024-04-22,6193583963.738625
2024-04-23,6000003099.85812
2024-04-24,5810983377.712053
2024-04-25,5994679125.120782
2024-04-26,5800727187.905037
2024-04-27,6020122922.848762
2024-04-28,5901317034.720813
2024-04-29,5806328836.98754
2024-04-30,5318186829.776377
2024-05-01,5305904748.605145
2024-05-02,5364988569.944001
2024-05-03,5730406008.88413
2024-05-04,5677719970.658834
2024-05-05,5726642681.25774
2024-05-06,5641819096.325502
2024-05-07,5592314424.059566
2024-05-08,5531163243.843814
2024-05-09,5657267513.489137
2024-05-10,5362691275.818695
2024-05-11,5295955819.490658
2024-05-12,5323343233.352103
2024-05-13,5277434550.344994
2024-05-14,5112397454.975418
2024-05-15,5566351725.553821
2024-05-16,5503493959.473801
2024-05-17,5636851054.67116
2024-05-18,5923340325.975941
2024-05-19,5760144240.219254
2024-05-20,7026103226.366882
2024-05-21,7255386964.919272
2024-05-22,7013543868.311818
2024-05-23,6823497237.123534
2024-05-24,7622028800.36754
2024-05-25,8532860737.090478
2024-05-26,8418490110.704874
2024-05-27,8327520634.289013
2024-05-28,8438658112.319154
2024-05-29,7878719224.561246
2024-05-30,8097209757.006304
2024-05-31,7546355316.089437
2024-06-01,7443477292.817686
2024-06-02,7108230247.352305
2024-06-03,7150238428.474288
2024-06-04,8616083167.152742
2024-06-05,8409770564.676528
2024-06-06,8005387955.637328
2024-06-07,7401543910.561992
2024-06-08,7564545843.683219
2024-06-09,7397657218.821501
2024-06-10,7788872348.459403
2024-06-11,6783279590.192444
2024-06-12,7577694370.03551
2024-06-13,7652510413.626209
2024-06-14,7843281705.507195
2024-06-15,8672103393.557062
2024-06-16,8818802261.583334
2024-06-17,7976398844.498074
2024-06-18,7322812280.278923
2024-06-19,7480309032.328826
2024-06-20,7553204822.802217
2024-06-21,7384496646.3153
2024-06-22,7415639389.509831
2024-06-23,7371648154.118893
2024-06-24,7028877212.716345
2024-06-25,7155600894.685088
2024-06-26,7077387864.672224
2024-06-27,7144564631.919527
2024-06-28,6756646581.622108
2024-06-29,6659364406.422397
2024-06-30,6971775587.154927
2024-07-01,6896106679.092963
2024-07-02,6767510888.0985
2024-07-03,6423225305.367977
2024-07-04,5773098255.155269
2024-07-05,5853237005.605258
2024-07-06,6178429459.913365
2024-07-07,5740979574.686995
2024-07-08,6053690555.504832
2024-07-09,6161907241.680907
2024-07-10,6058158731.993355
2024-07-11,5899261553.078453
2024-07-12,6103280596.726938
2024-07-13,6152207385.725932
2024-07-14,6364643587.853469
2024-07-15,6476270385.972871
2024-07-16,6172122055.893497
2024-07-17,5989100917.789447
2024-07-18,5905506172.488457
2024-07-19,6019305177.320237
2024-07-20,6046441846.285368
2024-07-21,6120079910.696118
2024-07-22,5887506383.235727
2024-07-23,5823270678.327417
2024-07-24,5598491674.057884
2024-07-25,5496037000.318017
2024-07-26,5795068727.484681
2024-07-27,5799743888.348404
2024-07-28,5681279264.27654
2024-07-29,5788152937.681014
2024-07-30,5567690515.838168
2024-07-31,5435565682.507975
2024-08-01,5420683672.906944
2024-08-02,4982384424.571095
2024-08-03,5002218072.021239
2024-08-04,4636037674.05157
2024-08-05,4056641128.527816
2024-08-06,4359013772.218384
2024-08-07,4267549704.360504
2024-08-08,4733090769.047853
2024-08-09,4629064004.840877
2024-08-10,4667570851.26262
2024-08-11,4457426580.802224
2024-08-12,4720621602.965064
2024-08-13,4786667689.028472
2024-08-14,4850423887.594332
2024-08-15,4685370939.598836
2024-08-16,4902255884.868471
2024-08-17,4830285230.930542
2024-08-18,4653474006.987767
2024-08-19,4676969854.672943
2024-08-20,4723953798.680065
2024-08-21,5349548723.560753
2024-08-22,5215987289.843815
2024-08-23,5283237567.766343
2024-08-24,5205542552.813444
2024-08-25,4990156562.453119
2024-08-26,4760537316.330449
2024-08-27,4302187715.011728
2024-08-28,4356257040.617033
2024-08-29,4394511228.122216
2024-08-30,4441118189.84645
2024-08-31,4479188270.064169
2024-09-01,4241236838.053728
2024-09-02,4599133319.253086
2024-09-03,4556749022.608837
2024-09-04,4843310559.321793
2024-09-05,4757675841.143463
2024-09-06,4649371507.05576
2024-09-07,4840169451.90393
2024-09-08,4781381607.416755
2024-09-09,5078947059.524966
2024-09-10,5059116240.043527
2024-09-11,5102641484.891685
2024-09-12,5124510739.0214
2024-09-13,5231497916.626643
2024-09-14,5029318747.716196
2024-09-15,4927459912.948316
2024-09-16,4832171872.507435
2024-09-17,5117205746.883291
2024-09-18,5068461397.627628
2024-09-19,5133139588.953447
2024-09-20,5132296083.136818
2024-09-21,5216084234.409138
2024-09-22,5002825222.582089
2024-09-23,5147797964.37221
2024-09-24,5223952258.859519
2024-09-25,5100318282.168267
2024-09-26,5543937974.851342
2024-09-27,5747475548.280994
2024-09-28,5737937338.015252
2024-09-29,5614210738.348609
2024-09-30,5564897842.338998
2024-10-01,5198001020.434207
2024-10-02,5033603009.914697
2024-10-03,4939872011.777204
2024-10-04,5061492263.51679
2024-10-05,5145813029.015009
2024-10-06,5330825081.791911
2024-10-07,5448702272.495244
2024-10-08,5408432668.520044
2024-10-09,5481059887.042669
2024-10-10,6107049480.048517
2024-10-11,5934322391.275201
2024-10-12,6137963624.62746
2024-10-13,5778986835.713881
2024-10-14,6114962919.330215
2024-10-15,5902597480.403341
2024-10-16,5703403167.286083
2024-10-17,5534928673.829501
2024-10-18,5624752598.876652
2024-10-19,5522591428.398088
2024-10-20,5837446896.01141
2024-10-21,5885902707.947083
2024-10-22,6028966551.845339
2024-10-23,5919288244.564549
2024-10-24,6030209673.772623
2024-10-25,5530104200.933437
2024-10-26,5598083573.238106
2024-10-27,5668801410.024864
2024-10-28,4665793033.158
2024-10-29,4755917002.864959
2024-10-30,4879096029.735187
2024-10-31,4569307122.679603
2024-11-01,4536593263.953287
2024-11-02,4425486863.330229
2024-11-03,4243644128.013356
2024-11-04,4070376680.75884
2024-11-05,4307227717.71131
2024-11-06,5600021888.75118
2024-11-07,5356663481.333225
2024-11-08,5306226275.479794
2024-11-09,5558517166.503058
2024-11-10,5524297083.646634
2024-11-11,5597656713.436617
2024-11-12,5410567984.369118
2024-11-13,5193516931.401305
2024-11-14,4885657416.833816
2024-11-15,5142651141.385084
2024-11-16,5442112534.866024
2024-11-17,5239470014.852775
2024-11-18,5540307002.618765
2024-11-19,5649761059.438724
2024-11-20,5300401555.727108
2024-11-21,5572424239.432324
2024-11-22,5861139945.422462
2024-11-23,6439294585.646169
2024-11-24,6560437314.887032
2024-11-25,6683417366.042196
2024-11-26,6503933741.993823
2024-11-27,8082107478.78778
2024-11-28,7673511981.886046
2024-11-29,7579664954.697988
2024-11-30,7686809024.358876
2024-12-01,7839755411.371095
2024-12-02,8368935561.995901
2024-12-03,9094992288.32106
2024-12-04,9389060133.457495
2024-12-05,9072612294.70051
2024-12-06,10585596691.002716
2024-12-07,10954051034.053629
2024-12-08,11228802145.271408
2024-12-09,9626567294.010727
2024-12-10,9146572347.976831
2024-12-11,10243352666.817818
2024-12-12,10566986767.61512
2024-12-13,10462367381.695583
2024-12-14,10063655926.37125
2024-12-15,10300571910.625765
2024-12-16,9796901735.681961
2024-12-17,9764537932.78533
2024-12-18,8869309756.5747
2024-12-19,7704278845.78674
2024-12-20,8211915558.658165
2024-12-21,8016414680.917858
2024-12-22,8329262474.604989
2024-12-23,8561029243.632625
2024-12-24,8779727953.146078
2024-12-25,8342601422.585465
2024-12-26,7945719906.151635
2024-12-27,7973736165.00588
2024-12-28,8151492970.173324
2024-12-29,7809795540.860151
2024-12-30,7987437841.512418
2024-12-31,7944318358.142501
2025-01-01,8159695782.958259
2025-01-02,8606053640.826176
2025-01-03,9110657390.474127
2025-01-04,9182971273.375935
2025-01-05,9110349372.618616
2025-01-06,9048027587.973179
2025-01-07,8137643237.348766
2025-01-08,7859154245.922486
2025-01-09,7743458180.426459
2025-01-10,8363662204.761607
2025-01-11,8199772196.2004
2025-01-12,8180268106.926994
2025-01-13,7739484652.170805
2025-01-14,7991074750.467028
2025-01-15,8746688260.691208
2025-01-16,8489862299.034545
2025-01-17,9006005740.33559
2025-01-18,8528874811.611632
2025-01-19,7997656492.208692
2025-01-20,8100521108.865044
2025-01-21,8099306543.86667
2025-01-22,7729916517.563967
2025-01-23,7688803632.01392
2025-01-24,7481460137.970438
2025-01-25,7257653355.649322
2025-01-26,6875980725.437162
2025-01-27,6586005061.686934
2025-01-28,6690351393.30377
2025-01-29,7047450085.11693
2025-01-30,7201177430.220952
2025-01-31,7057888558.862518
2025-02-01,6554783164.688777
2025-02-02,5477085237.862485
2025-02-03,5970340643.149677
2025-02-04,5452152375.221366
2025-02-05,5561950162.308616
2025-02-06,5370060611.437299
2025-02-07,5412756170.106161
2025-02-08,5486998357.256294
2025-02-09,5476548562.596365
2025-02-10,5675615761.632118
2025-02-11,5626347084.356328
2025-02-12,5973668113.815678
2025-02-13,5927291030.128144
2025-02-14,6036316713.433721
2025-02-15,5886877145.690924
2025-02-16,5752166735.77669
2025-02-17,5930710598.44572
2025-02-18,5764810711.503456
2025-02-19,5676794614.049091
2025-02-20,5608342097.696793
2025-02-21,5246394210.238042
2025-02-22,5436566048.101884
2025-02-23,5420732103.239331
2025-02-24,4763658870.761999
2025-02-25,5001331886.212386
2025-02-26,4722468325.970365
2025-02-27,4722194013.888833
2025-02-28,4504174862.842522
2025-03-01,4498984387.144668
2025-03-02,4954663093.389973
2025-03-03,4299497966.713552
2025-03-04,4240636505.547317
2025-03-05,4522546014.115874
2025-03-06,4267718032.247397
2025-03-07,4246253838.36562
2025-03-08,4295242932.249756
2025-03-09,3831305225.90094
2025-03-10,3569214387.351588
2025-03-11,3671736718.388755
2025-03-12,3550139797.269952
2025-03-13,3536357234.08771
2025-03-14,3622221203.719738
2025-03-15,3765367055.195935
2025-03-16,3686191897.784109
2025-03-17,3780908371.99893
2025-03-18,3809790658.555212
2025-03-19,4199543885.931908
2025-03-20,4139177166.326652
2025-03-21,4077227913.826874
2025-03-22,4043698541.6546
2025-03-23,4010434726.581814
2025-03-24,4234931757.473492
2025-03-25,4176568623.447478
2025-03-26,4032495550.867332
2025-03-27,4041140171.877414
2025-03-28,3708246290.31204
2025-03-29,3573178386.969264
2025-03-30,3521000633.064862
2025-03-31,3585257903.009288
2025-04-01,3764409602.504468
2025-04-02,3509197034.69156
2025-04-03,3524659616.324
2025-04-04,3546579697.804538
2025-04-05,3523160891.415348
2025-04-06,3049217234.780871
2025-04-07,3079567443.287061
2025-04-08,2859030359.066822
2025-04-09,3243663701.399064
2025-04-10,3019008712.60096
2025-04-11,3142141651.898294
2025-04-12,3305309735.317908
2025-04-13,3194837059.467305
2025-04-14,3208003391.259672
2025-04-15,3112287227.018026
2025-04-16,3093307664.558377
2025-04-17,3114439962.361473
2025-04-18,3108905720.77892
2025-04-19,3197124938.21254
2025-04-20,3151029817.534211
2025-04-21,3160680519.916186
2025-04-22,3490851019.2923
2025-04-23,3623477063.585702
2025-04-24,3495600450.073734
2025-04-25,3506763507.970726
2025-04-26,3494090409.379265
2025-04-27,3309298748.13056
2025-04-28,3260865101.579774
2025-04-29,3167442573.609258
2025-04-30,3166888447.292946
2025-05-01,3191234515.772094
2025-05-02,3152008246.86566
2025-05-03,3064651608.586115
2025-05-04,2995945918.353358
2025-05-05,2989728313.01673
2025-05-06,2984546845.612526
2025-05-07,2928249362.985612
2025-05-08,3652238117.270682
2025-05-09,3814006203.26527
2025-05-10,4458686614.254122
2025-05-11,4160093472.984104
2025-05-12,4136720811.331834
2025-05-13,4256852363.181469
2025-05-14,3963857443.557688
2025-05-15,3725199043.651948
2025-05-16,3668531603.035241
2025-05-17,3446842564.006536
2025-05-18,3635297125.885925
2025-05-19,3557684375.65626
2025-05-20,3608853966.75747
2025-05-21,3756027307.400548
2025-05-22,3855435648.563559
2025-05-23,3588404558.539394
2025-05-24,3674552668.749029
2025-05-25,3693775144.74777
2025-05-26,3901384322.704986
2025-05-27,3796999650.505664
2025-05-28,4068591071.89598
2025-05-29,3951783076.524684
2025-05-30,3710918420.212476
2025-05-31,3652754703.269103
2025-06-01,3790719271.001199
2025-06-02,3880155148.749578
2025-06-03,3985542851.406096
2025-06-04,3812532956.923206
2025-06-05,3551071347.793047
2025-06-06,3603730603.379706
2025-06-07,3816320089.160072
2025-06-08,3795995624.617622
2025-06-09,4122676181.127608
2025-06-10,5151248265.472092
2025-06-11,4900059191.580325
2025-06-12,4526156313.099317
2025-06-13,4646462410.755077
2025-06-14,4405309468.96627
2025-06-15,4315543977.375724
2025-06-16,4530818475.504466
2025-06-17,4478259928.220774
2025-06-18,4534044731.649563
2025-06-19,4619373966.204266
2025-06-20,4256078412.489713
2025-06-21,3835584970.563848
2025-06-22,3757822120.094844
2025-06-23,4103456170.896811
2025-06-24,4231026218.458174
2025-06-25,4184745653.920638
2025-06-26,4084354374.499586
2025-06-27,4153855203.554606
2025-06-28,4283900969.732114
2025-06-29,4449347523.256034
2025-06-30,4289855248.262944
2025-07-01,3974317572.214988
2025-07-02,4422393956.433662
2025-07-03,4480176531.440966
2025-07-04,4161278533.958386
2025-07-05,4343852071.889576
2025-07-06,4448062016.056918
2025-07-07,4435202322.767995
2025-07-08,4589622953.493851
2025-07-09,4983762279.851272
2025-07-10,5076926754.582294
2025-07-11,5239710713.475068
2025-07-12,5038098908.708351
2025-07-13,5116465991.646544
2025-07-14,5480361822.924117
2025-07-15,5612187831.458157
2025-07-16,5350245179.529377
2025-07-17,5379416868.472857
2025-07-18,6082492896.211324
2025-07-19,6103239654.382898
2025-07-20,6404613686.53189
2025-07-21,6531400125.928351
2025-07-22,6461598818.055317
2025-07-23,6109442494.668705
2025-07-24,6105644692.717816
2025-07-25,6259576187.441804
2025-07-26,6327715058.230793
2025-07-27,6564490319.214371
2025-07-28,6254998536.511019
2025-07-29,6166621288.598481
2025-07-30,6029162910.600642
2025-07-31,5611785170.148993
2025-08-01,5440832145.139089
2025-08-02,5282417703.498446
2025-08-03,5493430226.014368
2025-08-04,5967077918.381785
2025-08-05,5761279421.707479
2025-08-06,5827776475.624656
2025-08-07,6266013992.819046
2025-08-08,6535326214.013071
2025-08-09,6583100907.965735
2025-08-10,6570920212.056187
2025-08-11,6679363167.043271
2025-08-12,6961465677.329201
2025-08-13,7303803079.271124
2025-08-14,6550657819.971706
2025-08-15,6432576751.889719
2025-08-16,6616560849.549002
2025-08-17,6640497900.153689
2025-08-18,6296118458.475265
2025-08-19,5970792960.896504
2025-08-20,6377104451.456115
2025-08-21,6120108052.086369
2025-08-22,6863144322.331031
2025-08-23,6806574772.67769
2025-08-24,6569258240.473946
2025-08-25,5833112425.812226
2025-08-26,5975509771.90411
2025-08-27,5907452536.540865
2025-08-28,6007216853.705119
2025-08-29,5787205940.63515
2025-08-30,5837083765.287212
2025-08-31,5779815105.246127
2025-09-01,5595521138.048396
2025-09-02,5751396997.603848
2025-09-03,5811223480.790546
2025-09-04,5581260716.269234
2025-09-05,5649113902.092723
2025-09-06,5606350811.046324
2025-09-07,5647468195.566097
2025-09-08,5726666190.33779
2025-09-09,5730979444.535296
2025-09-10,5847543351.215305
2025-09-11,5999310315.490625
2025-09-12,6118077134.667852
2025-09-13,6075246863.708763
2025-09-14,5651937549.007715
2025-09-15,5496281438.47741
2025-09-16,5596883936.739494
2025-09-17,5739612902.809237
2025-09-18,5776834871.752268
2025-09-19,5492341976.516943
2025-09-20,5514598888.918739
2025-09-21,5442962389.515856
2025-09-22,4943010101.113544
2025-09-23,4852706186.673236
2025-09-24,4747172288.208983
2025-09-25,4465758732.358591
2025-09-26,4576529106.244273
2025-09-27,4576580055.373864
2025-09-28,4655650070.918396
2025-09-29,4666116322.337069
2025-09-30,4577122117.07628
2025-10-01,4837158747.615292
2025-10-02,5009086594.29706
2025-10-03,4911458737.675238
2025-10-04,4820275038.019881
2025-10-05,4838529625.476129
2025-10-06,5014251782.774493
2025-10-07,4664202641.546853
2025-10-08,4848128490.813204
2025-10-09,4721233091.907723
2025-10-10,3525138782.334273
2025-10-11,3511765052.280525
2025-10-12,3972976795.332911
2025-10-13,4246568803.117215
2025-10-14,4101649228.358814
2025-10-15,3948528077.8073
2025-10-16,3765613502.115952
2025-10-17,3688133866.587428
2025-10-18,3618538426.887514
2025-10-19,3757437176.960381
2025-10-20,3805713669.859542
2025-10-21,3759884359.736408
2025-10-22,3627362587.9351
2025-10-23,3786320048.423272
2025-10-24,3748375493.513794
2025-10-25,3756781622.755264
2025-10-26,4005576704.768028
2025-10-27,3912587742.205582
2025-10-28,3818024942.385136
2025-10-29,3776809422.659836
2025-10-30,3495572197.676266
2025-10-31,3448289946.354677
2025-11-01,3516976878.219212
2025-11-02,3517487404.809798
2025-11-03,3115388007.365258
2025-11-04,3053066089.761111
2025-11-05,3374059646.429856
2025-11-06,3298966026.70611
2025-11-07,3705331216.444364
2025-11-08,3790273630.030556
2025-11-09,4133434423.221492
2025-11-10,5705655030.191567
2025-11-11,5186036671.161707
2025-11-12,4765475985.885842
2025-11-13,4887459071.603421
2025-11-14,4416339810.28983
2025-11-15,4629284022.261304
2025-11-16,4528599704.980138
2025-11-17,4653749727.551451
2025-11-18,4715176217.837457
2025-11-19,4520921854.377425
2025-11-20,4144450583.149384
2025-11-21,4066361376.45527
2025-11-22,3886464459.899543
2025-11-23,3862871599.051254
2025-11-24,3970233251.875605
2025-11-25,3922402902.760772
2025-11-26,3966619811.557004
2025-11-27,3866979648.499011
2025-11-28,3864718047.000419
2025-11-29,3823516916.145364
2025-11-30,3823358677.019014
2025-12-01,3534376491.618916
2025-12-02,3737102819.283047
2025-12-03,3855478403.986034
2025-12-04,3753856714.324194
2025-12-05,3467572390.201612
2025-12-06,3501333282.248466
2025-12-07,3427877897.167139
2025-12-08,3536699746.35335
2025-12-09,3632054058.657848
2025-12-10,3538032861.484665
2025-12-11,3500644776.833738
2025-12-12,3414803257.8781
2025-12-13,3475430171.585832
2025-12-14,3348276120.029905
2025-12-15,3195722195.610056
2025-12-16,3272987817.735338
2025-12-17,3120651253.218966
2025-12-18,3121022012.941316
2025-12-19,3351554386.617353
2025-12-20,3933893599.27767
2025-12-21,3868861114.009191
2025-12-22,3780172485.032054
2025-12-23,3663595593.954845
2025-12-24,3637402489.045586
2025-12-25,3660981642.459083
2025-12-26,3670482730.308298
2025-12-27,3750025842.31155
2025-12-28,3911363868.102692
2025-12-29,3770332700.234917
2025-12-30,3727179903.940392
2025-12-31,3540868712.453742
2026-01-01,3654674875.468894
2026-01-02,3803800475.445544
2026-01-03,3729988666.448172
2026-01-04,3673388851.968708
2026-01-05,3926407782.4847
2026-01-06,3846073979.638614
2026-01-07,3634008231.611136
2026-01-08,3484502202.412708
2026-01-09,3467417434.182634
2026-01-10,3477395044.310865
2026-01-11,3450629243.679028
2026-01-12,3401159074.457712
2026-01-13,3625525659.604714
2026-01-14,3606978840.646759
2026-01-15,3395527870.647108
2026-01-16,3370543357.867757
2026-01-17,3398387304.755175
2026-01-18,3258742777.53556
2026-01-19,3189662000.202754
2026-01-20,3046897253.865444
2026-01-21,3129334695.93543
2026-01-22,3067676088.15324
2026-01-23,3092043690.454092
2026-01-24,3077634965.472432
2026-01-25,2936364269.425257
2026-01-26,2990584605.374504
2026-01-27,3045838782.965052
2026-01-28,3060616800.95835
2026-01-29,2787154413.128966
2026-01-30,2710421733.080686
2026-01-31,2501392034.369786
2026-02-01,2443789971.210944
2026-02-02,2490540537.58441
2026-02-03,2441171029.090771
2026-02-04,2414194957.711844
2026-02-05,2019413072.007908
2026-02-06,2255407939.547914
2026-02-07,2247811210.900081
2026-02-08,2203011144.715892
2026-02-09,2216172741.216308
2026-02-10,2131284733.96901
2026-02-11,2142562139.567141
2026-02-12,2056645852.305774
2026-02-13,2152818803.631256
2026-02-14,2297697836.716646
2026-02-15,2199991724.947875
2026-02-16,2284776684.359056
2026-02-17,2235128763.654505
2026-02-18,2150750458.702332
2026-02-19,2147153009.281956
2026-02-20,2207451103.363744
2026-02-21,2288248549.826536
2026-02-22,2204519035.686284
2026-02-23,2118101448.01169
2026-02-24,2115182834.209178
2026-02-25,2538209914.242996
2026-02-26,2455567600.445516
2026-02-27,2369838513.88248
2026-02-28,2419361197.5658
2026-03-01,2376566200.272901
2026-03-02,2485785963.945785
2026-03-03,2481293496.951388
2026-03-04,2522637380.191785
2026-03-05,2521951893.925187
2026-03-06,2439376467.422921
2026-03-07,2386443612.825483
2026-03-08,2319173678.735214
2026-03-09,2445494244.981734
2026-03-10,2434485611.107898
2026-03-11,2467310931.803076
2026-03-12,2486134709.313368
2026-03-13,2535437004.074517
2026-03-14,2501034780.084907
2026-03-15,2566799783.032957
2026-03-16,2636603355.305924
2026-03-17,2507116369.5406
2026-03-18,2331670111.504934
2026-03-19,2264885809.452523
2026-03-20,2286408532.594373
2026-03-21,2233772102.802935
2026-03-22,2198665389.843093
2026-03-23,2268142259.538506
2026-03-24,2287025335.306696
2026-03-25,2343392827.112674
2026-03-26,2232667991.719514
2026-03-27,2145920557.59504
2026-03-28,2140055877.357372
2026-03-29,2123282058.80019
2026-03-30,2201436418.1703
2026-03-31,2242462871.818909
2026-04-01,2259322729.363506
2026-04-02,2009681774.588219
2026-04-03,2005518152.718049
2026-04-04,1979203805.732651
2026-04-05,1990111254.52581
2026-04-06,1963388700.457302