account,activer_users,dt
Flashloan,82,2025-11-15 00:00:00+00:00
Flashloan,63,2025-05-12 00:00:00+00:00
Flashloan,16,2026-01-25 00:00:00+00:00
Flashloan,74,2025-09-02 00:00:00+00:00
Flashloan,19,2026-02-04 00:00:00+00:00
Flashloan,125,2025-10-14 00:00:00+00:00
Flashloan,78,2025-10-27 00:00:00+00:00
Flashloan,60,2025-08-16 00:00:00+00:00
Flashloan,77,2025-08-11 00:00:00+00:00
Flashloan,74,2025-07-15 00:00:00+00:00
Flashloan,39,2025-05-05 00:00:00+00:00
Flashloan,132,2025-03-03 00:00:00+00:00
Flashloan,86,2025-09-12 00:00:00+00:00
Flashloan,12,2026-02-12 00:00:00+00:00
Flashloan,27,2025-05-24 00:00:00+00:00
Flashloan,17,2026-02-07 00:00:00+00:00
Repay,447,2025-08-11 00:00:00+00:00
Repay,274,2025-07-15 00:00:00+00:00
Liquidation,2,2025-12-14 00:00:00+00:00
Liquidation,5,2025-07-18 00:00:00+00:00
Liquidation,5,2025-08-22 00:00:00+00:00
Liquidation,20,2026-02-04 00:00:00+00:00
Liquidation,1,2025-09-02 00:00:00+00:00
Repay,173,2025-05-05 00:00:00+00:00
Repay,401,2025-10-01 00:00:00+00:00
Repay,211,2025-04-16 00:00:00+00:00
Liquidation,27,2025-10-10 00:00:00+00:00
Repay,581,2026-02-07 00:00:00+00:00
Repay,526,2026-02-12 00:00:00+00:00
Repay,260,2025-05-24 00:00:00+00:00
Repay,278,2025-12-24 00:00:00+00:00
Repay,180,2025-04-18 00:00:00+00:00
Repay,373,2025-08-16 00:00:00+00:00
Repay,361,2025-03-03 00:00:00+00:00
Repay,342,2025-09-12 00:00:00+00:00
Repay,698,2026-01-25 00:00:00+00:00
Repay,217,2025-05-12 00:00:00+00:00
Repay,349,2025-11-15 00:00:00+00:00
Liquidation,1,2025-06-16 00:00:00+00:00
Liquidation,18,2025-04-06 00:00:00+00:00
Liquidation,3,2025-11-05 00:00:00+00:00
Liquidation,2,2026-01-15 00:00:00+00:00
Repay,486,2026-02-09 00:00:00+00:00
Repay,190,2025-03-26 00:00:00+00:00
Repay,418,2025-12-19 00:00:00+00:00
Flashloan,44,2025-09-08 00:00:00+00:00
Flashloan,82,2025-07-18 00:00:00+00:00
Flashloan,48,2025-10-25 00:00:00+00:00
Flashloan,10,2025-12-14 00:00:00+00:00
Flashloan,152,2025-08-22 00:00:00+00:00
Flashloan,68,2025-06-16 00:00:00+00:00
Flashloan,198,2025-10-10 00:00:00+00:00
Flashloan,13,2026-01-08 00:00:00+00:00
Flashloan,33,2025-05-03 00:00:00+00:00
Flashloan,93,2025-06-05 00:00:00+00:00
Flashloan,159,2025-08-19 00:00:00+00:00
Flashloan,52,2025-10-04 00:00:00+00:00
Flashloan,11,2026-02-09 00:00:00+00:00
Flashloan,54,2025-03-26 00:00:00+00:00
Flashloan,10,2025-12-19 00:00:00+00:00
Flashloan,98,2025-11-23 00:00:00+00:00
Flashloan,73,2025-04-12 00:00:00+00:00
Flashloan,87,2025-08-07 00:00:00+00:00
Flashloan,307,2025-04-06 00:00:00+00:00
Flashloan,173,2025-11-05 00:00:00+00:00
Flashloan,12,2026-01-15 00:00:00+00:00
Flashloan,45,2025-06-24 00:00:00+00:00
Flashloan,79,2025-05-08 00:00:00+00:00
Liquidation,2,2025-09-08 00:00:00+00:00
Liquidation,4,2025-08-07 00:00:00+00:00
Liquidation,3,2025-11-23 00:00:00+00:00
Liquidation,2,2025-04-12 00:00:00+00:00
Liquidation,7,2025-05-08 00:00:00+00:00
Liquidation,6,2025-08-19 00:00:00+00:00
Liquidation,5,2026-01-08 00:00:00+00:00
Liquidation,1,2025-05-03 00:00:00+00:00
Liquidation,10,2025-06-05 00:00:00+00:00
Liquidation,1,2025-10-04 00:00:00+00:00
Liquidation,6,2026-02-09 00:00:00+00:00
Liquidation,6,2025-03-26 00:00:00+00:00
Liquidation,2,2025-12-19 00:00:00+00:00
Repay,368,2025-06-05 00:00:00+00:00
Repay,456,2025-08-19 00:00:00+00:00
Repay,289,2025-10-04 00:00:00+00:00
Repay,500,2025-08-22 00:00:00+00:00
Repay,395,2026-01-15 00:00:00+00:00
Repay,731,2025-11-05 00:00:00+00:00
Repay,926,2025-04-06 00:00:00+00:00
Repay,1321,2026-02-04 00:00:00+00:00
Repay,331,2025-09-02 00:00:00+00:00
Repay,223,2025-10-25 00:00:00+00:00
Repay,410,2025-07-18 00:00:00+00:00
Repay,349,2025-12-14 00:00:00+00:00
Repay,634,2025-10-10 00:00:00+00:00
Repay,208,2025-06-16 00:00:00+00:00
Repay,274,2025-09-08 00:00:00+00:00
Repay,324,2025-11-23 00:00:00+00:00
Repay,393,2025-08-07 00:00:00+00:00
Repay,178,2025-04-12 00:00:00+00:00
Repay,187,2025-06-24 00:00:00+00:00
Repay,317,2025-05-08 00:00:00+00:00
Repay,372,2026-01-08 00:00:00+00:00
Repay,119,2025-05-03 00:00:00+00:00
Flashloan,67,2025-10-20 00:00:00+00:00
Flashloan,16,2025-12-09 00:00:00+00:00
Deposit,705,2026-01-10 00:00:00+00:00
Flashloan,8,2026-01-10 00:00:00+00:00
Flashloan,47,2025-04-28 00:00:00+00:00
Flashloan,79,2025-08-04 00:00:00+00:00
Flashloan,13,2026-01-13 00:00:00+00:00
Flashloan,18,2026-02-08 00:00:00+00:00
Flashloan,32,2025-03-22 00:00:00+00:00
Flashloan,45,2025-09-06 00:00:00+00:00
Flashloan,18,2026-02-01 00:00:00+00:00
Flashloan,38,2025-05-17 00:00:00+00:00
Flashloan,78,2025-07-31 00:00:00+00:00
Flashloan,61,2025-06-12 00:00:00+00:00
Flashloan,71,2025-09-19 00:00:00+00:00
Flashloan,46,2025-05-01 00:00:00+00:00
Flashloan,117,2025-08-29 00:00:00+00:00
Flashloan,14,2026-02-15 00:00:00+00:00
Flashloan,139,2025-08-18 00:00:00+00:00
Flashloan,8,2026-02-25 00:00:00+00:00
Flashloan,81,2025-11-29 00:00:00+00:00
Deposit,1958,2025-03-10 00:00:00+00:00
Deposit,1117,2025-12-12 00:00:00+00:00
Deposit,1203,2026-02-08 00:00:00+00:00
Deposit,975,2025-10-20 00:00:00+00:00
Deposit,1164,2025-12-09 00:00:00+00:00
Deposit,569,2025-05-17 00:00:00+00:00
Deposit,1234,2025-07-31 00:00:00+00:00
Deposit,802,2025-06-12 00:00:00+00:00
Deposit,617,2025-03-22 00:00:00+00:00
Deposit,796,2025-09-06 00:00:00+00:00
Deposit,2324,2026-02-01 00:00:00+00:00
Deposit,1078,2026-02-15 00:00:00+00:00
Deposit,1142,2025-08-29 00:00:00+00:00
Deposit,1003,2025-09-19 00:00:00+00:00
Deposit,766,2025-05-01 00:00:00+00:00
Deposit,1341,2025-08-18 00:00:00+00:00
Deposit,695,2025-11-29 00:00:00+00:00
Deposit,421,2026-02-25 00:00:00+00:00
Borrow,348,2026-01-10 00:00:00+00:00
Deposit,972,2025-06-13 00:00:00+00:00
Deposit,797,2025-03-24 00:00:00+00:00
Deposit,859,2025-06-17 00:00:00+00:00
Deposit,1108,2025-07-14 00:00:00+00:00
Deposit,721,2025-12-06 00:00:00+00:00
Deposit,707,2025-12-07 00:00:00+00:00
Deposit,857,2026-01-07 00:00:00+00:00
Deposit,1041,2025-03-29 00:00:00+00:00
Deposit,563,2025-04-26 00:00:00+00:00
Deposit,1197,2025-12-11 00:00:00+00:00
Deposit,673,2025-04-25 00:00:00+00:00
Deposit,1664,2025-03-11 00:00:00+00:00
Deposit,2080,2026-02-03 00:00:00+00:00
Deposit,977,2025-09-30 00:00:00+00:00
Deposit,915,2025-10-19 00:00:00+00:00
Borrow,369,2026-02-22 00:00:00+00:00
Borrow,544,2025-03-05 00:00:00+00:00
Borrow,1054,2025-08-15 00:00:00+00:00
Borrow,542,2025-04-30 00:00:00+00:00
Borrow,555,2025-05-16 00:00:00+00:00
Deposit,1254,2025-08-03 00:00:00+00:00
Deposit,1376,2025-02-26 00:00:00+00:00
Deposit,680,2026-02-22 00:00:00+00:00
Deposit,1123,2025-03-05 00:00:00+00:00
Deposit,1383,2025-08-15 00:00:00+00:00
Deposit,703,2025-04-30 00:00:00+00:00
Deposit,683,2025-05-16 00:00:00+00:00
Deposit,1673,2025-11-17 00:00:00+00:00
Deposit,987,2025-09-04 00:00:00+00:00
Deposit,825,2025-11-01 00:00:00+00:00
Deposit,944,2025-09-03 00:00:00+00:00
Deposit,1168,2025-10-22 00:00:00+00:00
Borrow,541,2025-06-18 00:00:00+00:00
Borrow,1031,2025-10-06 00:00:00+00:00
Borrow,358,2025-03-30 00:00:00+00:00
Borrow,689,2025-06-13 00:00:00+00:00
Borrow,613,2025-03-24 00:00:00+00:00
Borrow,1035,2025-08-03 00:00:00+00:00
Borrow,653,2025-02-26 00:00:00+00:00
Borrow,767,2025-09-03 00:00:00+00:00
Borrow,711,2025-10-22 00:00:00+00:00
Borrow,575,2025-06-17 00:00:00+00:00
Borrow,918,2025-07-14 00:00:00+00:00
Borrow,398,2025-12-06 00:00:00+00:00
Borrow,426,2025-12-07 00:00:00+00:00
Borrow,536,2026-01-07 00:00:00+00:00
Borrow,635,2025-12-11 00:00:00+00:00
Borrow,595,2025-04-25 00:00:00+00:00
Borrow,456,2025-04-26 00:00:00+00:00
Borrow,402,2025-03-29 00:00:00+00:00
Borrow,709,2025-09-04 00:00:00+00:00
Borrow,512,2025-11-01 00:00:00+00:00
Borrow,718,2025-11-17 00:00:00+00:00
Flashloan,56,2025-09-03 00:00:00+00:00
Flashloan,106,2025-10-22 00:00:00+00:00
Flashloan,69,2025-03-05 00:00:00+00:00
Flashloan,54,2025-04-30 00:00:00+00:00
Flashloan,94,2025-08-15 00:00:00+00:00
Flashloan,13,2026-02-22 00:00:00+00:00
Flashloan,40,2025-05-16 00:00:00+00:00
Flashloan,75,2025-03-30 00:00:00+00:00
Flashloan,53,2025-06-18 00:00:00+00:00
Flashloan,78,2025-10-06 00:00:00+00:00
Flashloan,82,2025-03-29 00:00:00+00:00
Flashloan,60,2025-04-25 00:00:00+00:00
Flashloan,33,2025-04-26 00:00:00+00:00
Flashloan,11,2026-01-07 00:00:00+00:00
Flashloan,9,2025-12-11 00:00:00+00:00
Flashloan,234,2025-11-17 00:00:00+00:00
Flashloan,56,2025-11-01 00:00:00+00:00
Flashloan,62,2025-09-04 00:00:00+00:00
Flashloan,146,2025-02-26 00:00:00+00:00
Flashloan,68,2025-08-03 00:00:00+00:00
Flashloan,65,2025-10-19 00:00:00+00:00
Flashloan,181,2025-03-11 00:00:00+00:00
Flashloan,14,2026-02-03 00:00:00+00:00
Flashloan,75,2025-09-30 00:00:00+00:00
Flashloan,78,2025-06-17 00:00:00+00:00
Flashloan,53,2025-07-14 00:00:00+00:00
Flashloan,9,2025-12-06 00:00:00+00:00
Flashloan,9,2025-12-07 00:00:00+00:00
Flashloan,68,2025-03-24 00:00:00+00:00
Flashloan,106,2025-06-13 00:00:00+00:00
Repay,364,2025-10-06 00:00:00+00:00
Repay,252,2025-06-18 00:00:00+00:00
Repay,345,2025-03-30 00:00:00+00:00
Repay,482,2025-10-14 00:00:00+00:00
Repay,608,2025-03-11 00:00:00+00:00
Repay,1147,2026-02-03 00:00:00+00:00
Repay,287,2025-10-19 00:00:00+00:00
Repay,367,2025-09-30 00:00:00+00:00
Repay,179,2025-03-05 00:00:00+00:00
Repay,293,2026-02-22 00:00:00+00:00
Repay,478,2025-08-15 00:00:00+00:00
Repay,188,2025-04-30 00:00:00+00:00
Repay,209,2025-05-16 00:00:00+00:00
Repay,324,2025-08-03 00:00:00+00:00
Repay,335,2025-06-13 00:00:00+00:00
Repay,228,2025-03-24 00:00:00+00:00
Repay,292,2025-12-06 00:00:00+00:00
Repay,340,2025-12-07 00:00:00+00:00
Repay,330,2025-07-14 00:00:00+00:00
Repay,291,2025-06-17 00:00:00+00:00
Repay,316,2026-01-07 00:00:00+00:00
Repay,394,2025-03-29 00:00:00+00:00
Repay,150,2025-04-26 00:00:00+00:00
Repay,453,2025-12-11 00:00:00+00:00
Repay,193,2025-04-25 00:00:00+00:00
Repay,478,2025-02-26 00:00:00+00:00
Repay,690,2025-11-17 00:00:00+00:00
Repay,332,2025-09-04 00:00:00+00:00
Repay,254,2025-11-01 00:00:00+00:00
Repay,302,2025-09-03 00:00:00+00:00
Repay,441,2025-10-22 00:00:00+00:00
Liquidation,4,2026-02-22 00:00:00+00:00
Liquidation,4,2025-04-30 00:00:00+00:00
Liquidation,4,2025-08-15 00:00:00+00:00
Liquidation,3,2025-05-16 00:00:00+00:00
Liquidation,1,2025-03-05 00:00:00+00:00
Borrow,689,2025-03-11 00:00:00+00:00
Borrow,829,2026-02-03 00:00:00+00:00
Borrow,848,2025-09-30 00:00:00+00:00
Borrow,531,2025-10-19 00:00:00+00:00
Repay,290,2025-11-26 00:00:00+00:00
Repay,235,2025-11-02 00:00:00+00:00
Repay,265,2025-05-30 00:00:00+00:00
Repay,326,2025-12-31 00:00:00+00:00
Repay,361,2025-10-27 00:00:00+00:00
Liquidation,1,2025-10-06 00:00:00+00:00
Liquidation,4,2025-06-18 00:00:00+00:00
Liquidation,10,2025-03-30 00:00:00+00:00
Liquidation,18,2026-02-03 00:00:00+00:00
Liquidation,20,2025-03-11 00:00:00+00:00
Liquidation,1,2025-09-30 00:00:00+00:00
Liquidation,1,2025-08-03 00:00:00+00:00
Liquidation,11,2025-06-13 00:00:00+00:00
Liquidation,1,2025-03-24 00:00:00+00:00
Deposit,1325,2025-10-14 00:00:00+00:00
Liquidation,4,2025-06-17 00:00:00+00:00
Liquidation,3,2025-07-14 00:00:00+00:00
Liquidation,2,2025-12-06 00:00:00+00:00
Liquidation,2,2025-12-07 00:00:00+00:00
Deposit,1078,2025-10-01 00:00:00+00:00
Deposit,499,2025-04-18 00:00:00+00:00
Deposit,722,2025-12-24 00:00:00+00:00
Deposit,1149,2025-10-27 00:00:00+00:00
Deposit,750,2025-11-02 00:00:00+00:00
Deposit,708,2025-05-30 00:00:00+00:00
Deposit,1060,2025-11-26 00:00:00+00:00
Deposit,893,2025-12-31 00:00:00+00:00
Liquidation,11,2026-01-25 00:00:00+00:00
Liquidation,3,2025-05-12 00:00:00+00:00
Liquidation,1,2025-11-15 00:00:00+00:00
Deposit,1200,2025-03-03 00:00:00+00:00
Deposit,1150,2025-09-12 00:00:00+00:00
Deposit,727,2025-04-16 00:00:00+00:00
Liquidation,5,2025-10-14 00:00:00+00:00
Liquidation,3,2025-10-27 00:00:00+00:00
Liquidation,4,2025-07-15 00:00:00+00:00
Liquidation,6,2025-08-11 00:00:00+00:00
Liquidation,7,2025-04-16 00:00:00+00:00
Liquidation,1,2025-10-01 00:00:00+00:00
Liquidation,3,2026-02-07 00:00:00+00:00
Liquidation,2,2026-02-12 00:00:00+00:00
Liquidation,1,2025-05-24 00:00:00+00:00
Liquidation,6,2025-12-24 00:00:00+00:00
Liquidation,2,2025-04-18 00:00:00+00:00
Liquidation,7,2025-05-30 00:00:00+00:00
Liquidation,4,2025-12-31 00:00:00+00:00
Liquidation,6,2025-11-26 00:00:00+00:00
Liquidation,13,2025-03-03 00:00:00+00:00
Liquidation,1,2025-09-12 00:00:00+00:00
Flashloan,60,2025-04-16 00:00:00+00:00
Deposit,1328,2026-01-25 00:00:00+00:00
Deposit,798,2025-05-12 00:00:00+00:00
Deposit,991,2025-11-15 00:00:00+00:00
Flashloan,11,2025-12-24 00:00:00+00:00
Flashloan,30,2025-04-18 00:00:00+00:00
Flashloan,44,2025-11-02 00:00:00+00:00
Flashloan,53,2025-11-26 00:00:00+00:00
Flashloan,58,2025-05-30 00:00:00+00:00
Flashloan,6,2025-12-31 00:00:00+00:00
Flashloan,231,2025-02-25 00:00:00+00:00
Flashloan,55,2025-04-04 00:00:00+00:00
Flashloan,256,2025-02-28 00:00:00+00:00
Flashloan,11,2025-12-25 00:00:00+00:00
Flashloan,17,2026-01-29 00:00:00+00:00
Flashloan,46,2025-07-01 00:00:00+00:00
Flashloan,65,2025-04-01 00:00:00+00:00
Flashloan,69,2025-10-24 00:00:00+00:00
Flashloan,52,2025-07-09 00:00:00+00:00
Flashloan,118,2025-08-02 00:00:00+00:00
Deposit,676,2025-06-18 00:00:00+00:00
Deposit,1191,2025-10-06 00:00:00+00:00
Deposit,765,2025-03-30 00:00:00+00:00
Flashloan,207,2025-09-25 00:00:00+00:00
Flashloan,113,2025-08-13 00:00:00+00:00
Flashloan,10,2025-12-28 00:00:00+00:00
Flashloan,83,2025-08-24 00:00:00+00:00
Flashloan,30,2025-05-27 00:00:00+00:00
Flashloan,12,2026-01-26 00:00:00+00:00
Flashloan,174,2025-09-22 00:00:00+00:00
Flashloan,29,2025-07-06 00:00:00+00:00
Liquidation,3,2025-08-16 00:00:00+00:00
Deposit,1310,2025-08-11 00:00:00+00:00
Deposit,966,2025-07-15 00:00:00+00:00
Flashloan,88,2025-10-01 00:00:00+00:00
Flashloan,166,2025-10-30 00:00:00+00:00
Borrow,551,2026-01-25 00:00:00+00:00
Borrow,470,2025-11-15 00:00:00+00:00
Borrow,812,2025-05-12 00:00:00+00:00
Borrow,874,2025-10-14 00:00:00+00:00
Deposit,1073,2025-08-16 00:00:00+00:00
Deposit,672,2025-05-05 00:00:00+00:00
Deposit,1479,2026-02-07 00:00:00+00:00
Deposit,1162,2026-02-12 00:00:00+00:00
Deposit,806,2025-05-24 00:00:00+00:00
Borrow,945,2025-10-27 00:00:00+00:00
Borrow,833,2025-07-15 00:00:00+00:00
Borrow,1166,2025-08-11 00:00:00+00:00
Borrow,719,2025-08-16 00:00:00+00:00
Borrow,541,2025-05-05 00:00:00+00:00
Borrow,684,2026-02-07 00:00:00+00:00
Borrow,618,2025-05-24 00:00:00+00:00
Borrow,570,2026-02-12 00:00:00+00:00
Borrow,333,2025-04-18 00:00:00+00:00
Borrow,358,2025-12-24 00:00:00+00:00
Borrow,945,2025-10-01 00:00:00+00:00
Borrow,701,2025-03-03 00:00:00+00:00
Borrow,861,2025-09-12 00:00:00+00:00
Borrow,484,2025-11-02 00:00:00+00:00
Borrow,664,2025-11-26 00:00:00+00:00
Borrow,457,2025-12-31 00:00:00+00:00
Borrow,594,2025-05-30 00:00:00+00:00
Borrow,495,2025-04-16 00:00:00+00:00
Liquidation,8,2025-10-22 00:00:00+00:00
Liquidation,2,2025-09-03 00:00:00+00:00
Liquidation,7,2025-03-29 00:00:00+00:00
Liquidation,2,2025-04-25 00:00:00+00:00
Liquidation,4,2026-01-07 00:00:00+00:00
Liquidation,4,2025-12-11 00:00:00+00:00
Liquidation,4,2025-09-04 00:00:00+00:00
Liquidation,12,2025-11-17 00:00:00+00:00
Liquidation,18,2025-02-26 00:00:00+00:00
Deposit,869,2026-01-02 00:00:00+00:00
Deposit,1169,2025-07-20 00:00:00+00:00
Deposit,995,2025-07-24 00:00:00+00:00
Deposit,2526,2025-04-07 00:00:00+00:00
Deposit,859,2026-02-17 00:00:00+00:00
Deposit,881,2025-10-18 00:00:00+00:00
Deposit,744,2025-03-25 00:00:00+00:00
Deposit,1356,2026-01-21 00:00:00+00:00
Deposit,1042,2025-09-21 00:00:00+00:00
Deposit,725,2025-03-20 00:00:00+00:00
Deposit,890,2025-07-19 00:00:00+00:00
Deposit,715,2025-12-20 00:00:00+00:00
Deposit,1312,2025-06-22 00:00:00+00:00
Deposit,935,2026-01-16 00:00:00+00:00
Deposit,1311,2025-08-20 00:00:00+00:00
Deposit,733,2025-06-04 00:00:00+00:00
Deposit,967,2025-08-21 00:00:00+00:00
Deposit,1225,2025-10-05 00:00:00+00:00
Deposit,1718,2025-11-18 00:00:00+00:00
Deposit,442,2025-04-20 00:00:00+00:00
Deposit,1515,2025-12-01 00:00:00+00:00
Borrow,989,2025-07-20 00:00:00+00:00
Deposit,1341,2025-08-26 00:00:00+00:00
Deposit,856,2025-09-09 00:00:00+00:00
Deposit,793,2025-11-30 00:00:00+00:00
Deposit,1027,2025-09-16 00:00:00+00:00
Deposit,1528,2025-11-06 00:00:00+00:00
Borrow,832,2025-10-05 00:00:00+00:00
Borrow,747,2025-11-18 00:00:00+00:00
Borrow,308,2025-04-20 00:00:00+00:00
Borrow,765,2025-08-21 00:00:00+00:00
Borrow,642,2026-01-21 00:00:00+00:00
Borrow,489,2026-02-17 00:00:00+00:00
Borrow,502,2025-03-25 00:00:00+00:00
Borrow,527,2025-10-18 00:00:00+00:00
Flashloan,73,2025-07-20 00:00:00+00:00
Flashloan,61,2025-03-20 00:00:00+00:00
Flashloan,167,2025-11-18 00:00:00+00:00
Flashloan,75,2025-08-21 00:00:00+00:00
Flashloan,77,2025-10-05 00:00:00+00:00
Flashloan,31,2025-04-20 00:00:00+00:00
Flashloan,12,2026-01-16 00:00:00+00:00
Flashloan,18,2026-01-21 00:00:00+00:00
Flashloan,42,2025-09-21 00:00:00+00:00
Flashloan,53,2025-06-02 00:00:00+00:00
Flashloan,36,2025-07-12 00:00:00+00:00
Flashloan,117,2025-08-20 00:00:00+00:00
Flashloan,31,2025-06-04 00:00:00+00:00
Flashloan,175,2025-06-22 00:00:00+00:00
Flashloan,108,2025-12-01 00:00:00+00:00
Flashloan,69,2025-10-18 00:00:00+00:00
Flashloan,10,2026-02-17 00:00:00+00:00
Flashloan,41,2025-03-25 00:00:00+00:00
Flashloan,99,2025-11-06 00:00:00+00:00
Flashloan,62,2025-09-16 00:00:00+00:00
Flashloan,13,2026-01-02 00:00:00+00:00
Borrow,1059,2025-08-26 00:00:00+00:00
Borrow,705,2025-09-09 00:00:00+00:00
Borrow,455,2025-11-30 00:00:00+00:00
Deposit,982,2026-02-16 00:00:00+00:00
Deposit,704,2025-06-03 00:00:00+00:00
Deposit,701,2025-12-21 00:00:00+00:00
Deposit,451,2025-04-19 00:00:00+00:00
Deposit,1024,2025-10-31 00:00:00+00:00
Deposit,910,2025-09-15 00:00:00+00:00
Deposit,677,2025-06-29 00:00:00+00:00
Deposit,1021,2025-07-25 00:00:00+00:00
Deposit,757,2025-05-10 00:00:00+00:00
Deposit,677,2025-05-29 00:00:00+00:00
Deposit,1000,2025-05-09 00:00:00+00:00
Deposit,1607,2025-10-17 00:00:00+00:00
Deposit,1213,2026-01-22 00:00:00+00:00
Deposit,1341,2026-02-11 00:00:00+00:00
Deposit,1107,2025-06-23 00:00:00+00:00
Deposit,2468,2025-10-11 00:00:00+00:00
Deposit,825,2025-05-22 00:00:00+00:00
Deposit,1186,2025-11-25 00:00:00+00:00
Borrow,526,2025-03-20 00:00:00+00:00
Borrow,666,2025-06-22 00:00:00+00:00
Borrow,876,2025-07-24 00:00:00+00:00
Borrow,923,2025-04-07 00:00:00+00:00
Borrow,550,2025-06-04 00:00:00+00:00
Borrow,968,2025-08-20 00:00:00+00:00
Borrow,561,2026-01-16 00:00:00+00:00
Borrow,773,2025-09-16 00:00:00+00:00
Borrow,759,2025-11-06 00:00:00+00:00
Borrow,680,2025-09-21 00:00:00+00:00
Borrow,547,2026-01-02 00:00:00+00:00
Borrow,720,2025-07-19 00:00:00+00:00
Borrow,373,2025-12-20 00:00:00+00:00
Repay,632,2026-01-21 00:00:00+00:00
Flashloan,107,2025-10-09 00:00:00+00:00
Flashloan,48,2025-05-31 00:00:00+00:00
Flashloan,62,2025-07-29 00:00:00+00:00
Flashloan,35,2025-03-21 00:00:00+00:00
Flashloan,11,2025-12-30 00:00:00+00:00
Flashloan,49,2025-04-15 00:00:00+00:00
Flashloan,323,2025-04-07 00:00:00+00:00
Flashloan,57,2025-07-24 00:00:00+00:00
Liquidation,4,2025-07-20 00:00:00+00:00
Borrow,728,2025-09-11 00:00:00+00:00
Borrow,1079,2025-10-02 00:00:00+00:00
Flashloan,39,2025-09-09 00:00:00+00:00
Flashloan,106,2025-08-26 00:00:00+00:00
Flashloan,30,2025-11-30 00:00:00+00:00
Borrow,374,2025-12-21 00:00:00+00:00
Borrow,607,2025-06-03 00:00:00+00:00
Borrow,499,2026-02-16 00:00:00+00:00
Borrow,316,2025-04-19 00:00:00+00:00
Borrow,627,2025-10-31 00:00:00+00:00
Borrow,860,2025-07-25 00:00:00+00:00
Borrow,741,2025-09-15 00:00:00+00:00
Borrow,462,2025-06-29 00:00:00+00:00
Borrow,888,2025-05-09 00:00:00+00:00
Borrow,479,2026-01-22 00:00:00+00:00
Borrow,663,2026-02-11 00:00:00+00:00
Borrow,778,2025-10-17 00:00:00+00:00
Borrow,679,2025-06-23 00:00:00+00:00
Borrow,693,2025-05-10 00:00:00+00:00
Borrow,608,2025-05-29 00:00:00+00:00
Borrow,1269,2025-10-11 00:00:00+00:00
Borrow,778,2025-05-22 00:00:00+00:00
Borrow,688,2025-11-25 00:00:00+00:00
Borrow,549,2025-03-19 00:00:00+00:00
Borrow,585,2025-11-12 00:00:00+00:00
Repay,320,2025-07-20 00:00:00+00:00
Repay,235,2025-03-20 00:00:00+00:00
Repay,752,2025-11-18 00:00:00+00:00
Repay,321,2025-08-21 00:00:00+00:00
Repay,350,2025-10-05 00:00:00+00:00
Repay,146,2025-04-20 00:00:00+00:00
Repay,403,2025-08-20 00:00:00+00:00
Repay,175,2025-06-04 00:00:00+00:00
Repay,171,2025-03-25 00:00:00+00:00
Repay,308,2025-10-18 00:00:00+00:00
Repay,357,2026-02-17 00:00:00+00:00
Repay,305,2025-07-24 00:00:00+00:00
Repay,1226,2025-04-07 00:00:00+00:00
Repay,530,2025-06-22 00:00:00+00:00
Repay,284,2025-09-21 00:00:00+00:00
Repay,268,2025-07-19 00:00:00+00:00
Repay,285,2025-12-20 00:00:00+00:00
Repay,355,2026-01-02 00:00:00+00:00
Repay,328,2026-01-16 00:00:00+00:00
Repay,622,2025-12-01 00:00:00+00:00
Repay,709,2025-11-06 00:00:00+00:00
Repay,326,2025-09-16 00:00:00+00:00
Borrow,837,2025-12-01 00:00:00+00:00
Flashloan,71,2025-07-16 00:00:00+00:00
Flashloan,59,2025-07-02 00:00:00+00:00
Flashloan,68,2025-10-08 00:00:00+00:00
Flashloan,8,2026-01-12 00:00:00+00:00
Flashloan,40,2025-06-27 00:00:00+00:00
Flashloan,42,2025-04-17 00:00:00+00:00
Flashloan,82,2025-11-10 00:00:00+00:00
Flashloan,12,2026-01-24 00:00:00+00:00
Flashloan,48,2025-03-15 00:00:00+00:00
Flashloan,93,2025-03-02 00:00:00+00:00
Flashloan,70,2025-07-23 00:00:00+00:00
Flashloan,84,2025-08-17 00:00:00+00:00
Flashloan,11,2026-02-13 00:00:00+00:00
Flashloan,78,2025-09-17 00:00:00+00:00
Flashloan,36,2025-11-27 00:00:00+00:00
Flashloan,20,2025-11-28 00:00:00+00:00
Flashloan,56,2025-09-13 00:00:00+00:00
Flashloan,81,2025-03-28 00:00:00+00:00
Flashloan,42,2025-05-25 00:00:00+00:00
Flashloan,10,2026-02-14 00:00:00+00:00
Deposit,733,2025-03-19 00:00:00+00:00
Deposit,1076,2025-11-12 00:00:00+00:00
Borrow,570,2025-03-09 00:00:00+00:00
Borrow,633,2025-04-10 00:00:00+00:00
Borrow,550,2026-02-20 00:00:00+00:00
Borrow,387,2025-06-14 00:00:00+00:00
Borrow,611,2025-08-31 00:00:00+00:00
Borrow,405,2026-01-17 00:00:00+00:00
Borrow,995,2025-10-13 00:00:00+00:00
Borrow,1112,2025-07-30 00:00:00+00:00
Borrow,604,2026-01-27 00:00:00+00:00
Borrow,652,2025-12-04 00:00:00+00:00
Borrow,674,2025-07-03 00:00:00+00:00
Borrow,520,2025-03-14 00:00:00+00:00
Flashloan,26,2025-04-19 00:00:00+00:00
Flashloan,13,2025-12-21 00:00:00+00:00
Flashloan,38,2025-06-03 00:00:00+00:00
Flashloan,9,2026-02-16 00:00:00+00:00
Flashloan,78,2025-10-31 00:00:00+00:00
Flashloan,52,2025-09-15 00:00:00+00:00
Flashloan,37,2025-06-29 00:00:00+00:00
Flashloan,87,2025-07-25 00:00:00+00:00
Flashloan,71,2025-05-10 00:00:00+00:00
Flashloan,49,2025-05-29 00:00:00+00:00
Flashloan,75,2025-05-09 00:00:00+00:00
Flashloan,195,2025-10-17 00:00:00+00:00
Flashloan,11,2026-01-22 00:00:00+00:00
Flashloan,16,2026-02-11 00:00:00+00:00
Flashloan,108,2025-06-23 00:00:00+00:00
Flashloan,247,2025-10-11 00:00:00+00:00
Flashloan,65,2025-11-25 00:00:00+00:00
Flashloan,43,2025-05-22 00:00:00+00:00
Flashloan,76,2025-03-19 00:00:00+00:00
Flashloan,77,2025-11-12 00:00:00+00:00
Liquidation,12,2025-11-18 00:00:00+00:00
Liquidation,1,2025-10-05 00:00:00+00:00
Liquidation,3,2025-04-20 00:00:00+00:00
Liquidation,1,2025-08-21 00:00:00+00:00
Liquidation,4,2025-03-25 00:00:00+00:00
Liquidation,1,2025-10-18 00:00:00+00:00
Liquidation,1,2026-02-17 00:00:00+00:00
Liquidation,11,2026-01-21 00:00:00+00:00
Liquidation,2,2025-03-20 00:00:00+00:00
Liquidation,1,2025-08-20 00:00:00+00:00
Liquidation,2,2025-06-04 00:00:00+00:00
Liquidation,13,2025-12-01 00:00:00+00:00
Liquidation,14,2025-06-22 00:00:00+00:00
Liquidation,2,2026-01-02 00:00:00+00:00
Liquidation,20,2025-04-07 00:00:00+00:00
Liquidation,4,2025-07-24 00:00:00+00:00
Liquidation,4,2025-11-06 00:00:00+00:00
Liquidation,1,2025-09-16 00:00:00+00:00
Liquidation,2,2025-07-19 00:00:00+00:00
Liquidation,2,2026-01-16 00:00:00+00:00
Borrow,493,2025-12-23 00:00:00+00:00
Borrow,557,2025-06-01 00:00:00+00:00
Borrow,878,2025-08-10 00:00:00+00:00
Borrow,767,2025-10-21 00:00:00+00:00
Borrow,829,2025-04-23 00:00:00+00:00
Borrow,511,2025-06-20 00:00:00+00:00
Borrow,976,2025-11-21 00:00:00+00:00
Borrow,537,2025-12-16 00:00:00+00:00
Borrow,502,2025-06-25 00:00:00+00:00
Borrow,779,2025-10-16 00:00:00+00:00
Borrow,769,2025-05-13 00:00:00+00:00
Liquidation,4,2025-11-30 00:00:00+00:00
Liquidation,4,2025-08-26 00:00:00+00:00
Liquidation,1,2025-09-09 00:00:00+00:00
Repay,362,2025-10-09 00:00:00+00:00
Repay,235,2025-05-31 00:00:00+00:00
Liquidation,6,2025-12-21 00:00:00+00:00
Liquidation,7,2026-02-16 00:00:00+00:00
Liquidation,1,2025-06-03 00:00:00+00:00
Liquidation,14,2025-10-17 00:00:00+00:00
Liquidation,4,2026-01-22 00:00:00+00:00
Liquidation,8,2026-02-11 00:00:00+00:00
Liquidation,14,2025-10-11 00:00:00+00:00
Liquidation,5,2025-05-10 00:00:00+00:00
Liquidation,3,2025-05-29 00:00:00+00:00
Liquidation,8,2025-05-09 00:00:00+00:00
Liquidation,2,2025-06-23 00:00:00+00:00
Liquidation,2,2025-11-25 00:00:00+00:00
Liquidation,1,2025-05-22 00:00:00+00:00
Liquidation,2,2025-11-12 00:00:00+00:00
Liquidation,2,2025-03-19 00:00:00+00:00
Liquidation,4,2025-09-15 00:00:00+00:00
Liquidation,2,2025-06-29 00:00:00+00:00
Liquidation,2,2025-07-25 00:00:00+00:00
Flashloan,11,2025-12-04 00:00:00+00:00
Flashloan,11,2026-01-27 00:00:00+00:00
Deposit,1062,2025-10-09 00:00:00+00:00
Deposit,800,2025-05-31 00:00:00+00:00
Repay,765,2025-02-25 00:00:00+00:00
Repay,253,2025-04-04 00:00:00+00:00
Repay,269,2025-03-28 00:00:00+00:00
Repay,310,2025-12-30 00:00:00+00:00
Repay,298,2025-07-29 00:00:00+00:00
Repay,176,2025-03-21 00:00:00+00:00
Repay,236,2025-06-27 00:00:00+00:00
Repay,320,2026-01-12 00:00:00+00:00
Repay,316,2025-10-08 00:00:00+00:00
Repay,276,2025-07-02 00:00:00+00:00
Repay,359,2025-07-16 00:00:00+00:00
Repay,199,2025-04-17 00:00:00+00:00
Repay,152,2025-03-15 00:00:00+00:00
Repay,329,2025-07-23 00:00:00+00:00
Repay,247,2025-03-02 00:00:00+00:00
Repay,339,2025-08-17 00:00:00+00:00
Repay,255,2026-01-24 00:00:00+00:00
Repay,328,2025-11-10 00:00:00+00:00
Repay,462,2026-02-13 00:00:00+00:00
Repay,280,2025-11-28 00:00:00+00:00
Repay,377,2025-11-27 00:00:00+00:00
Repay,389,2026-02-14 00:00:00+00:00
Repay,213,2025-05-25 00:00:00+00:00
Repay,308,2025-09-13 00:00:00+00:00
Liquidation,2,2026-01-27 00:00:00+00:00
Liquidation,2,2025-12-04 00:00:00+00:00
Liquidation,6,2025-10-09 00:00:00+00:00
Liquidation,3,2025-05-31 00:00:00+00:00
Borrow,813,2025-10-09 00:00:00+00:00
Borrow,554,2025-05-31 00:00:00+00:00
Flashloan,140,2025-10-16 00:00:00+00:00
Flashloan,58,2025-05-13 00:00:00+00:00
Flashloan,47,2025-06-25 00:00:00+00:00
Flashloan,100,2025-04-10 00:00:00+00:00
Flashloan,130,2025-03-09 00:00:00+00:00
Flashloan,45,2025-08-31 00:00:00+00:00
Flashloan,93,2025-10-13 00:00:00+00:00
Flashloan,42,2025-06-14 00:00:00+00:00
Flashloan,12,2026-02-20 00:00:00+00:00
Flashloan,9,2026-01-17 00:00:00+00:00
Flashloan,68,2025-08-10 00:00:00+00:00
Flashloan,75,2025-04-23 00:00:00+00:00
Flashloan,112,2025-10-21 00:00:00+00:00
Flashloan,40,2025-06-01 00:00:00+00:00
Flashloan,374,2025-11-21 00:00:00+00:00
Flashloan,71,2025-06-20 00:00:00+00:00
Flashloan,16,2025-12-16 00:00:00+00:00
Repay,332,2025-09-17 00:00:00+00:00
Liquidation,1,2025-09-11 00:00:00+00:00
Liquidation,10,2025-04-10 00:00:00+00:00
Liquidation,10,2025-03-09 00:00:00+00:00
Liquidation,27,2025-11-21 00:00:00+00:00
Liquidation,3,2025-12-16 00:00:00+00:00
Liquidation,9,2025-06-20 00:00:00+00:00
Liquidation,3,2025-06-01 00:00:00+00:00
Liquidation,3,2025-07-03 00:00:00+00:00
Liquidation,2,2025-03-14 00:00:00+00:00
Liquidation,2,2025-12-23 00:00:00+00:00
Liquidation,6,2025-10-13 00:00:00+00:00
Liquidation,1,2025-08-31 00:00:00+00:00
Liquidation,2,2025-06-14 00:00:00+00:00
Liquidation,4,2026-02-20 00:00:00+00:00
Liquidation,9,2025-10-16 00:00:00+00:00
Liquidation,1,2025-05-13 00:00:00+00:00
Liquidation,2,2025-07-30 00:00:00+00:00
Liquidation,4,2025-08-10 00:00:00+00:00
Liquidation,5,2025-10-21 00:00:00+00:00
Liquidation,3,2025-04-23 00:00:00+00:00
Borrow,797,2025-07-29 00:00:00+00:00
Borrow,452,2025-03-21 00:00:00+00:00
Borrow,452,2025-12-30 00:00:00+00:00
Borrow,690,2025-07-02 00:00:00+00:00
Borrow,1056,2025-07-16 00:00:00+00:00
Borrow,831,2025-10-08 00:00:00+00:00
Borrow,537,2026-01-12 00:00:00+00:00
Borrow,536,2025-06-27 00:00:00+00:00
Borrow,447,2025-04-17 00:00:00+00:00
Borrow,351,2025-03-15 00:00:00+00:00
Borrow,722,2025-03-02 00:00:00+00:00
Borrow,909,2025-07-23 00:00:00+00:00
Borrow,801,2025-08-17 00:00:00+00:00
Borrow,405,2026-01-24 00:00:00+00:00
Borrow,752,2025-11-10 00:00:00+00:00
Borrow,587,2026-02-13 00:00:00+00:00
Borrow,772,2025-09-17 00:00:00+00:00
Borrow,579,2025-11-28 00:00:00+00:00
Borrow,692,2025-09-13 00:00:00+00:00
Borrow,560,2026-02-14 00:00:00+00:00
Borrow,515,2025-05-25 00:00:00+00:00
Borrow,539,2025-03-28 00:00:00+00:00
Borrow,669,2025-11-27 00:00:00+00:00
Flashloan,92,2025-10-02 00:00:00+00:00
Flashloan,46,2025-09-11 00:00:00+00:00
Liquidation,3,2025-03-21 00:00:00+00:00
Liquidation,1,2025-07-29 00:00:00+00:00
Liquidation,7,2025-07-16 00:00:00+00:00
Liquidation,2,2025-10-08 00:00:00+00:00
Liquidation,1,2026-01-12 00:00:00+00:00
Liquidation,2,2025-07-02 00:00:00+00:00
Liquidation,1,2025-06-27 00:00:00+00:00
Liquidation,2,2025-04-17 00:00:00+00:00
Liquidation,12,2025-03-28 00:00:00+00:00
Liquidation,4,2025-07-23 00:00:00+00:00
Liquidation,7,2025-03-02 00:00:00+00:00
Liquidation,6,2025-08-17 00:00:00+00:00
Liquidation,2,2025-03-15 00:00:00+00:00
Liquidation,5,2025-11-10 00:00:00+00:00
Liquidation,5,2025-11-27 00:00:00+00:00
Liquidation,4,2026-02-13 00:00:00+00:00
Liquidation,1,2025-09-17 00:00:00+00:00
Liquidation,2,2026-02-14 00:00:00+00:00
Liquidation,1,2025-05-25 00:00:00+00:00
Liquidation,2,2025-11-28 00:00:00+00:00
Liquidation,5,2025-09-13 00:00:00+00:00
Repay,239,2025-04-15 00:00:00+00:00
Repay,404,2025-10-24 00:00:00+00:00
Repay,227,2025-04-01 00:00:00+00:00
Repay,262,2025-07-12 00:00:00+00:00
Repay,225,2025-06-02 00:00:00+00:00
Repay,477,2025-10-30 00:00:00+00:00
Repay,641,2025-08-13 00:00:00+00:00
Repay,1184,2025-09-25 00:00:00+00:00
Repay,215,2025-12-28 00:00:00+00:00
Repay,610,2025-09-22 00:00:00+00:00
Repay,175,2025-07-06 00:00:00+00:00
Repay,476,2026-01-26 00:00:00+00:00
Repay,236,2025-05-27 00:00:00+00:00
Repay,365,2025-08-24 00:00:00+00:00
Repay,431,2025-08-02 00:00:00+00:00
Repay,237,2025-07-09 00:00:00+00:00
Deposit,873,2025-07-29 00:00:00+00:00
Deposit,787,2025-12-30 00:00:00+00:00
Deposit,707,2025-03-21 00:00:00+00:00
Deposit,570,2025-03-15 00:00:00+00:00
Deposit,944,2025-03-02 00:00:00+00:00
Deposit,1137,2025-08-17 00:00:00+00:00
Deposit,1405,2025-07-23 00:00:00+00:00
Deposit,1128,2026-02-13 00:00:00+00:00
Deposit,922,2026-01-24 00:00:00+00:00
Deposit,1239,2025-11-10 00:00:00+00:00
Deposit,1053,2025-09-17 00:00:00+00:00
Deposit,886,2025-11-28 00:00:00+00:00
Deposit,1069,2025-11-27 00:00:00+00:00
Deposit,877,2026-01-12 00:00:00+00:00
Deposit,873,2025-07-02 00:00:00+00:00
Deposit,1266,2025-07-16 00:00:00+00:00
Deposit,1074,2025-10-08 00:00:00+00:00
Deposit,1017,2025-09-13 00:00:00+00:00
Deposit,867,2025-03-28 00:00:00+00:00
Deposit,1030,2026-02-14 00:00:00+00:00
Deposit,708,2025-05-25 00:00:00+00:00
Liquidation,16,2025-02-25 00:00:00+00:00
Liquidation,6,2025-04-04 00:00:00+00:00
Repay,390,2025-10-21 00:00:00+00:00
Repay,283,2025-04-23 00:00:00+00:00
Repay,999,2025-02-28 00:00:00+00:00
Repay,230,2025-12-25 00:00:00+00:00
Repay,801,2026-01-29 00:00:00+00:00
Repay,303,2025-07-01 00:00:00+00:00
Liquidation,22,2025-02-28 00:00:00+00:00
Liquidation,1,2025-12-25 00:00:00+00:00
Liquidation,2,2025-07-09 00:00:00+00:00
Liquidation,7,2025-08-02 00:00:00+00:00
Liquidation,1,2025-07-01 00:00:00+00:00
Liquidation,13,2026-01-29 00:00:00+00:00
Repay,298,2025-07-03 00:00:00+00:00
Repay,220,2025-03-14 00:00:00+00:00
Repay,423,2025-07-30 00:00:00+00:00
Repay,389,2025-03-09 00:00:00+00:00
Repay,294,2025-04-10 00:00:00+00:00
Repay,321,2025-09-11 00:00:00+00:00
Repay,403,2025-10-02 00:00:00+00:00
Repay,353,2025-08-10 00:00:00+00:00
Repay,502,2025-10-16 00:00:00+00:00
Repay,177,2025-06-25 00:00:00+00:00
Repay,245,2025-05-13 00:00:00+00:00
Deposit,997,2025-06-27 00:00:00+00:00
Deposit,636,2025-04-17 00:00:00+00:00
Liquidation,4,2025-08-13 00:00:00+00:00
Liquidation,13,2025-09-25 00:00:00+00:00
Liquidation,1,2025-12-28 00:00:00+00:00
Liquidation,5,2025-08-24 00:00:00+00:00
Liquidation,1,2026-01-26 00:00:00+00:00
Liquidation,5,2025-04-01 00:00:00+00:00
Liquidation,9,2025-10-30 00:00:00+00:00
Borrow,708,2025-06-11 00:00:00+00:00
Borrow,811,2025-11-03 00:00:00+00:00
Repay,1510,2025-11-21 00:00:00+00:00
Repay,499,2025-12-16 00:00:00+00:00
Repay,225,2025-06-20 00:00:00+00:00
Repay,397,2026-02-20 00:00:00+00:00
Repay,259,2025-08-31 00:00:00+00:00
Repay,415,2025-10-13 00:00:00+00:00
Repay,203,2025-06-14 00:00:00+00:00
Repay,241,2026-01-17 00:00:00+00:00
Flashloan,52,2025-07-30 00:00:00+00:00
Deposit,2093,2025-02-28 00:00:00+00:00
Deposit,663,2025-12-25 00:00:00+00:00
Flashloan,42,2025-05-02 00:00:00+00:00
Flashloan,10,2026-01-14 00:00:00+00:00
Flashloan,15,2025-12-18 00:00:00+00:00
Liquidation,20,2025-09-22 00:00:00+00:00
Liquidation,2,2025-07-06 00:00:00+00:00
Deposit,1789,2025-02-25 00:00:00+00:00
Deposit,688,2025-04-04 00:00:00+00:00
Deposit,794,2025-07-09 00:00:00+00:00
Deposit,1184,2025-08-02 00:00:00+00:00
Deposit,1658,2026-01-29 00:00:00+00:00
Deposit,1137,2025-07-01 00:00:00+00:00
Deposit,1037,2025-10-24 00:00:00+00:00
Deposit,682,2025-04-01 00:00:00+00:00
Deposit,749,2025-04-15 00:00:00+00:00
Deposit,807,2025-07-12 00:00:00+00:00
Deposit,637,2025-06-02 00:00:00+00:00
Deposit,1307,2025-10-30 00:00:00+00:00
Deposit,594,2025-12-28 00:00:00+00:00
Deposit,1276,2025-08-24 00:00:00+00:00
Deposit,1293,2026-01-26 00:00:00+00:00
Deposit,725,2025-05-27 00:00:00+00:00
Deposit,644,2025-07-06 00:00:00+00:00
Deposit,1732,2025-09-22 00:00:00+00:00
Repay,391,2025-12-23 00:00:00+00:00
Flashloan,14,2025-12-23 00:00:00+00:00
Liquidation,2,2025-04-15 00:00:00+00:00
Liquidation,2,2025-06-02 00:00:00+00:00
Liquidation,2,2025-07-12 00:00:00+00:00
Deposit,1792,2025-08-13 00:00:00+00:00
Deposit,2074,2025-09-25 00:00:00+00:00
Deposit,1301,2025-03-09 00:00:00+00:00
Deposit,931,2025-04-10 00:00:00+00:00
Deposit,1108,2025-06-01 00:00:00+00:00
Deposit,1165,2026-01-27 00:00:00+00:00
Deposit,1089,2025-12-04 00:00:00+00:00
Deposit,854,2025-03-14 00:00:00+00:00
Deposit,1038,2025-07-03 00:00:00+00:00
Deposit,926,2026-02-20 00:00:00+00:00
Deposit,855,2025-08-31 00:00:00+00:00
Deposit,799,2026-01-17 00:00:00+00:00
Deposit,632,2025-06-14 00:00:00+00:00
Deposit,1286,2025-10-13 00:00:00+00:00
Flashloan,109,2025-08-09 00:00:00+00:00
Flashloan,91,2025-11-24 00:00:00+00:00
Flashloan,175,2025-11-03 00:00:00+00:00
Flashloan,57,2025-06-11 00:00:00+00:00
Flashloan,73,2025-09-18 00:00:00+00:00
Flashloan,81,2025-07-22 00:00:00+00:00
Flashloan,59,2025-11-08 00:00:00+00:00
Flashloan,84,2025-08-23 00:00:00+00:00
Flashloan,8,2026-01-09 00:00:00+00:00
Flashloan,18,2026-01-19 00:00:00+00:00
Flashloan,62,2025-07-28 00:00:00+00:00
Flashloan,186,2025-03-04 00:00:00+00:00
Flashloan,14,2025-12-13 00:00:00+00:00
Flashloan,52,2025-05-23 00:00:00+00:00
Flashloan,45,2025-06-06 00:00:00+00:00
Flashloan,64,2025-04-11 00:00:00+00:00
Flashloan,83,2025-11-09 00:00:00+00:00
Flashloan,89,2025-11-22 00:00:00+00:00
Flashloan,105,2025-10-07 00:00:00+00:00
Flashloan,42,2025-07-08 00:00:00+00:00
Flashloan,44,2025-05-07 00:00:00+00:00
Flashloan,40,2025-06-26 00:00:00+00:00
Flashloan,50,2025-03-16 00:00:00+00:00
Deposit,600,2025-06-25 00:00:00+00:00
Deposit,1251,2025-10-16 00:00:00+00:00
Deposit,809,2025-05-13 00:00:00+00:00
Deposit,1200,2025-07-30 00:00:00+00:00
Deposit,1080,2025-08-10 00:00:00+00:00
Deposit,1030,2025-10-21 00:00:00+00:00
Deposit,960,2025-04-23 00:00:00+00:00
Deposit,864,2025-12-23 00:00:00+00:00
Deposit,692,2025-06-20 00:00:00+00:00
Deposit,2775,2025-11-21 00:00:00+00:00
Deposit,1058,2025-12-16 00:00:00+00:00
Deposit,1012,2025-09-11 00:00:00+00:00
Deposit,1231,2025-10-02 00:00:00+00:00
Borrow,883,2026-01-14 00:00:00+00:00
Borrow,572,2025-12-18 00:00:00+00:00
Borrow,525,2025-05-02 00:00:00+00:00
Borrow,913,2025-07-22 00:00:00+00:00
Borrow,506,2025-11-08 00:00:00+00:00
Borrow,814,2025-08-23 00:00:00+00:00
Borrow,478,2026-01-09 00:00:00+00:00
Borrow,848,2025-09-18 00:00:00+00:00
Borrow,503,2025-06-26 00:00:00+00:00
Borrow,305,2025-03-16 00:00:00+00:00
Borrow,591,2026-02-10 00:00:00+00:00
Borrow,661,2025-03-04 00:00:00+00:00
Borrow,402,2025-12-13 00:00:00+00:00
Borrow,928,2025-07-28 00:00:00+00:00
Borrow,650,2025-06-06 00:00:00+00:00
Borrow,776,2025-05-23 00:00:00+00:00
Borrow,495,2025-05-07 00:00:00+00:00
Borrow,618,2026-01-19 00:00:00+00:00
Borrow,509,2025-11-22 00:00:00+00:00
Borrow,595,2025-11-09 00:00:00+00:00
Borrow,540,2025-04-11 00:00:00+00:00
Borrow,638,2025-07-08 00:00:00+00:00
Borrow,958,2025-10-07 00:00:00+00:00
Repay,147,2025-04-19 00:00:00+00:00
Deposit,1207,2025-08-04 00:00:00+00:00
Deposit,1006,2026-01-13 00:00:00+00:00
Deposit,614,2025-04-28 00:00:00+00:00
Repay,282,2025-09-15 00:00:00+00:00
Repay,186,2025-06-29 00:00:00+00:00
Repay,312,2025-07-25 00:00:00+00:00
Repay,288,2025-05-29 00:00:00+00:00
Repay,252,2025-05-10 00:00:00+00:00
Repay,261,2025-12-21 00:00:00+00:00
Repay,231,2025-06-03 00:00:00+00:00
Repay,339,2026-02-16 00:00:00+00:00
Repay,304,2025-06-23 00:00:00+00:00
Repay,357,2025-11-25 00:00:00+00:00
Repay,245,2025-05-22 00:00:00+00:00
Repay,1268,2025-10-11 00:00:00+00:00
Repay,374,2025-10-31 00:00:00+00:00
Repay,218,2025-11-30 00:00:00+00:00
Repay,361,2025-08-26 00:00:00+00:00
Repay,308,2025-09-09 00:00:00+00:00
Repay,203,2025-03-19 00:00:00+00:00
Repay,335,2025-11-12 00:00:00+00:00
Repay,375,2026-01-22 00:00:00+00:00
Repay,710,2026-02-11 00:00:00+00:00
Repay,774,2025-10-17 00:00:00+00:00
Liquidation,7,2025-08-09 00:00:00+00:00
Liquidation,2,2025-11-24 00:00:00+00:00
Flashloan,36,2025-12-12 00:00:00+00:00
Flashloan,241,2025-03-10 00:00:00+00:00
Repay,336,2025-06-01 00:00:00+00:00
Borrow,784,2025-02-25 00:00:00+00:00
Borrow,427,2025-04-04 00:00:00+00:00
Flashloan,71,2025-07-03 00:00:00+00:00
Flashloan,72,2025-03-14 00:00:00+00:00
Flashloan,42,2025-07-19 00:00:00+00:00
Flashloan,11,2025-12-20 00:00:00+00:00
Borrow,824,2025-02-28 00:00:00+00:00
Borrow,327,2025-12-25 00:00:00+00:00
Borrow,687,2025-07-09 00:00:00+00:00
Borrow,845,2025-08-02 00:00:00+00:00
Borrow,677,2025-07-01 00:00:00+00:00
Borrow,720,2026-01-29 00:00:00+00:00
Borrow,602,2025-10-24 00:00:00+00:00
Borrow,465,2025-04-01 00:00:00+00:00
Borrow,551,2025-04-15 00:00:00+00:00
Borrow,948,2025-10-30 00:00:00+00:00
Borrow,686,2025-07-12 00:00:00+00:00
Borrow,550,2025-06-02 00:00:00+00:00
Borrow,1369,2025-08-13 00:00:00+00:00
Borrow,1401,2025-09-25 00:00:00+00:00
Borrow,314,2025-12-28 00:00:00+00:00
Borrow,926,2025-08-24 00:00:00+00:00
Borrow,606,2026-01-26 00:00:00+00:00
Borrow,624,2025-05-27 00:00:00+00:00
Borrow,441,2025-07-06 00:00:00+00:00
Borrow,1217,2025-09-22 00:00:00+00:00
Liquidation,9,2025-12-18 00:00:00+00:00
Liquidation,1,2026-01-14 00:00:00+00:00
Liquidation,3,2025-06-11 00:00:00+00:00
Liquidation,14,2025-11-03 00:00:00+00:00
Liquidation,3,2025-08-23 00:00:00+00:00
Liquidation,1,2026-01-09 00:00:00+00:00
Liquidation,4,2025-04-11 00:00:00+00:00
Liquidation,3,2025-11-09 00:00:00+00:00
Liquidation,16,2025-03-04 00:00:00+00:00
Liquidation,5,2025-07-28 00:00:00+00:00
Liquidation,1,2025-07-08 00:00:00+00:00
Liquidation,3,2025-10-07 00:00:00+00:00
Liquidation,3,2025-11-22 00:00:00+00:00
Repay,355,2025-05-09 00:00:00+00:00
Repay,372,2026-01-27 00:00:00+00:00
Repay,435,2025-12-04 00:00:00+00:00
Repay,371,2026-01-13 00:00:00+00:00
Repay,291,2025-08-04 00:00:00+00:00
Repay,184,2025-04-28 00:00:00+00:00
Borrow,995,2025-08-04 00:00:00+00:00
Borrow,612,2026-01-13 00:00:00+00:00
Borrow,528,2025-04-28 00:00:00+00:00
Borrow,633,2026-02-08 00:00:00+00:00
Borrow,661,2025-03-10 00:00:00+00:00
Borrow,617,2025-12-12 00:00:00+00:00
Borrow,713,2025-10-20 00:00:00+00:00
Borrow,763,2025-12-09 00:00:00+00:00
Borrow,437,2025-05-17 00:00:00+00:00
Borrow,1007,2025-07-31 00:00:00+00:00
Borrow,754,2025-09-19 00:00:00+00:00
Borrow,660,2025-05-01 00:00:00+00:00
Borrow,586,2025-06-12 00:00:00+00:00
Borrow,282,2025-03-22 00:00:00+00:00
Borrow,882,2026-02-01 00:00:00+00:00
Borrow,538,2025-09-06 00:00:00+00:00
Borrow,523,2026-02-15 00:00:00+00:00
Borrow,857,2025-08-29 00:00:00+00:00
Borrow,278,2026-02-25 00:00:00+00:00
Borrow,961,2025-08-18 00:00:00+00:00
Borrow,376,2025-11-29 00:00:00+00:00
Liquidation,5,2026-01-13 00:00:00+00:00
Liquidation,4,2025-08-04 00:00:00+00:00
Liquidation,1,2025-04-28 00:00:00+00:00
Repay,232,2026-01-10 00:00:00+00:00
Repay,827,2025-03-10 00:00:00+00:00
Repay,420,2025-12-12 00:00:00+00:00
Repay,440,2026-02-08 00:00:00+00:00
Repay,508,2025-12-09 00:00:00+00:00
Repay,294,2025-10-20 00:00:00+00:00
Repay,172,2025-05-17 00:00:00+00:00
Repay,552,2025-07-31 00:00:00+00:00
Repay,266,2025-06-12 00:00:00+00:00
Repay,247,2025-05-01 00:00:00+00:00
Repay,329,2025-09-19 00:00:00+00:00
Repay,1427,2026-02-01 00:00:00+00:00
Repay,125,2025-03-22 00:00:00+00:00
Repay,286,2025-09-06 00:00:00+00:00
Repay,459,2025-08-18 00:00:00+00:00
Repay,237,2025-11-29 00:00:00+00:00
Repay,190,2026-02-25 00:00:00+00:00
Repay,377,2026-02-15 00:00:00+00:00
Repay,407,2025-08-29 00:00:00+00:00
Liquidation,1,2026-01-10 00:00:00+00:00
Liquidation,5,2025-05-17 00:00:00+00:00
Liquidation,22,2025-03-10 00:00:00+00:00
Liquidation,6,2025-12-12 00:00:00+00:00
Liquidation,5,2026-02-08 00:00:00+00:00
Liquidation,4,2025-10-20 00:00:00+00:00
Liquidation,5,2025-12-09 00:00:00+00:00
Liquidation,3,2025-07-31 00:00:00+00:00
Liquidation,26,2026-02-01 00:00:00+00:00
Liquidation,1,2025-03-22 00:00:00+00:00
Liquidation,8,2025-08-29 00:00:00+00:00
Liquidation,3,2026-02-15 00:00:00+00:00
Liquidation,8,2025-08-18 00:00:00+00:00
Liquidation,2,2025-11-29 00:00:00+00:00
Liquidation,3,2026-02-25 00:00:00+00:00
Liquidation,4,2025-06-12 00:00:00+00:00
Liquidation,3,2025-05-01 00:00:00+00:00
Liquidation,2,2025-09-19 00:00:00+00:00
Liquidation,4,2026-02-10 00:00:00+00:00
Flashloan,10,2026-02-10 00:00:00+00:00
Borrow,1292,2025-08-09 00:00:00+00:00
Borrow,702,2025-11-24 00:00:00+00:00
Liquidation,3,2025-09-18 00:00:00+00:00
Liquidation,10,2026-01-19 00:00:00+00:00
Liquidation,6,2025-05-23 00:00:00+00:00
Liquidation,2,2025-06-06 00:00:00+00:00
Liquidation,1,2025-03-16 00:00:00+00:00
Deposit,1356,2026-01-14 00:00:00+00:00
Deposit,640,2025-05-02 00:00:00+00:00
Deposit,1102,2025-12-18 00:00:00+00:00
Repay,390,2025-11-24 00:00:00+00:00
Repay,581,2025-08-09 00:00:00+00:00
Repay,565,2026-01-14 00:00:00+00:00
Repay,578,2025-12-18 00:00:00+00:00
Repay,199,2025-05-02 00:00:00+00:00
Repay,369,2025-09-18 00:00:00+00:00
Repay,356,2025-11-08 00:00:00+00:00
Repay,325,2025-07-22 00:00:00+00:00
Repay,286,2026-01-09 00:00:00+00:00
Repay,348,2025-08-23 00:00:00+00:00
Repay,557,2025-03-04 00:00:00+00:00
Repay,335,2025-07-28 00:00:00+00:00
Repay,285,2025-12-13 00:00:00+00:00
Repay,466,2026-02-10 00:00:00+00:00
Repay,356,2025-06-06 00:00:00+00:00
Repay,294,2025-05-23 00:00:00+00:00
Repay,204,2025-05-07 00:00:00+00:00
Repay,431,2025-10-07 00:00:00+00:00
Repay,236,2025-07-08 00:00:00+00:00
Repay,153,2025-03-16 00:00:00+00:00
Repay,191,2025-06-26 00:00:00+00:00
Repay,435,2026-01-19 00:00:00+00:00
Repay,723,2025-11-03 00:00:00+00:00
Repay,232,2025-06-11 00:00:00+00:00
Repay,321,2025-11-09 00:00:00+00:00
Repay,231,2025-04-11 00:00:00+00:00
Liquidation,4,2025-07-22 00:00:00+00:00
Liquidation,1,2025-11-08 00:00:00+00:00
Repay,453,2025-11-22 00:00:00+00:00
Deposit,4599,2026-02-05 00:00:00+00:00
Deposit,1209,2025-09-24 00:00:00+00:00
Deposit,1703,2025-08-09 00:00:00+00:00
Deposit,1154,2025-11-24 00:00:00+00:00
Deposit,1297,2025-07-22 00:00:00+00:00
Deposit,1189,2025-11-08 00:00:00+00:00
Deposit,795,2025-06-11 00:00:00+00:00
Deposit,1566,2025-11-03 00:00:00+00:00
Deposit,1089,2025-09-18 00:00:00+00:00
Deposit,1232,2025-08-23 00:00:00+00:00
Deposit,862,2026-01-09 00:00:00+00:00
Deposit,568,2025-03-16 00:00:00+00:00
Deposit,629,2025-06-26 00:00:00+00:00
Deposit,1100,2026-01-19 00:00:00+00:00
Deposit,1504,2025-03-04 00:00:00+00:00
Deposit,1053,2025-07-28 00:00:00+00:00
Deposit,768,2025-12-13 00:00:00+00:00
Deposit,1132,2025-06-06 00:00:00+00:00
Deposit,810,2025-05-23 00:00:00+00:00
Deposit,769,2025-04-11 00:00:00+00:00
Deposit,1220,2025-11-09 00:00:00+00:00
Deposit,1074,2026-02-10 00:00:00+00:00
Deposit,841,2025-07-08 00:00:00+00:00
Deposit,1175,2025-10-07 00:00:00+00:00
Deposit,1171,2025-11-22 00:00:00+00:00
Deposit,634,2025-05-07 00:00:00+00:00
Borrow,1302,2026-02-05 00:00:00+00:00
Borrow,894,2025-09-24 00:00:00+00:00
Deposit,2362,2026-02-02 00:00:00+00:00
Deposit,698,2025-04-29 00:00:00+00:00
Deposit,1059,2025-07-11 00:00:00+00:00
Deposit,967,2025-10-26 00:00:00+00:00
Deposit,959,2025-09-27 00:00:00+00:00
Deposit,974,2025-09-29 00:00:00+00:00
Deposit,1109,2025-08-06 00:00:00+00:00
Deposit,691,2026-01-01 00:00:00+00:00
Deposit,1702,2025-08-12 00:00:00+00:00
Deposit,999,2025-12-10 00:00:00+00:00
Deposit,716,2025-07-05 00:00:00+00:00
Deposit,1112,2025-10-29 00:00:00+00:00
Deposit,789,2026-01-04 00:00:00+00:00
Deposit,800,2025-06-21 00:00:00+00:00
Deposit,2975,2026-01-31 00:00:00+00:00
Deposit,1475,2025-09-26 00:00:00+00:00
Deposit,1295,2025-04-08 00:00:00+00:00
Deposit,949,2025-04-22 00:00:00+00:00
Deposit,797,2025-09-07 00:00:00+00:00
Deposit,864,2025-05-20 00:00:00+00:00
Borrow,991,2026-02-02 00:00:00+00:00
Borrow,557,2025-04-29 00:00:00+00:00
Borrow,897,2025-07-11 00:00:00+00:00
Borrow,634,2025-10-26 00:00:00+00:00
Borrow,675,2025-09-27 00:00:00+00:00
Borrow,872,2025-09-29 00:00:00+00:00
Borrow,1385,2025-08-12 00:00:00+00:00
Borrow,697,2025-12-10 00:00:00+00:00
Borrow,521,2025-09-07 00:00:00+00:00
Borrow,397,2025-07-05 00:00:00+00:00
Borrow,487,2026-01-04 00:00:00+00:00
Borrow,492,2025-06-21 00:00:00+00:00
Borrow,1018,2026-01-31 00:00:00+00:00
Borrow,729,2025-05-20 00:00:00+00:00
Borrow,659,2025-04-08 00:00:00+00:00
Borrow,718,2025-04-22 00:00:00+00:00
Borrow,1087,2025-09-26 00:00:00+00:00
Borrow,916,2025-08-06 00:00:00+00:00
Borrow,336,2026-01-01 00:00:00+00:00
Borrow,812,2025-10-29 00:00:00+00:00
Repay,327,2025-08-06 00:00:00+00:00
Repay,214,2026-01-01 00:00:00+00:00
Liquidation,2,2025-09-27 00:00:00+00:00
Repay,1422,2026-02-02 00:00:00+00:00
Repay,179,2025-04-29 00:00:00+00:00
Repay,295,2025-10-26 00:00:00+00:00
Repay,351,2025-07-11 00:00:00+00:00
Repay,4084,2026-02-05 00:00:00+00:00
Repay,471,2025-09-24 00:00:00+00:00
Repay,245,2025-09-07 00:00:00+00:00
Repay,188,2025-07-05 00:00:00+00:00
Repay,2266,2026-01-31 00:00:00+00:00
Repay,279,2026-01-04 00:00:00+00:00
Repay,313,2025-06-21 00:00:00+00:00
Repay,682,2025-09-26 00:00:00+00:00
Repay,446,2025-12-10 00:00:00+00:00
Repay,578,2025-08-12 00:00:00+00:00
Repay,463,2025-04-08 00:00:00+00:00
Repay,243,2025-04-22 00:00:00+00:00
Repay,265,2025-05-20 00:00:00+00:00
Repay,385,2025-09-27 00:00:00+00:00
Repay,333,2025-09-29 00:00:00+00:00
Liquidation,2,2025-09-07 00:00:00+00:00
Liquidation,41,2026-02-05 00:00:00+00:00
Liquidation,5,2025-09-24 00:00:00+00:00
Liquidation,6,2025-10-29 00:00:00+00:00
Liquidation,7,2025-08-12 00:00:00+00:00
Liquidation,3,2025-12-10 00:00:00+00:00
Repay,333,2025-10-29 00:00:00+00:00
Flashloan,64,2025-09-28 00:00:00+00:00
Repay,349,2025-09-28 00:00:00+00:00
Repay,417,2026-01-05 00:00:00+00:00
Repay,214,2025-03-27 00:00:00+00:00
Repay,583,2025-11-07 00:00:00+00:00
Repay,238,2026-01-18 00:00:00+00:00
Repay,1920,2026-02-06 00:00:00+00:00
Repay,289,2025-08-05 00:00:00+00:00
Repay,244,2025-09-20 00:00:00+00:00
Repay,242,2025-05-19 00:00:00+00:00
Repay,561,2025-04-09 00:00:00+00:00
Liquidation,5,2025-07-17 00:00:00+00:00
Liquidation,2,2025-05-14 00:00:00+00:00
Liquidation,3,2025-06-15 00:00:00+00:00
Flashloan,13,2026-02-19 00:00:00+00:00
Flashloan,16,2025-12-17 00:00:00+00:00
Flashloan,50,2025-05-19 00:00:00+00:00
Flashloan,72,2025-08-05 00:00:00+00:00
Flashloan,46,2025-09-20 00:00:00+00:00
Flashloan,31,2026-02-06 00:00:00+00:00
Flashloan,196,2025-04-09 00:00:00+00:00
Flashloan,50,2025-03-08 00:00:00+00:00
Flashloan,30,2025-06-07 00:00:00+00:00
Flashloan,31,2025-06-28 00:00:00+00:00
Flashloan,15,2025-12-22 00:00:00+00:00
Flashloan,45,2025-05-14 00:00:00+00:00
Flashloan,69,2025-07-17 00:00:00+00:00
Flashloan,31,2025-06-15 00:00:00+00:00
Flashloan,17,2026-01-05 00:00:00+00:00
Flashloan,34,2025-03-27 00:00:00+00:00
Flashloan,90,2025-09-01 00:00:00+00:00
Flashloan,51,2025-07-04 00:00:00+00:00
Flashloan,52,2025-09-14 00:00:00+00:00
Flashloan,189,2025-11-20 00:00:00+00:00
Repay,561,2025-12-17 00:00:00+00:00
Repay,460,2026-02-19 00:00:00+00:00
Flashloan,14,2026-01-18 00:00:00+00:00
Repay,451,2025-10-03 00:00:00+00:00
Repay,1387,2025-11-04 00:00:00+00:00
Repay,231,2025-05-06 00:00:00+00:00
Repay,177,2025-03-08 00:00:00+00:00
Repay,372,2025-12-22 00:00:00+00:00
Repay,151,2025-06-28 00:00:00+00:00
Repay,262,2025-06-07 00:00:00+00:00
Liquidation,2,2026-01-05 00:00:00+00:00
Liquidation,1,2025-09-28 00:00:00+00:00
Liquidation,29,2026-02-06 00:00:00+00:00
Liquidation,3,2025-05-19 00:00:00+00:00
Liquidation,3,2025-08-05 00:00:00+00:00
Liquidation,2,2026-02-19 00:00:00+00:00
Liquidation,8,2025-12-17 00:00:00+00:00
Liquidation,7,2025-09-01 00:00:00+00:00
Liquidation,3,2025-07-04 00:00:00+00:00
Liquidation,5,2025-12-22 00:00:00+00:00
Liquidation,5,2025-03-08 00:00:00+00:00
Liquidation,4,2025-06-07 00:00:00+00:00
Liquidation,1,2025-03-27 00:00:00+00:00
Liquidation,2,2026-01-18 00:00:00+00:00
Liquidation,14,2025-11-20 00:00:00+00:00
Liquidation,3,2025-11-07 00:00:00+00:00
Liquidation,24,2025-11-04 00:00:00+00:00
Liquidation,2,2025-10-03 00:00:00+00:00
Liquidation,3,2025-05-06 00:00:00+00:00
Liquidation,19,2025-04-09 00:00:00+00:00
Flashloan,380,2025-11-04 00:00:00+00:00
Flashloan,43,2025-05-06 00:00:00+00:00
Flashloan,81,2025-10-03 00:00:00+00:00
Flashloan,123,2025-11-07 00:00:00+00:00
Repay,383,2025-07-17 00:00:00+00:00
Repay,265,2025-05-14 00:00:00+00:00
Repay,181,2025-06-15 00:00:00+00:00
Borrow,396,2025-06-15 00:00:00+00:00
Borrow,1009,2025-07-17 00:00:00+00:00
Borrow,659,2025-05-14 00:00:00+00:00
Borrow,435,2026-01-18 00:00:00+00:00
Repay,769,2025-11-20 00:00:00+00:00
Deposit,1611,2025-04-09 00:00:00+00:00
Flashloan,29,2025-07-13 00:00:00+00:00
Borrow,543,2025-07-04 00:00:00+00:00
Borrow,722,2025-09-01 00:00:00+00:00
Borrow,605,2025-09-14 00:00:00+00:00
Borrow,519,2025-06-07 00:00:00+00:00
Borrow,398,2025-06-28 00:00:00+00:00
Borrow,406,2025-03-08 00:00:00+00:00
Borrow,535,2025-12-22 00:00:00+00:00
Borrow,924,2025-10-03 00:00:00+00:00
Borrow,1107,2025-11-04 00:00:00+00:00
Borrow,494,2025-05-06 00:00:00+00:00
Deposit,981,2025-09-28 00:00:00+00:00
Deposit,987,2026-02-19 00:00:00+00:00
Deposit,1084,2025-12-17 00:00:00+00:00
Deposit,607,2025-06-15 00:00:00+00:00
Deposit,1165,2025-07-17 00:00:00+00:00
Deposit,741,2025-05-14 00:00:00+00:00
Deposit,637,2025-03-27 00:00:00+00:00
Deposit,957,2025-09-01 00:00:00+00:00
Deposit,800,2025-07-04 00:00:00+00:00
Deposit,822,2025-09-14 00:00:00+00:00
Deposit,1079,2026-01-05 00:00:00+00:00
Deposit,1781,2025-11-20 00:00:00+00:00
Deposit,869,2026-01-18 00:00:00+00:00
Deposit,907,2025-03-08 00:00:00+00:00
Deposit,729,2025-06-07 00:00:00+00:00
Deposit,547,2025-06-28 00:00:00+00:00
Deposit,959,2025-12-22 00:00:00+00:00
Flashloan,43,2025-06-30 00:00:00+00:00
Flashloan,109,2025-03-12 00:00:00+00:00
Flashloan,72,2025-08-28 00:00:00+00:00
Flashloan,12,2026-01-06 00:00:00+00:00
Flashloan,222,2025-11-14 00:00:00+00:00
Flashloan,9,2025-12-05 00:00:00+00:00
Flashloan,96,2025-10-15 00:00:00+00:00
Flashloan,37,2025-05-15 00:00:00+00:00
Flashloan,57,2025-04-24 00:00:00+00:00
Flashloan,74,2025-03-31 00:00:00+00:00
Flashloan,11,2025-12-26 00:00:00+00:00
Flashloan,16,2026-02-23 00:00:00+00:00
Flashloan,176,2025-11-16 00:00:00+00:00
Flashloan,66,2025-09-10 00:00:00+00:00
Deposit,1041,2025-08-05 00:00:00+00:00
Deposit,887,2025-09-20 00:00:00+00:00
Deposit,3191,2026-02-06 00:00:00+00:00
Deposit,748,2025-05-19 00:00:00+00:00
Repay,305,2025-09-01 00:00:00+00:00
Repay,222,2025-09-14 00:00:00+00:00
Repay,244,2025-07-04 00:00:00+00:00
Flashloan,64,2025-04-13 00:00:00+00:00
Flashloan,32,2025-12-02 00:00:00+00:00
Borrow,815,2025-08-05 00:00:00+00:00
Borrow,584,2025-09-20 00:00:00+00:00
Borrow,1378,2026-02-06 00:00:00+00:00
Borrow,613,2025-05-19 00:00:00+00:00
Flashloan,140,2025-08-01 00:00:00+00:00
Flashloan,59,2025-07-27 00:00:00+00:00
Deposit,1103,2025-10-03 00:00:00+00:00
Deposit,2645,2025-11-04 00:00:00+00:00
Deposit,634,2025-05-06 00:00:00+00:00
Borrow,806,2025-04-09 00:00:00+00:00
Borrow,668,2025-09-28 00:00:00+00:00
Borrow,514,2026-02-19 00:00:00+00:00
Borrow,599,2025-12-17 00:00:00+00:00
Borrow,468,2025-03-27 00:00:00+00:00
Borrow,762,2025-11-20 00:00:00+00:00
Borrow,740,2026-01-05 00:00:00+00:00
Borrow,826,2025-11-07 00:00:00+00:00
Liquidation,7,2025-08-25 00:00:00+00:00
Liquidation,1,2025-03-17 00:00:00+00:00
Deposit,765,2025-06-30 00:00:00+00:00
Liquidation,4,2025-10-28 00:00:00+00:00
Liquidation,3,2025-12-29 00:00:00+00:00
Liquidation,1,2025-09-05 00:00:00+00:00
Liquidation,1,2025-10-23 00:00:00+00:00
Liquidation,3,2025-03-06 00:00:00+00:00
Liquidation,12,2026-01-20 00:00:00+00:00
Liquidation,1,2026-01-03 00:00:00+00:00
Liquidation,2,2025-05-21 00:00:00+00:00
Liquidation,3,2025-11-11 00:00:00+00:00
Liquidation,1,2026-01-11 00:00:00+00:00
Liquidation,2,2025-08-30 00:00:00+00:00
Liquidation,3,2026-02-18 00:00:00+00:00
Liquidation,9,2025-05-18 00:00:00+00:00
Liquidation,17,2026-01-30 00:00:00+00:00
Liquidation,3,2025-03-23 00:00:00+00:00
Liquidation,6,2025-04-21 00:00:00+00:00
Liquidation,11,2025-04-03 00:00:00+00:00
Liquidation,2,2025-05-26 00:00:00+00:00
Liquidation,5,2025-07-10 00:00:00+00:00
Liquidation,2,2025-06-19 00:00:00+00:00
Deposit,593,2025-06-08 00:00:00+00:00
Deposit,797,2025-07-13 00:00:00+00:00
Deposit,1354,2025-03-12 00:00:00+00:00
Deposit,977,2025-08-28 00:00:00+00:00
Deposit,978,2026-01-06 00:00:00+00:00
Deposit,870,2025-03-31 00:00:00+00:00
Deposit,715,2025-12-26 00:00:00+00:00
Deposit,1885,2025-11-14 00:00:00+00:00
Deposit,1065,2025-12-05 00:00:00+00:00
Deposit,705,2025-04-13 00:00:00+00:00
Deposit,1172,2025-12-02 00:00:00+00:00
Deposit,1380,2026-02-23 00:00:00+00:00
Deposit,1328,2025-11-16 00:00:00+00:00
Deposit,729,2025-05-15 00:00:00+00:00
Deposit,1058,2025-10-15 00:00:00+00:00
Deposit,1091,2025-07-27 00:00:00+00:00
Deposit,1470,2025-08-01 00:00:00+00:00
Deposit,669,2025-04-24 00:00:00+00:00
Deposit,918,2025-09-10 00:00:00+00:00
Deposit,788,2026-01-03 00:00:00+00:00
Deposit,1448,2026-01-20 00:00:00+00:00
Deposit,846,2025-05-21 00:00:00+00:00
Deposit,949,2026-02-18 00:00:00+00:00
Deposit,1002,2025-04-03 00:00:00+00:00
Deposit,795,2025-05-26 00:00:00+00:00
Deposit,693,2025-06-19 00:00:00+00:00
Deposit,1016,2025-07-10 00:00:00+00:00
Borrow,634,2026-02-23 00:00:00+00:00
Borrow,591,2025-11-16 00:00:00+00:00
Repay,315,2025-09-05 00:00:00+00:00
Repay,352,2025-12-29 00:00:00+00:00
Repay,323,2025-10-28 00:00:00+00:00
Repay,221,2025-03-06 00:00:00+00:00
Repay,337,2025-10-23 00:00:00+00:00
Repay,171,2025-06-08 00:00:00+00:00
Repay,242,2025-06-19 00:00:00+00:00
Repay,289,2025-07-10 00:00:00+00:00
Repay,211,2025-03-01 00:00:00+00:00
Repay,364,2025-07-21 00:00:00+00:00
Repay,192,2025-05-18 00:00:00+00:00
Repay,288,2026-01-03 00:00:00+00:00
Repay,805,2026-01-20 00:00:00+00:00
Repay,238,2025-05-21 00:00:00+00:00
Repay,184,2025-03-17 00:00:00+00:00
Repay,410,2025-08-25 00:00:00+00:00
Repay,250,2025-04-21 00:00:00+00:00
Repay,378,2025-04-03 00:00:00+00:00
Repay,261,2025-05-26 00:00:00+00:00
Repay,234,2026-01-11 00:00:00+00:00
Repay,317,2025-11-11 00:00:00+00:00
Repay,262,2025-08-30 00:00:00+00:00
Repay,274,2026-02-21 00:00:00+00:00
Flashloan,21,2025-06-08 00:00:00+00:00
Borrow,597,2025-06-30 00:00:00+00:00
Borrow,554,2025-04-24 00:00:00+00:00
Borrow,776,2025-10-15 00:00:00+00:00
Borrow,586,2025-05-15 00:00:00+00:00
Borrow,687,2025-07-13 00:00:00+00:00
Borrow,673,2026-01-06 00:00:00+00:00
Borrow,906,2025-07-27 00:00:00+00:00
Borrow,1013,2025-08-01 00:00:00+00:00
Borrow,493,2025-03-31 00:00:00+00:00
Borrow,375,2025-12-26 00:00:00+00:00
Flashloan,56,2025-05-21 00:00:00+00:00
Flashloan,18,2026-01-20 00:00:00+00:00
Flashloan,14,2026-01-03 00:00:00+00:00
Flashloan,154,2025-08-25 00:00:00+00:00
Flashloan,55,2025-03-17 00:00:00+00:00
Flashloan,55,2025-03-01 00:00:00+00:00
Flashloan,73,2025-07-21 00:00:00+00:00
Flashloan,69,2025-03-06 00:00:00+00:00
Flashloan,72,2025-10-23 00:00:00+00:00
Flashloan,79,2025-10-28 00:00:00+00:00
Flashloan,68,2025-09-05 00:00:00+00:00
Flashloan,9,2025-12-29 00:00:00+00:00
Flashloan,11,2026-02-18 00:00:00+00:00
Flashloan,79,2025-11-11 00:00:00+00:00
Flashloan,53,2025-08-30 00:00:00+00:00
Flashloan,13,2026-01-11 00:00:00+00:00
Flashloan,21,2026-01-30 00:00:00+00:00
Flashloan,31,2025-03-23 00:00:00+00:00
Flashloan,8,2026-02-21 00:00:00+00:00
Flashloan,47,2025-05-18 00:00:00+00:00
Flashloan,55,2025-04-21 00:00:00+00:00
Flashloan,35,2025-05-26 00:00:00+00:00
Flashloan,101,2025-04-03 00:00:00+00:00
Flashloan,48,2025-06-19 00:00:00+00:00
Flashloan,68,2025-07-10 00:00:00+00:00
Repay,128,2025-03-23 00:00:00+00:00
Repay,409,2026-02-18 00:00:00+00:00
Repay,1059,2026-01-30 00:00:00+00:00
Borrow,696,2025-09-10 00:00:00+00:00
Borrow,728,2025-12-02 00:00:00+00:00
Borrow,456,2025-04-13 00:00:00+00:00
Borrow,824,2025-11-14 00:00:00+00:00
Borrow,618,2025-12-05 00:00:00+00:00
Borrow,553,2025-03-12 00:00:00+00:00
Borrow,805,2025-08-28 00:00:00+00:00
Repay,351,2025-12-02 00:00:00+00:00
Repay,161,2025-04-13 00:00:00+00:00
Repay,259,2025-07-13 00:00:00+00:00
Repay,211,2025-06-30 00:00:00+00:00
Repay,323,2025-09-10 00:00:00+00:00
Repay,176,2025-04-24 00:00:00+00:00
Repay,316,2025-08-28 00:00:00+00:00
Repay,302,2025-03-12 00:00:00+00:00
Repay,890,2025-11-14 00:00:00+00:00
Repay,460,2025-12-05 00:00:00+00:00
Repay,404,2025-10-15 00:00:00+00:00
Repay,236,2025-05-15 00:00:00+00:00
Repay,335,2025-07-27 00:00:00+00:00
Repay,529,2025-08-01 00:00:00+00:00
Liquidation,1,2025-06-08 00:00:00+00:00
Repay,391,2026-01-06 00:00:00+00:00
Repay,740,2026-02-23 00:00:00+00:00
Repay,536,2025-11-16 00:00:00+00:00
Borrow,419,2025-06-08 00:00:00+00:00
Deposit,1334,2025-07-18 00:00:00+00:00
Deposit,750,2025-10-25 00:00:00+00:00
Deposit,791,2025-12-14 00:00:00+00:00
Borrow,1149,2025-07-18 00:00:00+00:00
Borrow,450,2025-10-25 00:00:00+00:00
Borrow,442,2025-12-14 00:00:00+00:00
Liquidation,1,2025-06-30 00:00:00+00:00
Deposit,1096,2025-03-06 00:00:00+00:00
Deposit,932,2025-09-05 00:00:00+00:00
Deposit,965,2025-10-23 00:00:00+00:00
Deposit,1024,2025-10-28 00:00:00+00:00
Deposit,872,2025-12-29 00:00:00+00:00
Repay,288,2025-12-26 00:00:00+00:00
Repay,332,2025-03-31 00:00:00+00:00
Deposit,1067,2026-01-15 00:00:00+00:00
Deposit,2012,2025-11-05 00:00:00+00:00
Deposit,1816,2025-04-06 00:00:00+00:00
Deposit,1088,2025-09-02 00:00:00+00:00
Deposit,2151,2026-02-04 00:00:00+00:00
Deposit,1471,2025-08-22 00:00:00+00:00
Deposit,1462,2025-10-10 00:00:00+00:00
Liquidation,7,2025-07-21 00:00:00+00:00
Liquidation,7,2025-03-01 00:00:00+00:00
Liquidation,1,2026-02-21 00:00:00+00:00
Deposit,855,2025-08-30 00:00:00+00:00
Deposit,1100,2025-11-11 00:00:00+00:00
Deposit,660,2026-01-11 00:00:00+00:00
Deposit,1923,2026-01-30 00:00:00+00:00
Deposit,685,2025-05-18 00:00:00+00:00
Deposit,657,2025-03-23 00:00:00+00:00
Deposit,739,2026-02-21 00:00:00+00:00
Deposit,705,2025-04-21 00:00:00+00:00
Deposit,610,2025-03-17 00:00:00+00:00
Deposit,1454,2025-08-25 00:00:00+00:00
Deposit,734,2025-03-01 00:00:00+00:00
Deposit,1288,2025-07-21 00:00:00+00:00
Borrow,418,2026-01-03 00:00:00+00:00
Borrow,696,2026-01-20 00:00:00+00:00
Borrow,715,2025-05-21 00:00:00+00:00
Borrow,532,2025-03-06 00:00:00+00:00
Borrow,694,2025-09-05 00:00:00+00:00
Borrow,608,2025-10-23 00:00:00+00:00
Borrow,731,2025-10-28 00:00:00+00:00
Borrow,500,2025-12-29 00:00:00+00:00
Borrow,405,2025-03-17 00:00:00+00:00
Borrow,1095,2025-08-25 00:00:00+00:00
Borrow,557,2026-02-18 00:00:00+00:00
Borrow,551,2025-05-18 00:00:00+00:00
Borrow,616,2025-08-30 00:00:00+00:00
Borrow,324,2026-01-11 00:00:00+00:00
Borrow,634,2025-11-11 00:00:00+00:00
Borrow,533,2025-04-21 00:00:00+00:00
Borrow,512,2025-04-03 00:00:00+00:00
Borrow,636,2025-05-26 00:00:00+00:00
Borrow,390,2026-02-21 00:00:00+00:00
Borrow,884,2025-07-10 00:00:00+00:00
Borrow,453,2025-06-19 00:00:00+00:00
Borrow,777,2026-01-30 00:00:00+00:00
Borrow,1033,2025-07-21 00:00:00+00:00
Borrow,451,2025-03-01 00:00:00+00:00
Borrow,296,2025-03-23 00:00:00+00:00
Borrow,646,2026-01-15 00:00:00+00:00
Borrow,1027,2025-11-05 00:00:00+00:00
Borrow,589,2025-04-06 00:00:00+00:00
Borrow,1114,2025-08-22 00:00:00+00:00
Borrow,834,2025-09-02 00:00:00+00:00
Borrow,819,2026-02-04 00:00:00+00:00
Borrow,1042,2025-10-10 00:00:00+00:00
Borrow,631,2025-06-16 00:00:00+00:00
Borrow,972,2025-08-19 00:00:00+00:00
Borrow,732,2025-09-08 00:00:00+00:00
Borrow,593,2025-06-24 00:00:00+00:00
Borrow,864,2025-05-08 00:00:00+00:00
Borrow,711,2025-06-05 00:00:00+00:00
Borrow,1080,2025-08-07 00:00:00+00:00
Borrow,629,2025-11-23 00:00:00+00:00
Borrow,527,2025-04-12 00:00:00+00:00
Borrow,619,2026-02-09 00:00:00+00:00
Borrow,578,2025-12-19 00:00:00+00:00
Borrow,446,2025-03-26 00:00:00+00:00
Borrow,546,2026-01-08 00:00:00+00:00
Borrow,365,2025-05-03 00:00:00+00:00
Borrow,662,2025-10-04 00:00:00+00:00
Deposit,1602,2025-11-07 00:00:00+00:00
Flashloan,13,2025-12-08 00:00:00+00:00
Flashloan,41,2025-07-26 00:00:00+00:00
Flashloan,8,2026-01-28 00:00:00+00:00
Flashloan,28,2025-05-04 00:00:00+00:00
Flashloan,90,2025-02-27 00:00:00+00:00
Flashloan,187,2025-11-13 00:00:00+00:00
Flashloan,39,2025-04-05 00:00:00+00:00
Flashloan,151,2025-08-14 00:00:00+00:00
Flashloan,200,2025-11-19 00:00:00+00:00
Flashloan,53,2025-06-10 00:00:00+00:00
Flashloan,50,2025-04-14 00:00:00+00:00
Flashloan,40,2025-04-27 00:00:00+00:00
Flashloan,10,2025-12-27 00:00:00+00:00
Flashloan,42,2025-06-09 00:00:00+00:00
Flashloan,56,2025-05-11 00:00:00+00:00
Flashloan,67,2025-03-18 00:00:00+00:00
Flashloan,134,2025-10-12 00:00:00+00:00
Flashloan,82,2025-09-23 00:00:00+00:00
Flashloan,93,2025-04-02 00:00:00+00:00
Flashloan,15,2026-02-24 00:00:00+00:00
Flashloan,30,2025-12-03 00:00:00+00:00
Flashloan,32,2025-07-07 00:00:00+00:00
Flashloan,91,2025-03-13 00:00:00+00:00
Flashloan,86,2025-08-27 00:00:00+00:00
Flashloan,42,2025-05-28 00:00:00+00:00
Flashloan,13,2026-01-23 00:00:00+00:00
Liquidation,2,2025-07-13 00:00:00+00:00
Liquidation,2,2026-01-06 00:00:00+00:00
Liquidation,3,2025-04-24 00:00:00+00:00
Liquidation,5,2025-10-15 00:00:00+00:00
Liquidation,4,2025-05-15 00:00:00+00:00
Liquidation,13,2026-02-23 00:00:00+00:00
Liquidation,19,2025-11-16 00:00:00+00:00
Liquidation,19,2025-11-14 00:00:00+00:00
Liquidation,14,2025-08-01 00:00:00+00:00
Liquidation,2,2025-07-27 00:00:00+00:00
Liquidation,3,2025-09-10 00:00:00+00:00
Liquidation,3,2025-12-26 00:00:00+00:00
Liquidation,10,2025-03-31 00:00:00+00:00
Liquidation,2,2025-04-13 00:00:00+00:00
Liquidation,4,2025-12-02 00:00:00+00:00
Liquidation,4,2025-08-28 00:00:00+00:00
Liquidation,7,2025-03-12 00:00:00+00:00
Repay,401,2025-02-27 00:00:00+00:00
Repay,330,2026-01-28 00:00:00+00:00
Repay,155,2025-05-04 00:00:00+00:00
Repay,230,2025-07-26 00:00:00+00:00
Repay,708,2025-12-15 00:00:00+00:00
Repay,518,2025-08-08 00:00:00+00:00
Repay,243,2025-03-07 00:00:00+00:00
Repay,532,2025-11-13 00:00:00+00:00
Repay,176,2025-04-05 00:00:00+00:00
Repay,299,2025-12-08 00:00:00+00:00
Repay,682,2025-11-19 00:00:00+00:00
Repay,304,2025-06-10 00:00:00+00:00
Liquidation,3,2025-04-05 00:00:00+00:00
Liquidation,10,2025-11-13 00:00:00+00:00
Liquidation,6,2025-08-08 00:00:00+00:00
Liquidation,11,2025-12-15 00:00:00+00:00
Liquidation,7,2025-03-07 00:00:00+00:00
Liquidation,3,2025-07-26 00:00:00+00:00
Liquidation,11,2025-02-27 00:00:00+00:00
Liquidation,1,2026-01-28 00:00:00+00:00
Liquidation,1,2025-05-04 00:00:00+00:00
Liquidation,18,2025-11-19 00:00:00+00:00
Liquidation,4,2025-06-10 00:00:00+00:00
Liquidation,7,2025-08-14 00:00:00+00:00
Liquidation,6,2025-08-27 00:00:00+00:00
Liquidation,3,2025-03-13 00:00:00+00:00
Liquidation,2,2025-06-09 00:00:00+00:00
Liquidation,4,2025-05-28 00:00:00+00:00
Liquidation,3,2026-01-23 00:00:00+00:00
Liquidation,5,2025-12-03 00:00:00+00:00
Liquidation,3,2025-07-07 00:00:00+00:00
Liquidation,8,2026-02-24 00:00:00+00:00
Liquidation,11,2025-04-02 00:00:00+00:00
Liquidation,4,2025-09-23 00:00:00+00:00
Repay,196,2025-04-14 00:00:00+00:00
Repay,774,2025-08-14 00:00:00+00:00
Repay,276,2025-08-27 00:00:00+00:00
Repay,273,2025-03-13 00:00:00+00:00
Repay,211,2025-12-27 00:00:00+00:00
Repay,155,2025-04-27 00:00:00+00:00
Repay,310,2025-06-09 00:00:00+00:00
Repay,197,2025-03-18 00:00:00+00:00
Repay,221,2025-05-11 00:00:00+00:00
Repay,494,2025-10-12 00:00:00+00:00
Repay,769,2026-02-24 00:00:00+00:00
Repay,467,2025-09-23 00:00:00+00:00
Repay,289,2025-04-02 00:00:00+00:00
Repay,429,2025-12-03 00:00:00+00:00
Repay,220,2025-07-07 00:00:00+00:00
Repay,342,2026-01-23 00:00:00+00:00
Repay,250,2025-05-28 00:00:00+00:00
Liquidation,1,2025-08-06 00:00:00+00:00
Liquidation,1,2025-07-05 00:00:00+00:00
Liquidation,4,2025-07-11 00:00:00+00:00
Liquidation,3,2025-10-26 00:00:00+00:00
Liquidation,4,2025-09-26 00:00:00+00:00
Liquidation,41,2026-02-02 00:00:00+00:00
Liquidation,1,2025-04-29 00:00:00+00:00
Liquidation,33,2026-01-31 00:00:00+00:00
Liquidation,2,2025-05-20 00:00:00+00:00
Liquidation,8,2025-04-08 00:00:00+00:00
Liquidation,6,2025-04-22 00:00:00+00:00
Liquidation,15,2025-06-21 00:00:00+00:00
Liquidation,1,2026-01-04 00:00:00+00:00
Flashloan,88,2025-09-24 00:00:00+00:00
Flashloan,34,2026-02-05 00:00:00+00:00
Flashloan,31,2026-02-02 00:00:00+00:00
Flashloan,56,2025-04-29 00:00:00+00:00
Flashloan,74,2025-10-26 00:00:00+00:00
Flashloan,76,2025-07-11 00:00:00+00:00
Flashloan,80,2025-09-29 00:00:00+00:00
Flashloan,42,2025-09-27 00:00:00+00:00
Flashloan,76,2025-08-06 00:00:00+00:00
Flashloan,13,2026-01-01 00:00:00+00:00
Flashloan,95,2025-08-12 00:00:00+00:00
Flashloan,8,2025-12-10 00:00:00+00:00
Flashloan,27,2025-07-05 00:00:00+00:00
Flashloan,25,2025-09-07 00:00:00+00:00
Flashloan,26,2026-01-31 00:00:00+00:00
Flashloan,87,2025-10-29 00:00:00+00:00
Flashloan,87,2025-06-21 00:00:00+00:00
Flashloan,11,2026-01-04 00:00:00+00:00
Flashloan,41,2025-05-20 00:00:00+00:00
Flashloan,144,2025-09-26 00:00:00+00:00
Flashloan,137,2025-04-08 00:00:00+00:00
Flashloan,82,2025-04-22 00:00:00+00:00
Deposit,826,2025-09-08 00:00:00+00:00
Deposit,765,2025-06-16 00:00:00+00:00
Deposit,1269,2025-08-07 00:00:00+00:00
Deposit,752,2025-04-12 00:00:00+00:00
Deposit,1147,2025-11-23 00:00:00+00:00
Deposit,707,2025-06-24 00:00:00+00:00
Deposit,1003,2025-05-08 00:00:00+00:00
Deposit,919,2026-01-08 00:00:00+00:00
Deposit,466,2025-05-03 00:00:00+00:00
Deposit,1172,2026-02-09 00:00:00+00:00
Deposit,658,2025-03-26 00:00:00+00:00
Deposit,974,2025-12-19 00:00:00+00:00
Deposit,888,2025-10-04 00:00:00+00:00
Deposit,1125,2025-06-05 00:00:00+00:00
Deposit,1410,2025-08-19 00:00:00+00:00
Deposit,870,2025-12-08 00:00:00+00:00
Deposit,1083,2025-02-27 00:00:00+00:00
Deposit,1144,2026-01-28 00:00:00+00:00
Deposit,828,2025-07-26 00:00:00+00:00
Deposit,484,2025-05-04 00:00:00+00:00
Deposit,482,2025-04-05 00:00:00+00:00
Deposit,1426,2025-11-13 00:00:00+00:00
Deposit,977,2025-06-10 00:00:00+00:00
Deposit,1651,2025-11-19 00:00:00+00:00
Deposit,1656,2025-08-14 00:00:00+00:00
Deposit,696,2025-04-14 00:00:00+00:00
Deposit,523,2025-04-27 00:00:00+00:00
Deposit,632,2025-12-27 00:00:00+00:00
Deposit,906,2025-03-13 00:00:00+00:00
Deposit,989,2025-08-27 00:00:00+00:00
Deposit,914,2025-06-09 00:00:00+00:00
Deposit,673,2025-05-11 00:00:00+00:00
Deposit,1090,2026-01-23 00:00:00+00:00
Deposit,685,2025-05-28 00:00:00+00:00
Deposit,1452,2025-10-12 00:00:00+00:00
Deposit,1330,2026-02-24 00:00:00+00:00
Deposit,1245,2025-09-23 00:00:00+00:00
Deposit,748,2025-04-02 00:00:00+00:00
Deposit,755,2025-07-07 00:00:00+00:00
Deposit,1287,2025-12-03 00:00:00+00:00
Deposit,1043,2025-03-07 00:00:00+00:00
Deposit,1345,2025-08-08 00:00:00+00:00
Deposit,1147,2025-12-15 00:00:00+00:00
Liquidation,2,2025-12-08 00:00:00+00:00
Flashloan,90,2025-08-08 00:00:00+00:00
Flashloan,22,2025-12-15 00:00:00+00:00
Flashloan,79,2025-03-07 00:00:00+00:00
Liquidation,2,2025-04-27 00:00:00+00:00
Liquidation,1,2025-12-27 00:00:00+00:00
Liquidation,2,2025-03-18 00:00:00+00:00
Liquidation,2,2025-05-11 00:00:00+00:00
Liquidation,3,2025-10-12 00:00:00+00:00
Deposit,657,2025-03-18 00:00:00+00:00
Borrow,772,2025-11-13 00:00:00+00:00
Borrow,288,2025-04-05 00:00:00+00:00
Withdraw,337,2025-03-07 00:00:00+00:00
Withdraw,621,2025-08-08 00:00:00+00:00
Withdraw,1024,2025-12-15 00:00:00+00:00
Borrow,475,2025-03-07 00:00:00+00:00
Borrow,1026,2025-08-08 00:00:00+00:00
Borrow,669,2025-12-15 00:00:00+00:00
Borrow,765,2025-06-10 00:00:00+00:00
Borrow,707,2025-11-19 00:00:00+00:00
Borrow,1231,2025-08-14 00:00:00+00:00
Borrow,516,2025-04-14 00:00:00+00:00
Borrow,294,2025-12-27 00:00:00+00:00
Borrow,401,2025-04-27 00:00:00+00:00
Borrow,501,2025-03-13 00:00:00+00:00
Borrow,787,2025-08-27 00:00:00+00:00
Borrow,716,2025-06-09 00:00:00+00:00
Borrow,392,2025-03-18 00:00:00+00:00
Borrow,638,2025-05-11 00:00:00+00:00
Borrow,549,2025-12-08 00:00:00+00:00
Borrow,635,2026-02-24 00:00:00+00:00
Borrow,929,2025-09-23 00:00:00+00:00
Borrow,477,2025-04-02 00:00:00+00:00
Borrow,532,2025-07-07 00:00:00+00:00
Borrow,829,2025-12-03 00:00:00+00:00
Borrow,592,2025-02-27 00:00:00+00:00
Borrow,689,2025-07-26 00:00:00+00:00
Borrow,661,2026-01-28 00:00:00+00:00
Borrow,371,2025-05-04 00:00:00+00:00
Borrow,511,2026-01-23 00:00:00+00:00
Borrow,558,2025-05-28 00:00:00+00:00
Withdraw,716,2025-02-25 00:00:00+00:00
Withdraw,334,2025-04-04 00:00:00+00:00
Withdraw,444,2025-06-10 00:00:00+00:00
Withdraw,773,2025-11-19 00:00:00+00:00
Withdraw,880,2025-08-14 00:00:00+00:00
Withdraw,320,2025-04-14 00:00:00+00:00
Withdraw,489,2025-12-27 00:00:00+00:00
Withdraw,254,2025-04-27 00:00:00+00:00
Withdraw,354,2025-03-13 00:00:00+00:00
Withdraw,458,2025-08-27 00:00:00+00:00
Withdraw,267,2025-03-18 00:00:00+00:00
Withdraw,333,2025-05-11 00:00:00+00:00
Withdraw,367,2025-05-28 00:00:00+00:00
Withdraw,794,2026-01-23 00:00:00+00:00
Withdraw,420,2025-07-07 00:00:00+00:00
Withdraw,830,2025-12-03 00:00:00+00:00
Withdraw,410,2025-02-27 00:00:00+00:00
Withdraw,877,2026-01-28 00:00:00+00:00
Withdraw,328,2025-07-26 00:00:00+00:00
Withdraw,212,2025-05-04 00:00:00+00:00
Withdraw,258,2025-04-05 00:00:00+00:00
Withdraw,722,2025-11-13 00:00:00+00:00
Withdraw,473,2025-06-09 00:00:00+00:00
Withdraw,774,2025-10-12 00:00:00+00:00
Withdraw,657,2025-12-08 00:00:00+00:00
Withdraw,557,2025-10-24 00:00:00+00:00
Withdraw,343,2025-04-01 00:00:00+00:00
Withdraw,761,2025-02-28 00:00:00+00:00
Withdraw,485,2025-12-25 00:00:00+00:00
Withdraw,420,2025-08-02 00:00:00+00:00
Withdraw,393,2025-07-09 00:00:00+00:00
Withdraw,707,2025-07-01 00:00:00+00:00
Withdraw,1279,2026-01-29 00:00:00+00:00
Withdraw,349,2025-04-15 00:00:00+00:00
Withdraw,435,2025-07-12 00:00:00+00:00
Withdraw,357,2025-06-02 00:00:00+00:00
Withdraw,690,2025-10-30 00:00:00+00:00
Withdraw,741,2025-08-13 00:00:00+00:00
Withdraw,1402,2025-09-25 00:00:00+00:00
Withdraw,493,2025-12-28 00:00:00+00:00
Withdraw,353,2025-05-27 00:00:00+00:00
Withdraw,506,2025-08-24 00:00:00+00:00
Withdraw,962,2026-01-26 00:00:00+00:00
Withdraw,820,2025-09-22 00:00:00+00:00
Withdraw,278,2025-07-06 00:00:00+00:00
Withdraw,1044,2026-02-24 00:00:00+00:00
Withdraw,705,2025-09-23 00:00:00+00:00
Withdraw,328,2025-04-02 00:00:00+00:00
Borrow,1019,2025-10-12 00:00:00+00:00
Withdraw,368,2025-07-13 00:00:00+00:00
Withdraw,437,2025-06-30 00:00:00+00:00
Withdraw,845,2026-01-06 00:00:00+00:00
Withdraw,335,2025-05-15 00:00:00+00:00
Withdraw,559,2025-10-15 00:00:00+00:00
Withdraw,409,2025-03-12 00:00:00+00:00
Withdraw,479,2025-08-28 00:00:00+00:00
Withdraw,292,2025-04-24 00:00:00+00:00
Withdraw,947,2025-11-14 00:00:00+00:00
Withdraw,788,2025-12-05 00:00:00+00:00
Withdraw,659,2025-12-26 00:00:00+00:00
Withdraw,347,2025-03-31 00:00:00+00:00
Withdraw,443,2025-07-27 00:00:00+00:00
Withdraw,592,2025-08-01 00:00:00+00:00
Withdraw,523,2025-09-10 00:00:00+00:00
Withdraw,1117,2026-02-23 00:00:00+00:00
Withdraw,628,2025-11-16 00:00:00+00:00
Withdraw,775,2025-12-02 00:00:00+00:00
Withdraw,269,2025-04-13 00:00:00+00:00
Withdraw,761,2025-06-01 00:00:00+00:00
Withdraw,474,2025-09-11 00:00:00+00:00
Withdraw,704,2025-10-02 00:00:00+00:00
Withdraw,852,2026-01-27 00:00:00+00:00
Withdraw,835,2025-12-04 00:00:00+00:00
Withdraw,307,2025-03-14 00:00:00+00:00
Withdraw,575,2025-07-03 00:00:00+00:00
Withdraw,464,2025-08-10 00:00:00+00:00
Withdraw,711,2025-12-23 00:00:00+00:00
Withdraw,321,2025-06-25 00:00:00+00:00
Withdraw,382,2025-05-13 00:00:00+00:00
Withdraw,663,2025-10-16 00:00:00+00:00
Withdraw,528,2025-07-30 00:00:00+00:00
Withdraw,427,2025-04-10 00:00:00+00:00
Withdraw,366,2025-03-09 00:00:00+00:00
Withdraw,343,2025-06-20 00:00:00+00:00
Withdraw,1325,2025-11-21 00:00:00+00:00
Withdraw,813,2025-12-16 00:00:00+00:00
Withdraw,266,2025-06-14 00:00:00+00:00
Withdraw,406,2025-08-31 00:00:00+00:00
Withdraw,676,2025-10-13 00:00:00+00:00
Withdraw,554,2026-01-17 00:00:00+00:00
Withdraw,763,2026-02-20 00:00:00+00:00
Withdraw,599,2025-10-21 00:00:00+00:00
Withdraw,435,2025-04-23 00:00:00+00:00
Withdraw,253,2025-05-17 00:00:00+00:00
Withdraw,781,2026-02-08 00:00:00+00:00
Withdraw,696,2025-07-31 00:00:00+00:00
Withdraw,467,2025-08-04 00:00:00+00:00
Withdraw,320,2025-04-28 00:00:00+00:00
Withdraw,828,2026-01-13 00:00:00+00:00
Withdraw,386,2025-06-12 00:00:00+00:00
Withdraw,401,2025-09-06 00:00:00+00:00
Withdraw,1624,2026-02-01 00:00:00+00:00
Withdraw,225,2025-03-22 00:00:00+00:00
Withdraw,618,2026-01-10 00:00:00+00:00
Withdraw,516,2025-09-19 00:00:00+00:00
Withdraw,352,2025-05-01 00:00:00+00:00
Withdraw,594,2025-10-20 00:00:00+00:00
Withdraw,920,2025-12-09 00:00:00+00:00
Withdraw,541,2025-08-29 00:00:00+00:00
Withdraw,706,2026-02-15 00:00:00+00:00
Withdraw,499,2025-11-29 00:00:00+00:00
Withdraw,359,2026-02-25 00:00:00+00:00
Withdraw,616,2025-08-18 00:00:00+00:00
Withdraw,570,2025-03-10 00:00:00+00:00
Withdraw,760,2025-12-12 00:00:00+00:00
Withdraw,236,2025-06-15 00:00:00+00:00
Withdraw,477,2025-07-17 00:00:00+00:00
Withdraw,435,2025-05-14 00:00:00+00:00
Withdraw,337,2025-03-28 00:00:00+00:00
Withdraw,591,2026-01-18 00:00:00+00:00
Withdraw,566,2025-08-26 00:00:00+00:00
Withdraw,482,2025-09-09 00:00:00+00:00
Withdraw,526,2025-11-30 00:00:00+00:00
Withdraw,317,2025-03-05 00:00:00+00:00
Withdraw,586,2026-02-22 00:00:00+00:00
Withdraw,654,2025-08-15 00:00:00+00:00
Withdraw,323,2025-04-30 00:00:00+00:00
Withdraw,324,2025-05-16 00:00:00+00:00
Withdraw,372,2025-06-18 00:00:00+00:00
Withdraw,655,2025-10-06 00:00:00+00:00
Withdraw,263,2025-03-30 00:00:00+00:00
Withdraw,679,2026-02-16 00:00:00+00:00
Withdraw,358,2025-06-03 00:00:00+00:00
Withdraw,520,2025-12-21 00:00:00+00:00
Withdraw,188,2025-04-19 00:00:00+00:00
Withdraw,367,2025-06-29 00:00:00+00:00
Withdraw,464,2025-07-25 00:00:00+00:00
Withdraw,498,2025-09-15 00:00:00+00:00
Withdraw,350,2025-05-10 00:00:00+00:00
Withdraw,407,2025-05-29 00:00:00+00:00
Withdraw,561,2025-06-23 00:00:00+00:00
Withdraw,1289,2025-10-11 00:00:00+00:00
Withdraw,420,2025-05-22 00:00:00+00:00
Withdraw,795,2025-11-25 00:00:00+00:00
Withdraw,345,2025-03-19 00:00:00+00:00
Withdraw,598,2025-11-12 00:00:00+00:00
Withdraw,591,2025-10-09 00:00:00+00:00
Withdraw,327,2025-05-31 00:00:00+00:00
Withdraw,547,2025-03-11 00:00:00+00:00
Withdraw,595,2025-09-30 00:00:00+00:00
Withdraw,1450,2026-02-03 00:00:00+00:00
Withdraw,478,2025-10-19 00:00:00+00:00
Withdraw,458,2025-08-03 00:00:00+00:00
Withdraw,435,2025-05-09 00:00:00+00:00
Withdraw,503,2025-03-03 00:00:00+00:00
Withdraw,522,2025-09-12 00:00:00+00:00
Withdraw,813,2025-10-17 00:00:00+00:00
Withdraw,787,2026-01-22 00:00:00+00:00
Withdraw,1094,2026-02-11 00:00:00+00:00
Withdraw,818,2025-10-14 00:00:00+00:00
Withdraw,460,2025-08-16 00:00:00+00:00
Withdraw,691,2025-10-27 00:00:00+00:00
Withdraw,292,2025-05-05 00:00:00+00:00
Withdraw,332,2025-04-16 00:00:00+00:00
Withdraw,427,2025-07-15 00:00:00+00:00
Withdraw,671,2025-08-11 00:00:00+00:00
Withdraw,378,2025-05-24 00:00:00+00:00
Withdraw,938,2026-02-07 00:00:00+00:00
Withdraw,850,2026-02-12 00:00:00+00:00
Withdraw,401,2025-11-02 00:00:00+00:00
Withdraw,690,2025-11-26 00:00:00+00:00
Withdraw,674,2025-12-31 00:00:00+00:00
Withdraw,350,2025-05-30 00:00:00+00:00
Withdraw,254,2025-04-18 00:00:00+00:00
Withdraw,595,2025-12-24 00:00:00+00:00
Withdraw,672,2025-10-01 00:00:00+00:00
Withdraw,511,2025-02-26 00:00:00+00:00
Withdraw,415,2025-06-17 00:00:00+00:00
Withdraw,500,2025-07-14 00:00:00+00:00
Withdraw,554,2025-12-06 00:00:00+00:00
Withdraw,557,2025-12-07 00:00:00+00:00
Withdraw,806,2025-11-17 00:00:00+00:00
Withdraw,438,2025-06-13 00:00:00+00:00
Withdraw,347,2025-03-24 00:00:00+00:00
Withdraw,346,2025-03-29 00:00:00+00:00
Withdraw,320,2025-04-25 00:00:00+00:00
Withdraw,245,2025-04-26 00:00:00+00:00
Withdraw,731,2026-01-07 00:00:00+00:00
Withdraw,867,2025-12-11 00:00:00+00:00
Withdraw,506,2025-09-03 00:00:00+00:00
Withdraw,628,2025-10-22 00:00:00+00:00
Withdraw,547,2025-09-04 00:00:00+00:00
Withdraw,431,2025-11-01 00:00:00+00:00
Withdraw,293,2025-03-21 00:00:00+00:00
Withdraw,710,2025-12-30 00:00:00+00:00
Withdraw,396,2025-07-29 00:00:00+00:00
Withdraw,447,2025-07-02 00:00:00+00:00
Withdraw,511,2025-07-16 00:00:00+00:00
Withdraw,580,2025-10-08 00:00:00+00:00
Withdraw,706,2026-01-12 00:00:00+00:00
Withdraw,609,2025-06-27 00:00:00+00:00
Withdraw,236,2025-03-15 00:00:00+00:00
Withdraw,314,2025-04-17 00:00:00+00:00
Withdraw,425,2025-03-02 00:00:00+00:00
Withdraw,449,2025-08-17 00:00:00+00:00
Withdraw,761,2025-07-23 00:00:00+00:00
Withdraw,636,2026-01-24 00:00:00+00:00
Withdraw,649,2025-11-10 00:00:00+00:00
Withdraw,564,2025-09-17 00:00:00+00:00
Withdraw,862,2026-02-13 00:00:00+00:00
Withdraw,662,2025-11-28 00:00:00+00:00
Withdraw,301,2025-05-25 00:00:00+00:00
Withdraw,724,2026-02-14 00:00:00+00:00
Withdraw,723,2025-11-27 00:00:00+00:00
Withdraw,426,2025-09-13 00:00:00+00:00
Withdraw,355,2025-05-12 00:00:00+00:00
Withdraw,1097,2026-01-25 00:00:00+00:00
Withdraw,537,2025-11-15 00:00:00+00:00
Withdraw,672,2025-08-09 00:00:00+00:00
Withdraw,707,2025-11-24 00:00:00+00:00
Withdraw,486,2025-07-20 00:00:00+00:00
Withdraw,990,2026-01-14 00:00:00+00:00
Withdraw,842,2025-12-18 00:00:00+00:00
Withdraw,258,2025-05-02 00:00:00+00:00
Withdraw,375,2025-06-11 00:00:00+00:00
Withdraw,897,2025-11-03 00:00:00+00:00
Withdraw,539,2025-07-22 00:00:00+00:00
Withdraw,535,2025-11-08 00:00:00+00:00
Withdraw,609,2025-09-18 00:00:00+00:00
Withdraw,510,2025-08-23 00:00:00+00:00
Withdraw,620,2026-01-09 00:00:00+00:00
Withdraw,215,2025-03-16 00:00:00+00:00
Withdraw,336,2025-06-26 00:00:00+00:00
Withdraw,857,2026-02-10 00:00:00+00:00
Withdraw,904,2026-01-19 00:00:00+00:00
Withdraw,572,2025-03-04 00:00:00+00:00
Withdraw,458,2025-07-28 00:00:00+00:00
Withdraw,555,2025-12-13 00:00:00+00:00
Withdraw,323,2025-05-07 00:00:00+00:00
Withdraw,660,2025-06-06 00:00:00+00:00
Withdraw,418,2025-05-23 00:00:00+00:00
Withdraw,367,2025-04-11 00:00:00+00:00
Withdraw,547,2025-11-09 00:00:00+00:00
Withdraw,363,2025-07-08 00:00:00+00:00
Withdraw,688,2025-10-07 00:00:00+00:00
Withdraw,602,2025-11-22 00:00:00+00:00
Withdraw,197,2025-04-20 00:00:00+00:00
Withdraw,648,2025-10-05 00:00:00+00:00
Withdraw,862,2025-11-18 00:00:00+00:00
Withdraw,527,2025-08-21 00:00:00+00:00
Withdraw,718,2026-02-17 00:00:00+00:00
Withdraw,286,2025-03-25 00:00:00+00:00
Withdraw,470,2025-10-18 00:00:00+00:00
Withdraw,1073,2026-01-21 00:00:00+00:00
Withdraw,340,2025-03-20 00:00:00+00:00
Withdraw,301,2025-06-04 00:00:00+00:00
Withdraw,554,2025-08-20 00:00:00+00:00
Withdraw,1106,2025-12-01 00:00:00+00:00
Withdraw,463,2025-06-22 00:00:00+00:00
Withdraw,420,2025-07-24 00:00:00+00:00
Withdraw,860,2025-04-07 00:00:00+00:00
Withdraw,462,2025-09-21 00:00:00+00:00
Withdraw,381,2025-07-19 00:00:00+00:00
Withdraw,580,2025-12-20 00:00:00+00:00
Withdraw,704,2026-01-16 00:00:00+00:00
Withdraw,765,2026-01-02 00:00:00+00:00
Withdraw,567,2025-10-31 00:00:00+00:00
Withdraw,505,2025-09-16 00:00:00+00:00
Withdraw,872,2025-11-06 00:00:00+00:00
Withdraw,416,2025-09-20 00:00:00+00:00
Withdraw,318,2025-05-19 00:00:00+00:00
Withdraw,2406,2026-02-06 00:00:00+00:00
Withdraw,405,2025-08-05 00:00:00+00:00
Withdraw,612,2025-09-28 00:00:00+00:00
Withdraw,795,2026-02-19 00:00:00+00:00
Withdraw,889,2025-12-17 00:00:00+00:00
Withdraw,875,2025-12-22 00:00:00+00:00
Withdraw,314,2025-06-07 00:00:00+00:00
Withdraw,265,2025-06-28 00:00:00+00:00
Withdraw,217,2025-03-08 00:00:00+00:00
Withdraw,504,2025-09-01 00:00:00+00:00
Withdraw,366,2025-09-14 00:00:00+00:00
Withdraw,430,2025-07-04 00:00:00+00:00
Withdraw,682,2025-04-09 00:00:00+00:00
Withdraw,315,2025-03-27 00:00:00+00:00
Withdraw,888,2026-01-05 00:00:00+00:00
Withdraw,842,2025-11-20 00:00:00+00:00
Withdraw,915,2025-11-07 00:00:00+00:00
Withdraw,698,2025-10-03 00:00:00+00:00
Withdraw,1264,2025-11-04 00:00:00+00:00
Withdraw,312,2025-05-06 00:00:00+00:00
Withdraw,646,2026-01-03 00:00:00+00:00
Withdraw,1165,2026-01-20 00:00:00+00:00
Withdraw,406,2025-05-21 00:00:00+00:00
Withdraw,351,2025-03-06 00:00:00+00:00
Withdraw,492,2025-09-05 00:00:00+00:00
Withdraw,562,2025-10-23 00:00:00+00:00
Withdraw,589,2025-10-28 00:00:00+00:00
Withdraw,777,2025-12-29 00:00:00+00:00
Withdraw,293,2025-03-17 00:00:00+00:00
Withdraw,625,2025-08-25 00:00:00+00:00
Withdraw,290,2025-03-01 00:00:00+00:00
Withdraw,594,2025-07-21 00:00:00+00:00
Withdraw,729,2026-02-18 00:00:00+00:00
Withdraw,494,2026-01-11 00:00:00+00:00
Withdraw,559,2025-11-11 00:00:00+00:00
Withdraw,403,2025-08-30 00:00:00+00:00
Withdraw,1408,2026-01-30 00:00:00+00:00
Withdraw,265,2025-05-18 00:00:00+00:00
Withdraw,207,2025-03-23 00:00:00+00:00
Withdraw,408,2025-04-03 00:00:00+00:00
Withdraw,401,2025-05-26 00:00:00+00:00
Withdraw,612,2026-02-21 00:00:00+00:00
Withdraw,378,2025-04-21 00:00:00+00:00
Withdraw,325,2025-06-19 00:00:00+00:00
Withdraw,443,2025-07-10 00:00:00+00:00
Withdraw,267,2025-06-08 00:00:00+00:00
Withdraw,274,2025-04-29 00:00:00+00:00
Withdraw,1749,2026-02-02 00:00:00+00:00
Withdraw,646,2025-09-27 00:00:00+00:00
Withdraw,607,2025-09-29 00:00:00+00:00
Withdraw,474,2025-08-06 00:00:00+00:00
Withdraw,521,2026-01-01 00:00:00+00:00
Withdraw,358,2025-07-05 00:00:00+00:00
Withdraw,482,2025-04-08 00:00:00+00:00
Withdraw,395,2025-04-22 00:00:00+00:00
Withdraw,710,2025-08-12 00:00:00+00:00
Withdraw,804,2025-12-10 00:00:00+00:00
Withdraw,416,2025-09-07 00:00:00+00:00
Withdraw,628,2025-10-29 00:00:00+00:00
Withdraw,492,2025-07-11 00:00:00+00:00
Withdraw,491,2025-10-26 00:00:00+00:00
Withdraw,355,2025-06-21 00:00:00+00:00
Withdraw,603,2026-01-04 00:00:00+00:00
Withdraw,2184,2026-01-31 00:00:00+00:00
Withdraw,1053,2025-09-26 00:00:00+00:00
Withdraw,386,2025-05-20 00:00:00+00:00
Withdraw,698,2025-09-24 00:00:00+00:00
Withdraw,3840,2026-02-05 00:00:00+00:00
Withdraw,553,2025-04-06 00:00:00+00:00
Withdraw,978,2025-11-05 00:00:00+00:00
Withdraw,808,2026-01-15 00:00:00+00:00
Withdraw,633,2025-08-22 00:00:00+00:00
Withdraw,546,2025-09-02 00:00:00+00:00
Withdraw,1584,2026-02-04 00:00:00+00:00
Withdraw,808,2025-10-10 00:00:00+00:00
Withdraw,343,2025-06-16 00:00:00+00:00
Withdraw,488,2025-09-08 00:00:00+00:00
Withdraw,557,2025-08-07 00:00:00+00:00
Withdraw,295,2025-04-12 00:00:00+00:00
Withdraw,514,2025-11-23 00:00:00+00:00
Withdraw,640,2025-08-19 00:00:00+00:00
Withdraw,470,2025-05-08 00:00:00+00:00
Withdraw,320,2025-06-24 00:00:00+00:00
Withdraw,209,2025-05-03 00:00:00+00:00
Withdraw,735,2026-01-08 00:00:00+00:00
Withdraw,506,2025-06-05 00:00:00+00:00
Withdraw,502,2025-10-04 00:00:00+00:00
Withdraw,297,2025-03-26 00:00:00+00:00
Withdraw,897,2026-02-09 00:00:00+00:00
Withdraw,787,2025-12-19 00:00:00+00:00
Withdraw,578,2025-07-18 00:00:00+00:00
Withdraw,396,2025-10-25 00:00:00+00:00
Withdraw,585,2025-12-14 00:00:00+00:00
