date,revenue
2019-11-14,0
2019-11-15,0
2019-11-16,0
2019-11-17,0
2019-11-18,152
2019-11-19,759
2019-11-20,1003
2019-11-21,1410
2019-11-22,1620
2019-11-23,1759
2019-11-24,1753
2019-11-25,1948
2019-11-26,1963
2019-11-27,1935
2019-11-28,2118
2019-11-29,2241
2019-11-30,2315
2019-12-01,2528
2019-12-02,4344
2019-12-03,5031
2019-12-04,5088
2019-12-05,5101
2019-12-06,4745
2019-12-07,4752
2019-12-08,4827
2019-12-09,4760
2019-12-10,4739
2019-12-11,4775
2019-12-12,4842
2019-12-13,4873
2019-12-14,4902
2019-12-15,4888
2019-12-16,5041
2019-12-17,5133
2019-12-18,5140
2019-12-19,5290
2019-12-20,4609
2019-12-21,4677
2019-12-22,4713
2019-12-23,4646
2019-12-24,4683
2019-12-25,4607
2019-12-26,4572
2019-12-27,4474
2019-12-28,4554
2019-12-29,4588
2019-12-30,4558
2019-12-31,4533
2020-01-01,4539
2020-01-02,4530
2020-01-03,4625
2020-01-04,4576
2020-01-05,4591
2020-01-06,4835
2020-01-07,4888
2020-01-08,7383
2020-01-09,7355
2020-01-10,7219
2020-01-11,7177
2020-01-12,7185
2020-01-13,7130
2020-01-14,7085
2020-01-15,7290
2020-01-16,7318
2020-01-17,7436
2020-01-18,8478
2020-01-19,8390
2020-01-20,9656
2020-01-21,9768
2020-01-22,9823
2020-01-23,9824
2020-01-24,9666
2020-01-25,9502
2020-01-26,12799
2020-01-27,12520
2020-01-28,12399
2020-01-29,12342
2020-01-30,12381
2020-01-31,12303
2020-02-01,12353
2020-02-02,12061
2020-02-03,12405
2020-02-04,13227
2020-02-05,13530
2020-02-06,13209
2020-02-07,12607
2020-02-08,12699
2020-02-09,11827
2020-02-10,11826
2020-02-11,11922
2020-02-12,11843
2020-02-13,11692
2020-02-14,12016
2020-02-15,12010
2020-02-16,12058
2020-02-17,11743
2020-02-18,11585
2020-02-19,11480
2020-02-20,11356
2020-02-21,10513
2020-02-22,10331
2020-02-23,10396
2020-02-24,10489
2020-02-25,9822
2020-02-26,9971
2020-02-27,10507
2020-02-28,10076
2020-02-29,9935
2020-03-01,9760
2020-03-02,9389
2020-03-03,9060
2020-03-04,8825
2020-03-05,8722
2020-03-06,9246
2020-03-07,9231
2020-03-08,9194
2020-03-09,9332
2020-03-10,9007
2020-03-11,9305
2020-03-12,8496
2020-03-13,8368
2020-03-14,4006
2020-03-15,4393
2020-03-16,925
2020-03-17,933
2020-03-18,898
2020-03-19,915
2020-03-20,945
2020-03-21,947
2020-03-22,942
2020-03-23,932
2020-03-24,942
2020-03-25,948
2020-03-26,985
2020-03-27,992
2020-03-28,999
2020-03-29,999
2020-03-30,1012
2020-03-31,1028
2020-04-01,1024
2020-04-02,1066
2020-04-03,1068
2020-04-04,1083
2020-04-05,1084
2020-04-06,1099
2020-04-07,1036
2020-04-08,1027
2020-04-09,1033
2020-04-10,1034
2020-04-11,1034
2020-04-12,1035
2020-04-13,1035
2020-04-14,1040
2020-04-15,1045
2020-04-16,1053
2020-04-17,1055
2020-04-18,1081
2020-04-19,1138
2020-04-20,0
2020-04-21,0
2020-04-22,0
2020-04-23,0
2020-04-24,0
2020-04-25,0
2020-04-26,0
2020-04-27,0
2020-04-28,0
2020-04-29,0
2020-04-30,0
2020-05-01,0
2020-05-02,0
2020-05-03,2
2020-05-04,2
2020-05-05,3
2020-05-06,4
2020-05-07,5
2020-05-08,6
2020-05-09,7
2020-05-10,7
2020-05-11,7
2020-05-12,8
2020-05-13,8
2020-05-14,9
2020-05-15,9
2020-05-16,10
2020-05-17,10
2020-05-18,11
2020-05-19,13
2020-05-20,123
2020-05-21,123
2020-05-22,260
2020-05-23,261
2020-05-24,259
2020-05-25,260
2020-05-26,260
2020-05-27,260
2020-05-28,260
2020-05-29,260
2020-05-30,261
2020-05-31,261
2020-06-01,262
2020-06-02,273
2020-06-03,273
2020-06-04,273
2020-06-05,274
2020-06-06,274
2020-06-07,274
2020-06-08,274
2020-06-09,274
2020-06-10,274
2020-06-11,274
2020-06-12,274
2020-06-13,274
2020-06-14,274
2020-06-15,274
2020-06-16,274
2020-06-17,274
2020-06-18,274
2020-06-19,274
2020-06-20,274
2020-06-21,274
2020-06-22,273
2020-06-23,274
2020-06-24,274
2020-06-25,274
2020-06-26,273
2020-06-27,274
2020-06-28,1135
2020-06-29,1136
2020-06-30,1135
2020-07-01,1133
2020-07-02,1161
2020-07-03,1239
2020-07-04,734
2020-07-05,769
2020-07-06,994
2020-07-07,1096
2020-07-08,1095
2020-07-09,1096
2020-07-10,1096
2020-07-11,1096
2020-07-12,1096
2020-07-13,1096
2020-07-14,1096
2020-07-15,1096
2020-07-16,1096
2020-07-17,1096
2020-07-18,1096
2020-07-19,1096
2020-07-20,1096
2020-07-21,1096
2020-07-22,1096
2020-07-23,1096
2020-07-24,1096
2020-07-25,1096
2020-07-26,1096
2020-07-27,1096
2020-07-28,1096
2020-07-29,1096
2020-07-30,1129
2020-07-31,2192
2020-08-01,2192
2020-08-02,2192
2020-08-03,0
2020-08-04,0
2020-08-05,0
2020-08-06,0
2020-08-07,0
2020-08-08,0
2020-08-09,0
2020-08-10,0
2020-08-11,0
2020-08-12,0
2020-08-13,0
2020-08-14,0
2020-08-15,0
2020-08-16,0
2020-08-17,0
2020-08-18,0
2020-08-19,0
2020-08-20,0
2020-08-21,0
2020-08-22,0
2020-08-23,0
2020-08-24,0
2020-08-25,0
2020-08-26,0
2020-08-27,0
2020-08-28,0
2020-08-29,0
2020-08-30,0
2020-08-31,0
2020-09-01,0
2020-09-02,0
2020-09-03,0
2020-09-04,0
2020-09-05,0
2020-09-06,0
2020-09-07,0
2020-09-08,3305
2020-09-09,2858
2020-09-10,2551
2020-09-11,2949
2020-09-12,3019
2020-09-13,2954
2020-09-14,3018
2020-09-15,3042
2020-09-16,3084
2020-09-17,3018
2020-09-18,4644
2020-09-19,9582
2020-09-20,9576
2020-09-21,9435
2020-09-22,9383
2020-09-23,9313
2020-09-24,8969
2020-09-25,9105
2020-09-26,9128
2020-09-27,9158
2020-09-28,31579
2020-09-29,31530
2020-09-30,31558
2020-10-01,30971
2020-10-02,30669
2020-10-03,30212
2020-10-04,26932
2020-10-05,26957
2020-10-06,27051
2020-10-07,26814
2020-10-08,27034
2020-10-09,26969
2020-10-10,26934
2020-10-11,26856
2020-10-12,26862
2020-10-13,27095
2020-10-14,26908
2020-10-15,26895
2020-10-16,26786
2020-10-17,26811
2020-10-18,26951
2020-10-19,27299
2020-10-20,27587
2020-10-21,28724
2020-10-22,28866
2020-10-23,30416
2020-10-24,30491
2020-10-25,30580
2020-10-26,30755
2020-10-27,30847
2020-10-28,30996
2020-10-29,31178
2020-10-30,30696
2020-10-31,30773
2020-11-01,30899
2020-11-02,30711
2020-11-03,30702
2020-11-04,30646
2020-11-05,30698
2020-11-06,30891
2020-11-07,31148
2020-11-08,31214
2020-11-09,31151
2020-11-10,31391
2020-11-11,32963
2020-11-12,32938
2020-11-13,33116
2020-11-14,33419
2020-11-15,33498
2020-11-16,33706
2020-11-17,33743
2020-11-18,33877
2020-11-19,34099
2020-11-20,34764
2020-11-21,35439
2020-11-22,35784
2020-11-23,36187
2020-11-24,36751
2020-11-25,37058
2020-11-26,35135
2020-11-27,35135
2020-11-28,35235
2020-11-29,36486
2020-11-30,36902
2020-12-01,36894
2020-12-02,37937
2020-12-03,38256
2020-12-04,37913
2020-12-05,37993
2020-12-06,38084
2020-12-07,38210
2020-12-08,38163
2020-12-09,38138
2020-12-10,37241
2020-12-11,35279
2020-12-12,35310
2020-12-13,35353
2020-12-14,35463
2020-12-15,35764
2020-12-16,36807
2020-12-17,37655
2020-12-18,37603
2020-12-19,38136
2020-12-20,37318
2020-12-21,46430
2020-12-22,46597
2020-12-23,47648
2020-12-24,48086
2020-12-25,48172
2020-12-26,48692
2020-12-27,46111
2020-12-28,47306
2020-12-29,47435
2020-12-30,49263
2020-12-31,50233
2021-01-01,50930
2021-01-02,52075
2021-01-03,56215
2021-01-04,58480
2021-01-05,59109
2021-01-06,59492
2021-01-07,63268
2021-01-08,65191
2021-01-09,67466
2021-01-10,68832
2021-01-11,64540
2021-01-12,65670
2021-01-13,66817
2021-01-14,69820
2021-01-15,67522
2021-01-16,73083
2021-01-17,73926
2021-01-18,74870
2021-01-19,75391
2021-01-20,95393
2021-01-21,94486
2021-01-22,98145
2021-01-23,98868
2021-01-24,102415
2021-01-25,106562
2021-01-26,107844
2021-01-27,109509
2021-01-28,110806
2021-01-29,112659
2021-01-30,113652
2021-01-31,114095
2021-02-01,115076
2021-02-02,118811
2021-02-03,122148
2021-02-04,124971
2021-02-05,129702
2021-02-06,131043
2021-02-07,128009
2021-02-08,133760
2021-02-09,138659
2021-02-10,139609
2021-02-11,145305
2021-02-12,147142
2021-02-13,148258
2021-02-14,148349
2021-02-15,189774
2021-02-16,199496
2021-02-17,204270
2021-02-18,207792
2021-02-19,210771
2021-02-20,217025
2021-02-21,219728
2021-02-22,217482
2021-02-23,203524
2021-02-24,205622
2021-02-25,206480
2021-02-26,202414
2021-02-27,202085
2021-02-28,199430
2021-03-01,202989
2021-03-02,206875
2021-03-03,247906
2021-03-04,249257
2021-03-05,245028
2021-03-06,245982
2021-03-07,248855
2021-03-08,250253
2021-03-09,254446
2021-03-10,256319
2021-03-11,261970
2021-03-12,263483
2021-03-13,266030
2021-03-14,266612
2021-03-15,267356
2021-03-16,263969
2021-03-17,268495
2021-03-18,270143
2021-03-19,270018
2021-03-20,267926
2021-03-21,268174
2021-03-22,266661
2021-03-23,262991
2021-03-24,260995
2021-03-25,262889
2021-03-26,263477
2021-03-27,263521
2021-03-28,266293
2021-03-29,268113
2021-03-30,270700
2021-03-31,272231
2021-04-01,278024
2021-04-02,288760
2021-04-03,290516
2021-04-04,291758
2021-04-05,293216
2021-04-06,295665
2021-04-07,293851
2021-04-08,295200
2021-04-09,296744
2021-04-10,308737
2021-04-11,313879
2021-04-12,314637
2021-04-13,319038
2021-04-14,326812
2021-04-15,333358
2021-04-16,351963
2021-04-17,359394
2021-04-18,352398
2021-04-19,353433
2021-04-20,355374
2021-04-21,356367
2021-04-22,356065
2021-04-23,351630
2021-04-24,353216
2021-04-25,353336
2021-04-26,359528
2021-04-27,362360
2021-04-28,363339
2021-04-29,369885
2021-04-30,367753
2021-05-01,369569
2021-05-02,373415
2021-05-03,383156
2021-05-04,394332
2021-05-05,408246
2021-05-06,434880
2021-05-07,445989
2021-05-08,452572
2021-05-09,460812
2021-05-10,469594
2021-05-11,473608
2021-05-12,478597
2021-05-13,472154
2021-05-14,480410
2021-05-15,480396
2021-05-16,486829
2021-05-17,494172
2021-05-18,499519
2021-05-19,440376
2021-05-20,420524
2021-05-21,407309
2021-05-22,401615
2021-05-23,333513
2021-05-24,349903
2021-05-25,348521
2021-05-26,355571
2021-05-27,353437
2021-05-28,348307
2021-05-29,326423
2021-05-30,317109
2021-05-31,315649
2021-06-01,313406
2021-06-02,313568
2021-06-03,312831
2021-06-04,312321
2021-06-05,312155
2021-06-06,312515
2021-06-07,321241
2021-06-08,314906
2021-06-09,315560
2021-06-10,315678
2021-06-11,315037
2021-06-12,307380
2021-06-13,304548
2021-06-14,305322
2021-06-15,317937
2021-06-16,315278
2021-06-17,298147
2021-06-18,294164
2021-06-19,284102
2021-06-20,281588
2021-06-21,168824
2021-06-22,157036
2021-06-23,157443
2021-06-24,158970
2021-06-25,157955
2021-06-26,156625
2021-06-27,156827
2021-06-28,158455
2021-06-29,158482
2021-06-30,167489
2021-07-01,167968
2021-07-02,167011
2021-07-03,167814
2021-07-04,168956
2021-07-05,169884
2021-07-06,172275
2021-07-07,172642
2021-07-08,173228
2021-07-09,173320
2021-07-10,172259
2021-07-11,172867
2021-07-12,173108
2021-07-13,166928
2021-07-14,167116
2021-07-15,167276
2021-07-16,168377
2021-07-17,168359
2021-07-18,96439
2021-07-19,94486
2021-07-20,93554
2021-07-21,93914
2021-07-22,94351
2021-07-23,91958
2021-07-24,95165
2021-07-25,95751
2021-07-26,95672
2021-07-27,94900
2021-07-28,95632
2021-07-29,95446
2021-07-30,95741
2021-07-31,96289
2021-08-01,95899
2021-08-02,96314
2021-08-03,96338
2021-08-04,97337
2021-08-05,97589
2021-08-06,98458
2021-08-07,99452
2021-08-08,100677
2021-08-09,101627
2021-08-10,103269
2021-08-11,103482
2021-08-12,105072
2021-08-13,106505
2021-08-14,107009
2021-08-15,107166
2021-08-16,107485
2021-08-17,106729
2021-08-18,107163
2021-08-19,106222
2021-08-20,107611
2021-08-21,108201
2021-08-22,108511
2021-08-23,109282
2021-08-24,107101
2021-08-25,107118
2021-08-26,107165
2021-08-27,109763
2021-08-28,110637
2021-08-29,111565
2021-08-30,111833
2021-08-31,112750
2021-09-01,113839
2021-09-02,122573
2021-09-03,124490
2021-09-04,124370
2021-09-05,125950
2021-09-06,126868
2021-09-07,128113
2021-09-08,128366
2021-09-09,128711
2021-09-10,127363
2021-09-11,132579
2021-09-12,132792
2021-09-13,132853
2021-09-14,132324
2021-09-15,132698
2021-09-16,133700
2021-09-17,134968
2021-09-18,135130
2021-09-19,135111
2021-09-20,126150
2021-09-21,121783
2021-09-22,117515
2021-09-23,118264
2021-09-24,117502
2021-09-25,117458
2021-09-26,117489
2021-09-27,123161
2021-09-28,123197
2021-09-29,123482
2021-09-30,122792
2021-10-01,126070
2021-10-02,126911
2021-10-03,128213
2021-10-04,130076
2021-10-05,132014
2021-10-06,136987
2021-10-07,138411
2021-10-08,139455
2021-10-09,141540
2021-10-10,142463
2021-10-11,142845
2021-10-12,145219
2021-10-13,146102
2021-10-14,155334
2021-10-15,165853
2021-10-16,168325
2021-10-17,169491
2021-10-18,170607
2021-10-19,170036
2021-10-20,179609
2021-10-21,190352
2021-10-22,190201
2021-10-23,189761
2021-10-24,189862
2021-10-25,190836
2021-10-26,192051
2021-10-27,208700
2021-10-28,210166
2021-10-29,219611
2021-10-30,224477
2021-10-31,227446
2021-11-01,230632
2021-11-02,228719
2021-11-03,232600
2021-11-04,230679
2021-11-05,247195
2021-11-06,248008
2021-11-07,248875
2021-11-08,261731
2021-11-09,276288
2021-11-10,344497
2021-11-11,344165
2021-11-12,346848
2021-11-13,345117
2021-11-14,343471
2021-11-15,343127
2021-11-16,341743
2021-11-17,344477
2021-11-18,343949
2021-11-19,348296
2021-11-20,346532
2021-11-21,347381
2021-11-22,399100
2021-11-23,400585
2021-11-24,401507
2021-11-25,402110
2021-11-26,397017
2021-11-27,397295
2021-11-28,395871
2021-11-29,396399
2021-11-30,397253
2021-12-01,400604
2021-12-02,400733
2021-12-03,401504
2021-12-04,377169
2021-12-05,377479
2021-12-06,368949
2021-12-07,370465
2021-12-08,372218
2021-12-09,393648
2021-12-10,386250
2021-12-11,384250
2021-12-12,386783
2021-12-13,384879
2021-12-14,385870
2021-12-15,386030
2021-12-16,387270
2021-12-17,384168
2021-12-18,384372
2021-12-19,382267
2021-12-20,381583
2021-12-21,381529
2021-12-22,382278
2021-12-23,382884
2021-12-24,383359
2021-12-25,382757
2021-12-26,384037
2021-12-27,383751
2021-12-28,382015
2021-12-29,381399
2021-12-30,378268
2021-12-31,379048
2022-01-01,375475
2022-01-02,375542
2022-01-03,374525
2022-01-04,374520
2022-01-05,371515
2022-01-06,363514
2022-01-07,357178
2022-01-08,354271
2022-01-09,350475
2022-01-10,349117
2022-01-11,347919
2022-01-12,348669
2022-01-13,346956
2022-01-14,346957
2022-01-15,347472
2022-01-16,347831
2022-01-17,347640
2022-01-18,347265
2022-01-19,350640
2022-01-20,349173
2022-01-21,315554
2022-01-22,285023
2022-01-23,284911
2022-01-24,264674
2022-01-25,257420
2022-01-26,258138
2022-01-27,260250
2022-01-28,260949
2022-01-29,262789
2022-01-30,263519
2022-01-31,262813
2022-02-01,264015
2022-02-02,260667
2022-02-03,260721
2022-02-04,261483
2022-02-05,261379
2022-02-06,261004
2022-02-07,238023
2022-02-08,239976
2022-02-09,240619
2022-02-10,241541
2022-02-11,240537
2022-02-12,240697
2022-02-13,240729
2022-02-14,240727
2022-02-15,241423
2022-02-16,231533
2022-02-17,230816
2022-02-18,229537
2022-02-19,229286
2022-02-20,228229
2022-02-21,228171
2022-02-22,226483
2022-02-23,226972
2022-02-24,209870
2022-02-25,203063
2022-02-26,203013
2022-02-27,202918
2022-02-28,203603
2022-03-01,204805
2022-03-02,196183
2022-03-03,195160
2022-03-04,194216
2022-03-05,194222
2022-03-06,194093
2022-03-07,193263
2022-03-08,179671
2022-03-09,179736
2022-03-10,179704
2022-03-11,179929
2022-03-12,179954
2022-03-13,179601
2022-03-14,179257
2022-03-15,179276
2022-03-16,179857
2022-03-17,180261
2022-03-18,181996
2022-03-19,182351
2022-03-20,182159
2022-03-21,182956
2022-03-22,183043
2022-03-23,183110
2022-03-24,182985
2022-03-25,183996
2022-03-26,184319
2022-03-27,184449
2022-03-28,185233
2022-03-29,184949
2022-03-30,186763
2022-03-31,185530
2022-04-01,189186
2022-04-02,189435
2022-04-03,189426
2022-04-04,189053
2022-04-05,190195
2022-04-06,189821
2022-04-07,189768
2022-04-08,196085
2022-04-09,196102
2022-04-10,196208
2022-04-11,182247
2022-04-12,182521
2022-04-13,182286
2022-04-14,182582
2022-04-15,182155
2022-04-16,182453
2022-04-17,182326
2022-04-18,182226
2022-04-19,183014
2022-04-20,183313
2022-04-21,183300
2022-04-22,182994
2022-04-23,182818
2022-04-24,182813
2022-04-25,178710
2022-04-26,178423
2022-04-27,178295
2022-04-28,177731
2022-04-29,177766
2022-04-30,177197
2022-05-01,176188
2022-05-02,176117
2022-05-03,175414
2022-05-04,175706
2022-05-05,171448
2022-05-06,172259
2022-05-07,168529
2022-05-08,160844
2022-05-09,148430
2022-05-10,145281
2022-05-11,145330
2022-05-12,135262
2022-05-13,134396
2022-05-14,134706
2022-05-15,134772
2022-05-16,117935
2022-05-17,117732
2022-05-18,117750
2022-05-19,117152
2022-05-20,104155
2022-05-21,104264
2022-05-22,104282
2022-05-23,98220
2022-05-24,89843
2022-05-25,85771
2022-05-26,84056
2022-05-27,83020
2022-05-28,83076
2022-05-29,83038
2022-05-30,83203
2022-05-31,82704
2022-06-01,82663
2022-06-02,82356
2022-06-03,82478
2022-06-04,82517
2022-06-05,82414
2022-06-06,82449
2022-06-07,82633
2022-06-08,82651
2022-06-09,82117
2022-06-10,80236
2022-06-11,78371
2022-06-12,89375
2022-06-13,78172
2022-06-14,73768
2022-06-15,72926
2022-06-16,70621
2022-06-17,68785
2022-06-18,68156
2022-06-19,68027
2022-06-20,67941
2022-06-21,67945
2022-06-22,68091
2022-06-23,67960
2022-06-24,67972
2022-06-25,66245
2022-06-26,66365
2022-06-27,63534
2022-06-28,63174
2022-06-29,63257
2022-06-30,62735
2022-07-01,57581
2022-07-02,57101
2022-07-03,56761
2022-07-04,52807
2022-07-05,51727
2022-07-06,45458
2022-07-07,43094
2022-07-08,35173
2022-07-09,35104
2022-07-10,34914
2022-07-11,34919
2022-07-12,35173
2022-07-13,35266
2022-07-14,35224
2022-07-15,35016
2022-07-16,35609
2022-07-17,35677
2022-07-18,36367
2022-07-19,37255
2022-07-20,37246
2022-07-21,37112
2022-07-22,37494
2022-07-23,37517
2022-07-24,37578
2022-07-25,36000
2022-07-26,36134
2022-07-27,36105
2022-07-28,40484
2022-07-29,41713
2022-07-30,41778
2022-07-31,42184
2022-08-01,42421
2022-08-02,43203
2022-08-03,43284
2022-08-04,43265
2022-08-05,43597
2022-08-06,44044
2022-08-07,44067
2022-08-08,44136
2022-08-09,44290
2022-08-10,44873
2022-08-11,46165
2022-08-12,46141
2022-08-13,46480
2022-08-14,44853
2022-08-15,44779
2022-08-16,45111
2022-08-17,45082
2022-08-18,45305
2022-08-19,44776
2022-08-20,44026
2022-08-21,43897
2022-08-22,44274
2022-08-23,43815
2022-08-24,43789
2022-08-25,43817
2022-08-26,43867
2022-08-27,43172
2022-08-28,43084
2022-08-29,43518
2022-08-30,43689
2022-08-31,43684
2022-09-01,43695
2022-09-02,43684
2022-09-03,43757
2022-09-04,43763
2022-09-05,43710
2022-09-06,41199
2022-09-07,36347
2022-09-08,34472
2022-09-09,34612
2022-09-10,28651
2022-09-11,28620
2022-09-12,28630
2022-09-13,28993
2022-09-14,28938
2022-09-15,29026
2022-09-16,29076
2022-09-17,29284
2022-09-18,29093
2022-09-19,30144
2022-09-20,30071
2022-09-21,29711
2022-09-22,29749
2022-09-23,29717
2022-09-24,29684
2022-09-25,29687
2022-09-26,29690
2022-09-27,29711
2022-09-28,29754
2022-09-29,27061
2022-09-30,26782
2022-10-01,26757
2022-10-02,26510
2022-10-03,26549
2022-10-04,26552
2022-10-05,26557
2022-10-06,26598
2022-10-07,26428
2022-10-08,26423
2022-10-09,26426
2022-10-10,26482
2022-10-11,26371
2022-10-12,26328
2022-10-13,25803
2022-10-14,25834
2022-10-15,25834
2022-10-16,25865
2022-10-17,25910
2022-10-18,25929
2022-10-19,25863
2022-10-20,25926
2022-10-21,25873
2022-10-22,25878
2022-10-23,25915
2022-10-24,25932
2022-10-25,31607
2022-10-26,31571
2022-10-27,31535
2022-10-28,31622
2022-10-29,31615
2022-10-30,31681
2022-10-31,31712
2022-11-01,37109
2022-11-02,37166
2022-11-03,37197
2022-11-04,37417
2022-11-05,37443
2022-11-06,37466
2022-11-07,37772
2022-11-08,43091
2022-11-09,41784
2022-11-10,46845
2022-11-11,46903
2022-11-12,47013
2022-11-13,47067
2022-11-14,47759
2022-11-15,50443
2022-11-16,50681
2022-11-17,50956
2022-11-18,50995
2022-11-19,51060
2022-11-20,51090
2022-11-21,52028
2022-11-22,63039
2022-11-23,62788
2022-11-24,62459
2022-11-25,62524
2022-11-26,62540
2022-11-27,62435
2022-11-28,62395
2022-11-29,72698
2022-11-30,72308
2022-12-01,72344
2022-12-02,72216
2022-12-03,72222
2022-12-04,72216
2022-12-05,72297
2022-12-06,83157
2022-12-07,83552
2022-12-08,83678
2022-12-09,83678
2022-12-10,83688
2022-12-11,83759
2022-12-12,83769
2022-12-13,83625
2022-12-14,83676
2022-12-15,83629
2022-12-16,83157
2022-12-17,83157
2022-12-18,83142
2022-12-19,83743
2022-12-20,83758
2022-12-21,83776
2022-12-22,83769
2022-12-23,84221
2022-12-24,84314
2022-12-25,84283
2022-12-26,84162
2022-12-27,84152
2022-12-28,84198
2022-12-29,84185
2022-12-30,84196
2022-12-31,83952
2023-01-01,83952
2023-01-02,83973
2023-01-03,84101
2023-01-04,83520
2023-01-05,84731
2023-01-06,84751
2023-01-07,84738
2023-01-08,84773
2023-01-09,85390
2023-01-10,85400
2023-01-11,85508
2023-01-12,86250
2023-01-13,86636
2023-01-14,86619
2023-01-15,86606
2023-01-16,86651
2023-01-17,86577
2023-01-18,86674
2023-01-19,86773
2023-01-20,87294
2023-01-21,87258
2023-01-22,87365
2023-01-23,87329
2023-01-24,87751
2023-01-25,88312
2023-01-26,89750
2023-01-27,89774
2023-01-28,89808
2023-01-29,89790
2023-01-30,90888
2023-01-31,90717
2023-02-01,90140
2023-02-02,90197
2023-02-03,90217
2023-02-04,90297
2023-02-05,90242
2023-02-06,91828
2023-02-07,91872
2023-02-08,91948
2023-02-09,92204
2023-02-10,92455
2023-02-11,92545
2023-02-12,92579
2023-02-13,92776
2023-02-14,92757
2023-02-15,93029
2023-02-16,93204
2023-02-17,92443
2023-02-18,92474
2023-02-19,92466
2023-02-20,92515
2023-02-21,91143
2023-02-22,91510
2023-02-23,91923
2023-02-24,92075
2023-02-25,92117
2023-02-26,92130
2023-02-27,92710
2023-02-28,93241
2023-03-01,93559
2023-03-02,93438
2023-03-03,93532
2023-03-04,93534
2023-03-05,93538
2023-03-06,93600
2023-03-07,93647
2023-03-08,93669
2023-03-09,92611
2023-03-10,92286
2023-03-11,90871
2023-03-12,89041
2023-03-13,91827
2023-03-14,91842
2023-03-15,91879
2023-03-16,91731
2023-03-17,91791
2023-03-18,91892
2023-03-19,91960
2023-03-20,92446
2023-03-21,93037
2023-03-22,93748
2023-03-23,93794
2023-03-24,94485
2023-03-25,94480
2023-03-26,94532
2023-03-27,94760
2023-03-28,94861
2023-03-29,94947
2023-03-30,94897
2023-03-31,95147
2023-04-01,95134
2023-04-02,95194
2023-04-03,95136
2023-04-04,95532
2023-04-05,94195
2023-04-06,94298
2023-04-07,94369
2023-04-08,94641
2023-04-09,94635
2023-04-10,94694
2023-04-11,94783
2023-04-12,94781
2023-04-13,95100
2023-04-14,95025
2023-04-15,95052
2023-04-16,95114
2023-04-17,95611
2023-04-18,95640
2023-04-19,96171
2023-04-20,96323
2023-04-21,96281
2023-04-22,96611
2023-04-23,96645
2023-04-24,96785
2023-04-25,96657
2023-04-26,104790
2023-04-27,104732
2023-04-28,104732
2023-04-29,104775
2023-04-30,105049
2023-05-01,106583
2023-05-02,106444
2023-05-03,115316
2023-05-04,115204
2023-05-05,119529
2023-05-06,119477
2023-05-07,119468
2023-05-08,119426
2023-05-09,123868
2023-05-10,128152
2023-05-11,132489
2023-05-12,136112
2023-05-13,136086
2023-05-14,136111
2023-05-15,140547
2023-05-16,145083
2023-05-17,155909
2023-05-18,155903
2023-05-19,160333
2023-05-20,161194
2023-05-21,161725
2023-05-22,165485
2023-05-23,168771
2023-05-24,173416
2023-05-25,177839
2023-05-26,177758
2023-05-27,177524
2023-05-28,177510
2023-05-29,182012
2023-05-30,182855
2023-05-31,230836
2023-06-01,230841
2023-06-02,230948
2023-06-03,230945
2023-06-04,230958
2023-06-05,230745
2023-06-06,235746
2023-06-07,236155
2023-06-08,235978
2023-06-09,240383
2023-06-10,239859
2023-06-11,239870
2023-06-12,239753
2023-06-13,238973
2023-06-14,239177
2023-06-15,239152
2023-06-16,239405
2023-06-17,239389
2023-06-18,239430
2023-06-19,293962
2023-06-20,292371
2023-06-21,292001
2023-06-22,291931
2023-06-23,290305
2023-06-24,289882
2023-06-25,289781
2023-06-26,289567
2023-06-27,288981
2023-06-28,288966
2023-06-29,289260
2023-06-30,280331
2023-07-01,280661
2023-07-02,280584
2023-07-03,286912
2023-07-04,286899
2023-07-05,287217
2023-07-06,299314
2023-07-07,304350
2023-07-08,304132
2023-07-09,303175
2023-07-10,308018
2023-07-11,313679
2023-07-12,318758
2023-07-13,324095
2023-07-14,325154
2023-07-15,325242
2023-07-16,325677
2023-07-17,325459
2023-07-18,320440
2023-07-19,326703
2023-07-20,332994
2023-07-21,337729
2023-07-22,338859
2023-07-23,338127
2023-07-24,342869
2023-07-25,343621
2023-07-26,343793
2023-07-27,343414
2023-07-28,343333
2023-07-29,342522
2023-07-30,340092
2023-07-31,341937
2023-08-01,344023
2023-08-02,345176
2023-08-03,346511
2023-08-04,335295
2023-08-05,335134
2023-08-06,278252
2023-08-07,232184
2023-08-08,205356
2023-08-09,200837
2023-08-10,174891
2023-08-11,168352
2023-08-12,162233
2023-08-13,153927
2023-08-14,146476
2023-08-15,140899
2023-08-16,135351
2023-08-17,131700
2023-08-18,116761
2023-08-19,110949
2023-08-20,290840
2023-08-21,287641
2023-08-22,287863
2023-08-23,291231
2023-08-24,288576
2023-08-25,283233
2023-08-26,281614
2023-08-27,265501
2023-08-28,263095
2023-08-29,268355
2023-08-30,265386
2023-08-31,263397
2023-09-01,260659
2023-09-02,259063
2023-09-03,256855
2023-09-04,255583
2023-09-05,254177
2023-09-06,251151
2023-09-07,255611
2023-09-08,252329
2023-09-09,250481
2023-09-10,247296
2023-09-11,256472
2023-09-12,254968
2023-09-13,259540
2023-09-14,262422
2023-09-15,259151
2023-09-16,257535
2023-09-17,257038
2023-09-18,262249
2023-09-19,266603
2023-09-20,272325
2023-09-21,277490
2023-09-22,276749
2023-09-23,275383
2023-09-24,273190
2023-09-25,277002
2023-09-26,275568
2023-09-27,285437
2023-09-28,286591
2023-09-29,298102
2023-09-30,298439
2023-10-01,296461
2023-10-02,306581
2023-10-03,308246
2023-10-04,314711
2023-10-05,315365
2023-10-06,314240
2023-10-07,312031
2023-10-08,310437
2023-10-09,308411
2023-10-10,309427
2023-10-11,309340
2023-10-12,310728
2023-10-13,309509
2023-10-14,308052
2023-10-15,307957
2023-10-16,310359
2023-10-17,310085
2023-10-18,308993
2023-10-19,325576
2023-10-20,333941
2023-10-21,330817
2023-10-22,329550
2023-10-23,340236
2023-10-24,340316
2023-10-25,343078
2023-10-26,343030
2023-10-27,347297
2023-10-28,350708
2023-10-29,352599
2023-10-30,359858
2023-10-31,343695
2023-11-01,337567
2023-11-02,347332
2023-11-03,345847
2023-11-04,325694
2023-11-05,327271
2023-11-06,339190
2023-11-07,340982
2023-11-08,342625
2023-11-09,347854
2023-11-10,355853
2023-11-11,345210
2023-11-12,346544
2023-11-13,361551
2023-11-14,355867
2023-11-15,355291
2023-11-16,358231
2023-11-17,347494
2023-11-18,334849
2023-11-19,320887
2023-11-20,321493
2023-11-21,336987
2023-11-22,336059
2023-11-23,336430
2023-11-24,336204
2023-11-25,335427
2023-11-26,335694
2023-11-27,337334
2023-11-28,337109
2023-11-29,342079
2023-11-30,342120
2023-12-01,346938
2023-12-02,350388
2023-12-03,350921
2023-12-04,356164
2023-12-05,357927
2023-12-06,354537
2023-12-07,357869
2023-12-08,356772
2023-12-09,357485
2023-12-10,358058
2023-12-11,374705
2023-12-12,376815
2023-12-13,366341
2023-12-14,354488
2023-12-15,356634
2023-12-16,355862
2023-12-17,368754
2023-12-18,367410
2023-12-19,358976
2023-12-20,363869
2023-12-21,367342
2023-12-22,369197
2023-12-23,368466
2023-12-24,370811
2023-12-25,374715
2023-12-26,376114
2023-12-27,378384
2023-12-28,388850
2023-12-29,392101
2023-12-30,398812
2023-12-31,400858
2024-01-01,385627
2024-01-02,391084
2024-01-03,393019
2024-01-04,395290
2024-01-05,389344
2024-01-06,387234
2024-01-07,385678
2024-01-08,385311
2024-01-09,384289
2024-01-10,384638
2024-01-11,389992
2024-01-12,394343
2024-01-13,396772
2024-01-14,396342
2024-01-15,401146
2024-01-16,405295
2024-01-17,403595
2024-01-18,403128
2024-01-19,414318
2024-01-20,388082
2024-01-21,388322
2024-01-22,391454
2024-01-23,375635
2024-01-24,384173
2024-01-25,379382
2024-01-26,384164
2024-01-27,384148
2024-01-28,384897
2024-01-29,472744
2024-01-30,490701
2024-01-31,458665
2024-02-01,456526
2024-02-02,457347
2024-02-03,451728
2024-02-04,450524
2024-02-05,447110
2024-02-06,430394
2024-02-07,433244
2024-02-08,436955
2024-02-09,439458
2024-02-10,435303
2024-02-11,436674
2024-02-12,465818
2024-02-13,466893
2024-02-14,477697
2024-02-15,482614
2024-02-16,483861
2024-02-17,484682
2024-02-18,486707
2024-02-19,468303
2024-02-20,479024
2024-02-21,466350
2024-02-22,462851
2024-02-23,469707
2024-02-24,470145
2024-02-25,470793
2024-02-26,475626
2024-02-27,477995
2024-02-28,467761
2024-02-29,476639
2024-03-01,455414
2024-03-02,463213
2024-03-03,467751
2024-03-04,469772
2024-03-05,453789
2024-03-06,463521
2024-03-07,454392
2024-03-08,439975
2024-03-09,439066
2024-03-10,726421
2024-03-11,668090
2024-03-12,676108
2024-03-13,727912
2024-03-14,706843
2024-03-15,675861
2024-03-16,646248
2024-03-17,623402
2024-03-18,605722
2024-03-19,591191
2024-03-20,579637
2024-03-21,540047
2024-03-22,467190
2024-03-23,436080
2024-03-24,424554
2024-03-25,465962
2024-03-26,457358
2024-03-27,441864
2024-03-28,447837
2024-03-29,525745
2024-03-30,559839
2024-03-31,586477
2024-04-01,582169
2024-04-02,478568
2024-04-03,562787
2024-04-04,505528
2024-04-05,480844
2024-04-06,466656
2024-04-07,566276
2024-04-08,517299
2024-04-09,641404
2024-04-10,568321
2024-04-11,759445
2024-04-12,588743
2024-04-13,553954
2024-04-14,505675
2024-04-15,521031
2024-04-16,493783
2024-04-17,504114
2024-04-18,460459
2024-04-19,487149
2024-04-20,499235
2024-04-21,458571
2024-04-22,393420
2024-04-23,407109
2024-04-24,386811
2024-04-25,396208
2024-04-26,383581
2024-04-27,359838
2024-04-28,356202
2024-04-29,354161
2024-04-30,355907
2024-05-01,368846
2024-05-02,373618
2024-05-03,353055
2024-05-04,322362
2024-05-05,309596
2024-05-06,341942
2024-05-07,338411
2024-05-08,348482
2024-05-09,345553
2024-05-10,340336
2024-05-11,335231
2024-05-12,331028
2024-05-13,333303
2024-05-14,329533
2024-05-15,347950
2024-05-16,331027
2024-05-17,348790
2024-05-18,389867
2024-05-19,411320
2024-05-20,423783
2024-05-21,422134
2024-05-22,398146
2024-05-23,415492
2024-05-24,431853
2024-05-25,434649
2024-05-26,437824
2024-05-27,428985
2024-05-28,432562
2024-05-29,419824
2024-05-30,423134
2024-05-31,421127
2024-06-01,423675
2024-06-02,534703
2024-06-03,474728
2024-06-04,556029
2024-06-05,455930
2024-06-06,473562
2024-06-07,461720
2024-06-08,468948
2024-06-09,496758
2024-06-10,453875
2024-06-11,453367
2024-06-12,455186
2024-06-13,450781
2024-06-14,449343
2024-06-15,444980
2024-06-16,445981
2024-06-17,442349
2024-06-18,418322
2024-06-19,423444
2024-06-20,437534
2024-06-21,422728
2024-06-22,410029
2024-06-23,408144
2024-06-24,407437
2024-06-25,400133
2024-06-26,384899
2024-06-27,390744
2024-06-28,390862
2024-06-29,386871
2024-06-30,405918
2024-07-01,391115
2024-07-02,389784
2024-07-03,383341
2024-07-04,373869
2024-07-05,356831
2024-07-06,328075
2024-07-07,349339
2024-07-08,365421
2024-07-09,362264
2024-07-10,363210
2024-07-11,359567
2024-07-12,354593
2024-07-13,338335
2024-07-14,360935
2024-07-15,356158
2024-07-16,355735
2024-07-17,359081
2024-07-18,358074
2024-07-19,350688
2024-07-20,333157
2024-07-21,344844
2024-07-22,376705
2024-07-23,357956
2024-07-24,383743
2024-07-25,374147
2024-07-26,375677
2024-07-27,399499
2024-07-28,428481
2024-07-29,417652
2024-07-30,358726
2024-07-31,371629
2024-08-01,362853
2024-08-02,357732
2024-08-03,354624
2024-08-04,337360
2024-08-05,357227
2024-08-06,338983
2024-08-07,332760
2024-08-08,330563
2024-08-09,328933
2024-08-10,323302
2024-08-11,314782
2024-08-12,316100
2024-08-13,314762
2024-08-14,312177
2024-08-15,313014
2024-08-16,303011
2024-08-17,300862
2024-08-18,303763
2024-08-19,305516
2024-08-20,308297
2024-08-21,307119
2024-08-22,306974
2024-08-23,311258
2024-08-24,302462
2024-08-25,299519
2024-08-26,305669
2024-08-27,294199
2024-08-28,305243
2024-08-29,355503
2024-08-30,358356
2024-08-31,356542
2024-09-01,355347
2024-09-02,358028
2024-09-03,354855
2024-09-04,375339
2024-09-05,372912
2024-09-06,369566
2024-09-07,368723
2024-09-08,368366
2024-09-09,366897
2024-09-10,364515
2024-09-11,361175
2024-09-12,361678
2024-09-13,357519
2024-09-14,356198
2024-09-15,359004
2024-09-16,362954
2024-09-17,369572
2024-09-18,380193
2024-09-19,388959
2024-09-20,425925
2024-09-21,428049
2024-09-22,424037
2024-09-23,420722
2024-09-24,440031
2024-09-25,439851
2024-09-26,433123
2024-09-27,438645
2024-09-28,451620
2024-09-29,440214
2024-09-30,441819
2024-10-01,417747
2024-10-02,418675
2024-10-03,416359
2024-10-04,415843
2024-10-05,414798
2024-10-06,415395
2024-10-07,462565
2024-10-08,452289
2024-10-09,452702
2024-10-10,450004
2024-10-11,459668
2024-10-12,460851
2024-10-13,460732
2024-10-14,457568
2024-10-15,456457
2024-10-16,456159
2024-10-17,449677
2024-10-18,449243
2024-10-19,448235
2024-10-20,445473
2024-10-21,424886
2024-10-22,449579
2024-10-23,445095
2024-10-24,451736
2024-10-25,471905
2024-10-26,471022
2024-10-27,483028
2024-10-28,510699
2024-10-29,517976
2024-10-30,517598
2024-10-31,541649
2024-11-01,511589
2024-11-02,574108
2024-11-03,523942
2024-11-04,506492
2024-11-05,517168
2024-11-06,518613
2024-11-07,532162
2024-11-08,525596
2024-11-09,547285
2024-11-10,569780
2024-11-11,562654
2024-11-12,572681
2024-11-13,532641
2024-11-14,556884
2024-11-15,565880
2024-11-16,617661
2024-11-17,565200
2024-11-18,608015
2024-11-19,628193
2024-11-20,607841
2024-11-21,641439
2024-11-22,744113
2024-11-23,691139
2024-11-24,762595
2024-11-25,703626
2024-11-26,780792
2024-11-27,792804
2024-11-28,827399
2024-11-29,878534
2024-11-30,941382
2024-12-01,862472
2024-12-02,1016250
2024-12-03,1003794
2024-12-04,927847
2024-12-05,917862
2024-12-06,841220
2024-12-07,928752
2024-12-08,1053148
2024-12-09,1175386
2024-12-10,1042081
2024-12-11,990275
2024-12-12,929846
2024-12-13,1039871
2024-12-14,917937
2024-12-15,954559
2024-12-16,1017289
2024-12-17,904604
2024-12-18,967072
2024-12-19,913717
2024-12-20,889716
2024-12-21,851854
2024-12-22,833752
2024-12-23,918931
2024-12-24,847864
2024-12-25,790330
2024-12-26,836428
2024-12-27,791376
2024-12-28,794478
2024-12-29,811879
2024-12-30,790372
2024-12-31,797851
2025-01-01,828901
2025-01-02,742942
2025-01-03,688409
2025-01-04,694371
2025-01-05,717407
2025-01-06,681914
2025-01-07,672339
2025-01-08,647381
2025-01-09,650058
2025-01-10,618073
2025-01-11,614975
2025-01-12,563584
2025-01-13,603792
2025-01-14,582281
2025-01-15,535131
2025-01-16,578300
2025-01-17,584595
2025-01-18,608878
2025-01-19,637419
2025-01-20,615793
2025-01-21,596599
2025-01-22,560699
2025-01-23,507206
2025-01-24,537409
2025-01-25,510148
2025-01-26,508649
2025-01-27,551546
2025-01-28,453337
2025-01-29,429005
2025-01-30,420371
2025-01-31,503251
2025-02-01,472891
2025-02-02,497962
2025-02-03,440806
2025-02-04,312698
2025-02-05,230489
2025-02-06,165931
2025-02-07,80615
2025-02-08,70001
2025-02-09,71613
2025-02-10,297665
2025-02-11,281514
2025-02-12,286936
2025-02-13,273527
2025-02-14,267238
2025-02-15,264149
2025-02-16,253076
2025-02-17,249669
2025-02-18,211602
2025-02-19,221774
2025-02-20,277282
2025-02-21,346780
2025-02-22,329190
2025-02-23,337848
2025-02-24,734642
2025-02-25,524286
2025-02-26,508912
2025-02-27,499897
2025-02-28,498353
2025-03-01,496088
2025-03-02,498479
2025-03-03,477160
2025-03-04,470580
2025-03-05,449383
2025-03-06,438860
2025-03-07,432642
2025-03-08,430295
2025-03-09,425939
2025-03-10,399980
2025-03-11,391423
2025-03-12,372276
2025-03-13,381073
2025-03-14,378669
2025-03-15,382019
2025-03-16,382614
2025-03-17,372951
2025-03-18,369021
2025-03-19,372979
2025-03-20,378164
2025-03-21,385788
2025-03-22,382324
2025-03-23,378142
2025-03-24,513543
2025-03-25,514685
2025-03-26,515323
2025-03-27,482071
2025-03-28,518183
2025-03-29,489807
2025-03-30,496717
2025-03-31,520933
2025-04-01,516627
2025-04-02,541382
2025-04-03,513882
2025-04-04,517749
2025-04-05,508457
2025-04-06,537038
2025-04-07,503863
2025-04-08,495813
2025-04-09,490953
2025-04-10,476452
2025-04-11,490317
2025-04-12,492908
2025-04-13,557455
2025-04-14,546926
2025-04-15,550394
2025-04-16,405790
2025-04-17,555663
2025-04-18,556617
2025-04-19,554350
2025-04-20,554263
2025-04-21,534984
2025-04-22,536829
2025-04-23,534848
2025-04-24,534524
2025-04-25,530868
2025-04-26,532361
2025-04-27,533297
2025-04-28,517485
2025-04-29,513257
2025-04-30,511942
2025-05-01,510417
2025-05-02,549239
2025-05-03,542395
2025-05-04,537567
2025-05-05,567304
2025-05-06,541998
2025-05-07,553213
2025-05-08,544276
2025-05-09,556100
2025-05-10,560772
2025-05-11,578750
2025-05-12,537207
2025-05-13,546553
2025-05-14,549124
2025-05-15,549763
2025-05-16,560586
2025-05-17,551250
2025-05-18,555762
2025-05-19,563369
2025-05-20,551456
2025-05-21,557443
2025-05-22,551136
2025-05-23,557782
2025-05-24,559505
2025-05-25,559743
2025-05-26,576833
2025-05-27,578259
2025-05-28,576141
2025-05-29,584881
2025-05-30,581569
2025-05-31,580444
2025-06-01,581942
2025-06-02,572991
2025-06-03,577101
2025-06-04,585363
2025-06-05,579367
2025-06-06,580723
2025-06-07,589801
2025-06-08,588576
2025-06-09,624656
2025-06-10,628206
2025-06-11,636914
2025-06-12,634204
2025-06-13,634818
2025-06-14,637555
2025-06-15,636410
2025-06-16,587189
2025-06-17,594054
2025-06-18,591010
2025-06-19,587400
2025-06-20,588840
2025-06-21,589660
2025-06-22,591046
2025-06-23,577802
2025-06-24,578345
2025-06-25,586700
2025-06-26,586594
2025-06-27,588017
2025-06-28,590464
2025-06-29,580565
2025-06-30,611081
2025-07-01,622037
2025-07-02,628729
2025-07-03,644382
2025-07-04,641373
2025-07-05,639818
2025-07-06,639718
2025-07-07,640262
2025-07-08,649380
2025-07-09,650207
2025-07-10,644535
2025-07-11,641205
2025-07-12,636766
2025-07-13,640497
2025-07-14,646714
2025-07-15,647934
2025-07-16,650561
2025-07-17,651479
2025-07-18,654852
2025-07-19,656245
2025-07-20,664949
2025-07-21,754402
2025-07-22,760528
2025-07-23,804240
2025-07-24,813025
2025-07-25,853944
2025-07-26,859153
2025-07-27,855366
2025-07-28,840709
2025-07-29,959962
2025-07-30,967596
2025-07-31,965037
2025-08-01,967629
2025-08-02,960261
2025-08-03,959214
2025-08-04,990224
2025-08-05,992832
2025-08-06,989275
2025-08-07,994260
2025-08-08,1006136
2025-08-09,1006794
2025-08-10,1007038
2025-08-11,894432
2025-08-12,883041
2025-08-13,859540
2025-08-14,839459
2025-08-15,859707
2025-08-16,876585
2025-08-17,888068
2025-08-18,944347
2025-08-19,951246
2025-08-20,940912
2025-08-21,934359
2025-08-22,939715
2025-08-23,942605
2025-08-24,955220
2025-08-25,948493
2025-08-26,952099
2025-08-27,960970
2025-08-28,961209
2025-08-29,951571
2025-08-30,945698
2025-08-31,940168
2025-09-01,982271
2025-09-02,985423
2025-09-03,1001620
2025-09-04,1013287
2025-09-05,1011295
2025-09-06,1001054
2025-09-07,932118
2025-09-08,928468
2025-09-09,940851
2025-09-10,932588
2025-09-11,931326
2025-09-12,1002877
2025-09-13,986828
2025-09-14,966770
2025-09-15,979229
2025-09-16,962020
2025-09-17,960545
2025-09-18,950776
2025-09-19,976577
2025-09-20,930733
2025-09-21,940351
2025-09-22,939182
2025-09-23,910463
2025-09-24,883466
2025-09-25,859282
2025-09-26,862702
2025-09-27,844740
2025-09-28,852439
2025-09-29,868499
2025-09-30,851846
2025-10-01,824853
2025-10-02,809075
2025-10-03,810031
2025-10-04,812561
2025-10-05,846869
2025-10-06,850153
2025-10-07,860759
2025-10-08,846606
2025-10-09,844520
2025-10-10,831008
2025-10-11,806601
2025-10-12,800789
2025-10-13,810826
2025-10-14,801447
2025-10-15,790025
2025-10-16,792547
2025-10-17,793080
2025-10-18,782393
2025-10-19,799309
2025-10-20,818237
2025-10-21,768812
2025-10-22,770467
2025-10-23,765722
2025-10-24,801773
2025-10-25,800336
2025-10-26,801549
2025-10-27,835508
2025-10-28,841174
2025-10-29,829250
2025-10-30,811850
2025-10-31,799081
2025-11-01,753691
2025-11-02,742835
2025-11-03,745883
2025-11-04,721972
2025-11-05,742628
2025-11-06,738005
2025-11-07,750473
2025-11-08,744585
2025-11-09,750476
2025-11-10,780045
2025-11-11,776920
2025-11-12,768137
2025-11-13,766542
2025-11-14,749948
2025-11-15,743399
2025-11-16,741551
2025-11-17,737699
2025-11-18,725640
2025-11-19,749763
2025-11-20,733479
2025-11-21,681295
2025-11-22,736063
2025-11-23,758837
2025-11-24,787973
2025-11-25,730639
2025-11-26,759343
2025-11-27,780771
2025-11-28,776978
2025-11-29,796816
2025-11-30,761119
2025-12-01,778786
2025-12-02,776338
2025-12-03,786834
2025-12-04,737163
2025-12-05,758926
2025-12-06,717098
2025-12-07,711968
2025-12-08,705784
2025-12-09,710183
2025-12-10,712248
2025-12-11,707185
2025-12-12,644911
2025-12-13,640350
2025-12-14,632773
2025-12-15,623416
2025-12-16,626844
2025-12-17,603148
2025-12-18,596415
2025-12-19,588644
2025-12-20,590520
2025-12-21,588938
2025-12-22,648944
2025-12-23,656602
2025-12-24,664144
2025-12-25,631599
2025-12-26,625894
2025-12-27,626380
2025-12-28,629380
2025-12-29,640337
2025-12-30,638392
2025-12-31,630263
2026-01-01,663577
2026-01-02,654018
2026-01-03,618628
2026-01-04,618128
2026-01-05,645501
2026-01-06,624811
2026-01-07,617622
2026-01-08,602641
2026-01-09,604894
2026-01-10,601970
2026-01-11,606450
2026-01-12,659833
2026-01-13,623099
2026-01-14,640075
2026-01-15,676651
2026-01-16,643787
2026-01-17,643507
2026-01-18,643185
2026-01-19,647253
2026-01-20,640965
2026-01-21,639096
2026-01-22,713327
2026-01-23,650976
2026-01-24,647803
2026-01-25,643749
2026-01-26,664829
2026-01-27,637713
2026-01-28,627116
2026-01-29,622165
2026-01-30,632853
2026-01-31,627886
2026-02-01,625264
2026-02-02,665302
2026-02-03,619307
2026-02-04,623141
2026-02-05,629821
2026-02-06,627292
2026-02-07,623074
2026-02-08,620797
2026-02-09,579997
2026-02-10,607080
2026-02-11,581351
2026-02-12,588722
2026-02-13,621984
2026-02-14,654443
2026-02-15,623522
2026-02-16,587737
2026-02-17,613068
2026-02-18,590224
2026-02-19,594720
2026-02-20,616495
2026-02-21,581263
2026-02-22,581534
2026-02-23,583794
2026-02-24,590965
2026-02-25,630733
