date,tvl
2020-02-09 00:00:00,1163733
2020-02-10 00:00:00,1372109
2020-02-11 00:00:00,8936
2020-02-12 00:00:00,38139
2020-02-13 00:00:00,273331
2020-02-14 00:00:00,1213755
2020-02-15 00:00:00,1820510
2020-02-16 00:00:00,2201773
2020-02-17 00:00:00,3759265
2020-02-18 00:00:00,4744228
2020-02-19 00:00:00,4722690
2020-02-20 00:00:00,4878760
2020-02-21 00:00:00,5463582
2020-02-22 00:00:00,5858274
2020-02-23 00:00:00,5858033
2020-02-24 00:00:00,6609923
2020-02-25 00:00:00,6922673
2020-02-26 00:00:00,7070846
2020-02-27 00:00:00,7379504
2020-02-28 00:00:00,6546834
2020-02-29 00:00:00,6220751
2020-03-01 00:00:00,6165412
2020-03-02 00:00:00,7728222
2020-03-03 00:00:00,8017541
2020-03-04 00:00:00,8634720
2020-03-05 00:00:00,8502678
2020-03-06 00:00:00,8719687
2020-03-07 00:00:00,9284550
2020-03-08 00:00:00,9389837
2020-03-09 00:00:00,9428474
2020-03-10 00:00:00,9435472
2020-03-11 00:00:00,9879108
2020-03-12 00:00:00,9685931
2020-03-13 00:00:00,8327827
2020-03-14 00:00:00,8677925
2020-03-15 00:00:00,9219342
2020-03-16 00:00:00,10059294
2020-03-17 00:00:00,9750298
2020-03-18 00:00:00,9845306
2020-03-19 00:00:00,9449456
2020-03-20 00:00:00,9733492
2020-03-21 00:00:00,9733634
2020-03-22 00:00:00,9478976
2020-03-23 00:00:00,8861705
2020-03-24 00:00:00,8907410
2020-03-25 00:00:00,8837491
2020-03-26 00:00:00,8308593
2020-03-27 00:00:00,8336110
2020-03-28 00:00:00,8222028
2020-03-29 00:00:00,8245852
2020-03-30 00:00:00,8230167
2020-03-31 00:00:00,8352047
2020-04-01 00:00:00,8296823
2020-04-02 00:00:00,8256559
2020-04-03 00:00:00,8332824
2020-04-04 00:00:00,8403195
2020-04-05 00:00:00,8425144
2020-04-06 00:00:00,8414112
2020-04-07 00:00:00,8612067
2020-04-08 00:00:00,8773125
2020-04-09 00:00:00,8798742
2020-04-10 00:00:00,9201425
2020-04-11 00:00:00,8842564
2020-04-12 00:00:00,8958124
2020-04-13 00:00:00,9345173
2020-04-14 00:00:00,8712066
2020-04-15 00:00:00,8906671
2020-04-16 00:00:00,7932635
2020-04-17 00:00:00,7815798
2020-04-18 00:00:00,7870971
2020-04-19 00:00:00,7998600
2020-04-20 00:00:00,6914533
2020-04-21 00:00:00,6365744
2020-04-22 00:00:00,6268488
2020-04-23 00:00:00,7734405
2020-04-24 00:00:00,10812138
2020-04-25 00:00:00,11405445
2020-04-26 00:00:00,12002871
2020-04-27 00:00:00,12209819
2020-04-28 00:00:00,12344466
2020-04-29 00:00:00,12409473
2020-04-30 00:00:00,12697303
2020-05-01 00:00:00,12553192
2020-05-02 00:00:00,12615378
2020-05-03 00:00:00,12786795
2020-05-04 00:00:00,12955746
2020-05-05 00:00:00,12878031
2020-05-06 00:00:00,13031401
2020-05-07 00:00:00,13939214
2020-05-08 00:00:00,14400117
2020-05-09 00:00:00,14297036
2020-05-10 00:00:00,14378242
2020-05-11 00:00:00,13965069
2020-05-12 00:00:00,14308016
2020-05-13 00:00:00,14363007
2020-05-14 00:00:00,14373353
2020-05-15 00:00:00,15380944
2020-05-16 00:00:00,15379380
2020-05-17 00:00:00,15595507
2020-05-18 00:00:00,15652181
2020-05-19 00:00:00,15527071
2020-05-20 00:00:00,15682537
2020-05-21 00:00:00,15813509
2020-05-22 00:00:00,15705677
2020-05-23 00:00:00,15816506
2020-05-24 00:00:00,15339331
2020-05-25 00:00:00,15091233
2020-05-26 00:00:00,15109405
2020-05-27 00:00:00,15091761
2020-05-28 00:00:00,15108738
2020-05-29 00:00:00,15084472
2020-05-30 00:00:00,15163289
2020-05-31 00:00:00,15328991
2020-06-01 00:00:00,15319069
2020-06-02 00:00:00,15512141
2020-06-03 00:00:00,15146809
2020-06-04 00:00:00,15069162
2020-06-05 00:00:00,15139177
2020-06-06 00:00:00,15163362
2020-06-07 00:00:00,15312759
2020-06-08 00:00:00,15355030
2020-06-09 00:00:00,15433570
2020-06-10 00:00:00,15496889
2020-06-11 00:00:00,16380139
2020-06-12 00:00:00,16682313
2020-06-13 00:00:00,17014578
2020-06-14 00:00:00,17246158
2020-06-15 00:00:00,17183677
2020-06-16 00:00:00,16842637
2020-06-17 00:00:00,16282542
2020-06-18 00:00:00,16228128
2020-06-19 00:00:00,17699445
2020-06-20 00:00:00,20709987
2020-06-21 00:00:00,33528559
2020-06-22 00:00:00,36070920
2020-06-23 00:00:00,36301201
2020-06-24 00:00:00,37549857
2020-06-25 00:00:00,43399952
2020-06-26 00:00:00,46545535
2020-06-27 00:00:00,48450667
2020-06-28 00:00:00,50989736
2020-06-29 00:00:00,50659646
2020-06-30 00:00:00,51160758
2020-07-01 00:00:00,50517255
2020-07-02 00:00:00,52028684
2020-07-03 00:00:00,52583727
2020-07-04 00:00:00,56825075
2020-07-05 00:00:00,58388016
2020-07-06 00:00:00,59171555
2020-07-07 00:00:00,61294035
2020-07-08 00:00:00,61899813
2020-07-09 00:00:00,69866695
2020-07-10 00:00:00,71888836
2020-07-11 00:00:00,72429385
2020-07-12 00:00:00,72625443
2020-07-13 00:00:00,76453893
2020-07-14 00:00:00,76198020
2020-07-15 00:00:00,77813809
2020-07-16 00:00:00,79130622
2020-07-17 00:00:00,78125418
2020-07-18 00:00:00,80716609
2020-07-19 00:00:00,115479812
2020-07-20 00:00:00,187627170
2020-07-21 00:00:00,279570477
2020-07-22 00:00:00,304589406
2020-07-23 00:00:00,356160454
2020-07-24 00:00:00,382427110
2020-07-25 00:00:00,351714389
2020-07-26 00:00:00,421351743
2020-07-27 00:00:00,269344181
2020-07-28 00:00:00,213994541
2020-07-29 00:00:00,185553428
2020-07-30 00:00:00,225947236
2020-07-31 00:00:00,272069485
2020-08-01 00:00:00,291201881
2020-08-02 00:00:00,294379688
2020-08-03 00:00:00,314558219
2020-08-04 00:00:00,267627907
2020-08-05 00:00:00,259457534
2020-08-06 00:00:00,262072303
2020-08-07 00:00:00,267784990
2020-08-08 00:00:00,266663292
2020-08-09 00:00:00,259975190
2020-08-10 00:00:00,258524351
2020-08-11 00:00:00,234764595
2020-08-12 00:00:00,211228010
2020-08-13 00:00:00,220434136
2020-08-14 00:00:00,264489558
2020-08-15 00:00:00,825256884
2020-08-16 00:00:00,954646456
2020-08-17 00:00:00,1038136639
2020-08-18 00:00:00,1052295254
2020-08-19 00:00:00,1067324773
2020-08-20 00:00:00,1064177861
2020-08-21 00:00:00,1130757131
2020-08-22 00:00:00,1153990079
2020-08-23 00:00:00,1157105026
2020-08-24 00:00:00,1138863518
2020-08-25 00:00:00,1107352994
2020-08-26 00:00:00,1190333352
2020-08-27 00:00:00,1268358315
2020-08-28 00:00:00,1313606303
2020-08-29 00:00:00,1342216933
2020-08-30 00:00:00,1385686349
2020-08-31 00:00:00,1304475468
2020-09-01 00:00:00,1100345067
2020-09-02 00:00:00,1123816970
2020-09-03 00:00:00,1230750904
2020-09-04 00:00:00,1249931895
2020-09-05 00:00:00,1241678025
2020-09-06 00:00:00,1180629681
2020-09-07 00:00:00,1042601846
2020-09-08 00:00:00,1043253527
2020-09-09 00:00:00,1078220455
2020-09-10 00:00:00,1104983614
2020-09-11 00:00:00,1087582506
2020-09-12 00:00:00,1055234556
2020-09-13 00:00:00,1072627425
2020-09-14 00:00:00,1071111249
2020-09-15 00:00:00,1075766281
2020-09-16 00:00:00,1087656160
2020-09-17 00:00:00,1148460171
2020-09-18 00:00:00,1063827886
2020-09-19 00:00:00,1141915622
2020-09-20 00:00:00,1553240721
2020-09-21 00:00:00,1627078087
2020-09-22 00:00:00,1519384192
2020-09-23 00:00:00,1554863230
2020-09-24 00:00:00,1580005997
2020-09-25 00:00:00,1643315873
2020-09-26 00:00:00,1660304271
2020-09-27 00:00:00,1720013610
2020-09-28 00:00:00,1623229539
2020-09-29 00:00:00,1559326779
2020-09-30 00:00:00,1574349659
2020-10-01 00:00:00,1548216139
2020-10-02 00:00:00,1551088637
2020-10-03 00:00:00,1537075020
2020-10-04 00:00:00,1555321124
2020-10-05 00:00:00,1558894336
2020-10-06 00:00:00,1556467950
2020-10-07 00:00:00,1516704599
2020-10-08 00:00:00,1419572386
2020-10-09 00:00:00,1461403878
2020-10-10 00:00:00,1545882826
2020-10-11 00:00:00,1492042052
2020-10-12 00:00:00,1491934802
2020-10-13 00:00:00,1485931331
2020-10-14 00:00:00,1452096701
2020-10-15 00:00:00,1364191252
2020-10-16 00:00:00,1321363200
2020-10-17 00:00:00,1307985202
2020-10-18 00:00:00,1301287422
2020-10-19 00:00:00,1299910816
2020-10-20 00:00:00,1280991264
2020-10-21 00:00:00,1278365920
2020-10-22 00:00:00,1179555294
2020-10-23 00:00:00,1153243209
2020-10-24 00:00:00,1141590533
2020-10-25 00:00:00,1143114684
2020-10-26 00:00:00,1136381812
2020-10-27 00:00:00,840535769
2020-10-28 00:00:00,919426180
2020-10-29 00:00:00,945772662
2020-10-30 00:00:00,963440330
2020-10-31 00:00:00,962660806
2020-11-01 00:00:00,972692627
2020-11-02 00:00:00,982733404
2020-11-03 00:00:00,988442749
2020-11-04 00:00:00,1008334027
2020-11-05 00:00:00,1016191833
2020-11-06 00:00:00,1041398391
2020-11-07 00:00:00,1028820973
2020-11-08 00:00:00,1018210974
2020-11-09 00:00:00,1042172150
2020-11-10 00:00:00,1081740254
2020-11-11 00:00:00,1098766965
2020-11-12 00:00:00,1136301029
2020-11-13 00:00:00,1148177967
2020-11-14 00:00:00,1157150228
2020-11-15 00:00:00,1167600457
2020-11-16 00:00:00,1180172482
2020-11-17 00:00:00,1257033546
2020-11-18 00:00:00,1326620802
2020-11-19 00:00:00,1351093214
2020-11-20 00:00:00,1336270203
2020-11-21 00:00:00,1389611229
2020-11-22 00:00:00,1373092252
2020-11-23 00:00:00,1352960757
2020-11-24 00:00:00,1384243786
2020-11-25 00:00:00,1408913572
2020-11-26 00:00:00,1402824469
2020-11-27 00:00:00,1334901651
2020-11-28 00:00:00,1344529944
2020-11-29 00:00:00,1379020400
2020-11-30 00:00:00,1404382846
2020-12-01 00:00:00,1423195025
2020-12-02 00:00:00,1373804929
2020-12-03 00:00:00,1417013884
2020-12-04 00:00:00,1458623349
2020-12-05 00:00:00,1451764770
2020-12-06 00:00:00,1482547453
2020-12-07 00:00:00,1497686286
2020-12-08 00:00:00,1516333896
2020-12-09 00:00:00,1452856074
2020-12-10 00:00:00,1461822321
2020-12-11 00:00:00,1426103611
2020-12-12 00:00:00,1425957948
2020-12-13 00:00:00,1454618221
2020-12-14 00:00:00,1468426011
2020-12-15 00:00:00,1476447341
2020-12-16 00:00:00,1498838582
2020-12-17 00:00:00,1406202229
2020-12-18 00:00:00,1413862012
2020-12-19 00:00:00,1396848615
2020-12-20 00:00:00,1437280097
2020-12-21 00:00:00,1440623602
2020-12-22 00:00:00,1424053706
2020-12-23 00:00:00,1434988039
2020-12-24 00:00:00,1426385891
2020-12-25 00:00:00,1441121916
2020-12-26 00:00:00,1445397403
2020-12-27 00:00:00,1495445029
2020-12-28 00:00:00,1477023601
2020-12-29 00:00:00,1487944744
2020-12-30 00:00:00,1479314229
2020-12-31 00:00:00,1401696075
2021-01-01 00:00:00,1408240949
2021-01-02 00:00:00,1394024550
2021-01-03 00:00:00,1461428756
2021-01-04 00:00:00,1464588617
2021-01-05 00:00:00,1378695159
2021-01-06 00:00:00,1525281084
2021-01-07 00:00:00,1580650404
2021-01-08 00:00:00,1627891336
2021-01-09 00:00:00,1671831478
2021-01-10 00:00:00,1678369995
2021-01-11 00:00:00,1645393127
2021-01-12 00:00:00,1557399547
2021-01-13 00:00:00,1556546266
2021-01-14 00:00:00,1636228484
2021-01-15 00:00:00,1665268868
2021-01-16 00:00:00,1717934986
2021-01-17 00:00:00,1742668295
2021-01-18 00:00:00,1789222926
2021-01-19 00:00:00,1850735870
2021-01-20 00:00:00,1930127825
2021-01-21 00:00:00,1943370214
2021-01-22 00:00:00,1798349875
2021-01-23 00:00:00,1941082966
2021-01-24 00:00:00,2027111743
2021-01-25 00:00:00,2089771124
2021-01-26 00:00:00,2234041412
2021-01-27 00:00:00,2294863927
2021-01-28 00:00:00,2238194446
2021-01-29 00:00:00,2460060621
2021-01-30 00:00:00,2512352823
2021-01-31 00:00:00,2530194437
2021-02-01 00:00:00,2459837323
2021-02-02 00:00:00,2566319486
2021-02-03 00:00:00,2740543342
2021-02-04 00:00:00,2938365025
2021-02-05 00:00:00,2984235446
2021-02-06 00:00:00,3185764355
2021-02-07 00:00:00,3277146253
2021-02-08 00:00:00,3284879948
2021-02-09 00:00:00,3629438068
2021-02-10 00:00:00,3647037944
2021-02-11 00:00:00,3583998630
2021-02-12 00:00:00,3764112521
2021-02-13 00:00:00,3796593247
2021-02-14 00:00:00,3766106800
2021-02-15 00:00:00,3896139445
2021-02-16 00:00:00,3901120425
2021-02-17 00:00:00,3916676403
2021-02-18 00:00:00,3970380340
2021-02-19 00:00:00,3972746519
2021-02-20 00:00:00,4078738624
2021-02-21 00:00:00,4072795906
2021-02-22 00:00:00,4150155545
2021-02-23 00:00:00,3938916095
2021-02-24 00:00:00,3594753529
2021-02-25 00:00:00,3652552023
2021-02-26 00:00:00,3562474047
2021-02-27 00:00:00,3423155262
2021-02-28 00:00:00,3330932344
2021-03-01 00:00:00,3280370831
2021-03-02 00:00:00,3484399625
2021-03-03 00:00:00,3424569619
2021-03-04 00:00:00,3657397105
2021-03-05 00:00:00,3638586252
2021-03-06 00:00:00,3640171678
2021-03-07 00:00:00,3632910797
2021-03-08 00:00:00,3176588877
2021-03-09 00:00:00,3308202373
2021-03-10 00:00:00,3529445850
2021-03-11 00:00:00,3479506575
2021-03-12 00:00:00,3561801934
2021-03-13 00:00:00,3710277023
2021-03-14 00:00:00,3915513207
2021-03-15 00:00:00,3845613381
2021-03-16 00:00:00,3776480892
2021-03-17 00:00:00,3748851495
2021-03-18 00:00:00,3824767962
2021-03-19 00:00:00,3771962781
2021-03-20 00:00:00,3881322463
2021-03-21 00:00:00,3914913050
2021-03-22 00:00:00,3837758843
2021-03-23 00:00:00,3713199844
2021-03-24 00:00:00,3658750417
2021-03-25 00:00:00,3546890239
2021-03-26 00:00:00,3544036227
2021-03-27 00:00:00,3718541887
2021-03-28 00:00:00,3752001455
2021-03-29 00:00:00,3804461040
2021-03-30 00:00:00,3921805758
2021-03-31 00:00:00,3986499461
2021-04-01 00:00:00,4069517522
2021-04-02 00:00:00,4043999845
2021-04-03 00:00:00,4142513358
2021-04-04 00:00:00,4046334327
2021-04-05 00:00:00,4120025383
2021-04-06 00:00:00,4163849449
2021-04-07 00:00:00,4186515879
2021-04-08 00:00:00,4237847787
2021-04-09 00:00:00,4435278775
2021-04-10 00:00:00,4448607508
2021-04-11 00:00:00,4625365727
2021-04-12 00:00:00,4597187856
2021-04-13 00:00:00,4798874870
2021-04-14 00:00:00,5012474759
2021-04-15 00:00:00,5118615618
2021-04-16 00:00:00,5531130553
2021-04-17 00:00:00,5449389078
2021-04-18 00:00:00,5364844679
2021-04-19 00:00:00,5202726953
2021-04-20 00:00:00,5183842895
2021-04-21 00:00:00,5297757360
2021-04-22 00:00:00,5264886642
2021-04-23 00:00:00,5263754547
2021-04-24 00:00:00,5181423408
2021-04-25 00:00:00,5098590010
2021-04-26 00:00:00,5181249897
2021-04-27 00:00:00,5519213083
2021-04-28 00:00:00,5657698498
2021-04-29 00:00:00,5692884456
2021-04-30 00:00:00,5812206833
2021-05-01 00:00:00,5833541625
2021-05-02 00:00:00,6013843909
2021-05-03 00:00:00,6251790837
2021-05-04 00:00:00,6640546494
2021-05-05 00:00:00,6524133510
2021-05-06 00:00:00,6898675618
2021-05-07 00:00:00,6908734284
2021-05-08 00:00:00,7352422281
2021-05-09 00:00:00,7878976639
2021-05-10 00:00:00,8013407612
2021-05-11 00:00:00,7956424192
2021-05-12 00:00:00,8158830143
2021-05-13 00:00:00,7797144175
2021-05-14 00:00:00,7590802154
2021-05-15 00:00:00,8314725681
2021-05-16 00:00:00,7903869523
2021-05-17 00:00:00,7706229903
2021-05-18 00:00:00,7433461314
2021-05-19 00:00:00,7717551324
2021-05-20 00:00:00,7731759153
2021-05-21 00:00:00,7104447323
2021-05-22 00:00:00,7403183999
2021-05-23 00:00:00,6456660784
2021-05-24 00:00:00,7126434192
2021-05-25 00:00:00,7361892054
2021-05-26 00:00:00,7868701215
2021-05-27 00:00:00,7851490034
2021-05-28 00:00:00,7770168865
2021-05-29 00:00:00,7374015147
2021-05-30 00:00:00,7601473533
2021-05-31 00:00:00,8139501736
2021-06-01 00:00:00,8108661643
2021-06-02 00:00:00,8724257891
2021-06-03 00:00:00,9531753727
2021-06-04 00:00:00,9333005231
2021-06-05 00:00:00,9549656403
2021-06-06 00:00:00,9798873221
2021-06-07 00:00:00,9845887195
2021-06-08 00:00:00,9649253328
2021-06-09 00:00:00,9946189825
2021-06-10 00:00:00,9916881194
2021-06-11 00:00:00,9872716317
2021-06-12 00:00:00,9968637548
2021-06-13 00:00:00,10280523423
2021-06-14 00:00:00,10644481937
2021-06-15 00:00:00,10645549708
2021-06-16 00:00:00,10477371822
2021-06-17 00:00:00,10461165651
2021-06-18 00:00:00,10149404590
2021-06-19 00:00:00,10066823987
2021-06-20 00:00:00,10205015810
2021-06-21 00:00:00,9287431240
2021-06-22 00:00:00,8569582874
2021-06-23 00:00:00,8908549898
2021-06-24 00:00:00,9072815093
2021-06-25 00:00:00,8784910186
2021-06-26 00:00:00,8794382352
2021-06-27 00:00:00,8956342413
2021-06-28 00:00:00,9141876653
2021-06-29 00:00:00,9204659612
2021-06-30 00:00:00,9349440988
2021-07-01 00:00:00,9383580034
2021-07-02 00:00:00,9565235631
2021-07-03 00:00:00,9787656014
2021-07-04 00:00:00,10023803509
2021-07-05 00:00:00,9912948672
2021-07-06 00:00:00,10046790456
2021-07-07 00:00:00,9974369702
2021-07-08 00:00:00,9711746299
2021-07-09 00:00:00,9803658792
2021-07-10 00:00:00,9697285570
2021-07-11 00:00:00,9762357851
2021-07-12 00:00:00,9370796959
2021-07-13 00:00:00,9122608656
2021-07-14 00:00:00,9110155191
2021-07-15 00:00:00,8794048832
2021-07-16 00:00:00,8716785201
2021-07-17 00:00:00,8620425310
2021-07-18 00:00:00,8617252466
2021-07-19 00:00:00,8447880170
2021-07-20 00:00:00,8328344589
2021-07-21 00:00:00,8673846898
2021-07-22 00:00:00,8753967330
2021-07-23 00:00:00,8858501273
2021-07-24 00:00:00,9101867024
2021-07-25 00:00:00,9150164935
2021-07-26 00:00:00,9442785894
2021-07-27 00:00:00,9507415322
2021-07-28 00:00:00,9504131362
2021-07-29 00:00:00,9628963657
2021-07-30 00:00:00,9733721624
2021-07-31 00:00:00,9801794171
2021-08-01 00:00:00,9749446609
2021-08-02 00:00:00,9949110040
2021-08-03 00:00:00,9723553901
2021-08-04 00:00:00,9998075536
2021-08-05 00:00:00,9964679268
2021-08-06 00:00:00,10150507013
2021-08-07 00:00:00,10683084351
2021-08-08 00:00:00,10525133196
2021-08-09 00:00:00,10860926140
2021-08-10 00:00:00,10951051085
2021-08-11 00:00:00,10911917632
2021-08-12 00:00:00,10892902668
2021-08-13 00:00:00,11530336104
2021-08-14 00:00:00,11460263617
2021-08-15 00:00:00,11543259032
2021-08-16 00:00:00,11325656717
2021-08-17 00:00:00,11020600095
2021-08-18 00:00:00,11565602390
2021-08-19 00:00:00,11819101066
2021-08-20 00:00:00,12112810627
2021-08-21 00:00:00,12155794167
2021-08-22 00:00:00,12124200439
2021-08-23 00:00:00,12400070090
2021-08-24 00:00:00,12158650474
2021-08-25 00:00:00,12254264037
2021-08-26 00:00:00,12064373005
2021-08-27 00:00:00,12395750259
2021-08-28 00:00:00,12564770942
2021-08-29 00:00:00,12522901751
2021-08-30 00:00:00,12405019691
2021-08-31 00:00:00,12750026521
2021-09-01 00:00:00,13489322937
2021-09-02 00:00:00,13647966148
2021-09-03 00:00:00,13801844967
2021-09-04 00:00:00,13833761759
2021-09-05 00:00:00,14054273965
2021-09-06 00:00:00,14086439562
2021-09-07 00:00:00,13031828099
2021-09-08 00:00:00,13234753345
2021-09-09 00:00:00,12716527540
2021-09-10 00:00:00,12464497874
2021-09-11 00:00:00,12725614333
2021-09-12 00:00:00,13077147453
2021-09-13 00:00:00,12900114533
2021-09-14 00:00:00,13294592152
2021-09-15 00:00:00,14027446017
2021-09-16 00:00:00,14236557608
2021-09-17 00:00:00,14213015723
2021-09-18 00:00:00,14179680975
2021-09-19 00:00:00,14077797370
2021-09-20 00:00:00,13258192064
2021-09-21 00:00:00,12678622749
2021-09-22 00:00:00,13388346271
2021-09-23 00:00:00,13823503815
2021-09-24 00:00:00,13352967202
2021-09-25 00:00:00,13456846817
2021-09-26 00:00:00,13761983402
2021-09-27 00:00:00,13579430779
2021-09-28 00:00:00,13366448150
2021-09-29 00:00:00,13446319093
2021-09-30 00:00:00,13680499254
2021-10-01 00:00:00,14346088122
2021-10-02 00:00:00,14489019639
2021-10-03 00:00:00,14657832062
2021-10-04 00:00:00,14797090146
2021-10-05 00:00:00,15409551026
2021-10-06 00:00:00,15449160412
2021-10-07 00:00:00,15654371585
2021-10-08 00:00:00,15770564279
2021-10-09 00:00:00,15909366272
2021-10-10 00:00:00,15971548164
2021-10-11 00:00:00,15763588195
2021-10-12 00:00:00,15921362174
2021-10-13 00:00:00,16047284494
2021-10-14 00:00:00,16375543078
2021-10-15 00:00:00,16895087543
2021-10-16 00:00:00,17291199026
2021-10-17 00:00:00,17135237705
2021-10-18 00:00:00,17354611083
2021-10-19 00:00:00,17100679406
2021-10-20 00:00:00,17414558946
2021-10-21 00:00:00,18098786649
2021-10-22 00:00:00,17768956238
2021-10-23 00:00:00,17562949065
2021-10-24 00:00:00,17926354261
2021-10-25 00:00:00,17830053509
2021-10-26 00:00:00,18186385212
2021-10-27 00:00:00,18539644260
2021-10-28 00:00:00,18264143173
2021-10-29 00:00:00,18920652591
2021-10-30 00:00:00,18981669015
2021-10-31 00:00:00,19283974827
2021-11-01 00:00:00,19275353528
2021-11-02 00:00:00,19515849127
2021-11-03 00:00:00,20042083749
2021-11-04 00:00:00,20127849711
2021-11-05 00:00:00,19796997827
2021-11-06 00:00:00,19811418159
2021-11-07 00:00:00,20064776748
2021-11-08 00:00:00,20781037490
2021-11-09 00:00:00,21022188317
2021-11-10 00:00:00,20915492059
2021-11-11 00:00:00,20528661949
2021-11-12 00:00:00,20865082142
2021-11-13 00:00:00,20842743096
2021-11-14 00:00:00,21122222630
2021-11-15 00:00:00,21292507560
2021-11-16 00:00:00,20905443933
2021-11-17 00:00:00,20353466166
2021-11-18 00:00:00,20652471921
2021-11-19 00:00:00,20263226942
2021-11-20 00:00:00,20726721224
2021-11-21 00:00:00,21024594033
2021-11-22 00:00:00,20627678305
2021-11-23 00:00:00,20229370480
2021-11-24 00:00:00,20710630214
2021-11-25 00:00:00,20673837026
2021-11-26 00:00:00,21131470755
2021-11-27 00:00:00,20248566680
2021-11-28 00:00:00,20169854795
2021-11-29 00:00:00,20529840898
2021-11-30 00:00:00,21071065035
2021-12-01 00:00:00,21512403820
2021-12-02 00:00:00,21479096121
2021-12-03 00:00:00,21475675815
2021-12-04 00:00:00,20879271204
2021-12-05 00:00:00,20071785860
2021-12-06 00:00:00,20179596873
2021-12-07 00:00:00,20806093724
2021-12-08 00:00:00,20896648940
2021-12-09 00:00:00,21257617442
2021-12-10 00:00:00,20847635356
2021-12-11 00:00:00,20860338916
2021-12-12 00:00:00,21386648825
2021-12-13 00:00:00,21622747965
2021-12-14 00:00:00,20984550142
2021-12-15 00:00:00,21063817967
2021-12-16 00:00:00,21531785885
2021-12-17 00:00:00,21468133023
2021-12-18 00:00:00,21351351010
2021-12-19 00:00:00,21838388406
2021-12-20 00:00:00,21774352205
2021-12-21 00:00:00,21786445859
2021-12-22 00:00:00,22108987194
2021-12-23 00:00:00,22114844059
2021-12-24 00:00:00,22720530115
2021-12-25 00:00:00,22667722502
2021-12-26 00:00:00,23212298594
2021-12-27 00:00:00,23320065319
2021-12-28 00:00:00,23295430273
2021-12-29 00:00:00,22968484731
2021-12-30 00:00:00,23037219668
2021-12-31 00:00:00,23073479403
2022-01-01 00:00:00,23247198884
2022-01-02 00:00:00,23814974559
2022-01-03 00:00:00,23999100642
2022-01-04 00:00:00,24149202343
2022-01-05 00:00:00,24297993413
2022-01-06 00:00:00,23845224982
2022-01-07 00:00:00,23505016463
2022-01-08 00:00:00,23038591881
2022-01-09 00:00:00,22703349789
2022-01-10 00:00:00,22815463092
2022-01-11 00:00:00,22968394479
2022-01-12 00:00:00,23261546601
2022-01-13 00:00:00,23454373458
2022-01-14 00:00:00,23436781725
2022-01-15 00:00:00,23382965166
2022-01-16 00:00:00,23419705152
2022-01-17 00:00:00,23355529546
2022-01-18 00:00:00,23179400536
2022-01-19 00:00:00,23063785655
2022-01-20 00:00:00,22832696493
2022-01-21 00:00:00,22362572590
2022-01-22 00:00:00,20747769363
2022-01-23 00:00:00,19520067932
2022-01-24 00:00:00,19462954457
2022-01-25 00:00:00,18943837427
2022-01-26 00:00:00,19379065443
2022-01-27 00:00:00,19452807168
2022-01-28 00:00:00,17302133239
2022-01-29 00:00:00,16825457344
2022-01-30 00:00:00,17121127106
2022-01-31 00:00:00,17197457677
2022-02-01 00:00:00,17569797132
2022-02-02 00:00:00,18050126915
2022-02-03 00:00:00,17859736673
2022-02-04 00:00:00,18140571842
2022-02-05 00:00:00,18965338164
2022-02-06 00:00:00,19156898528
2022-02-07 00:00:00,19329333498
2022-02-08 00:00:00,19436904677
2022-02-09 00:00:00,19587762903
2022-02-10 00:00:00,19937965979
2022-02-11 00:00:00,19835171947
2022-02-12 00:00:00,19673822645
2022-02-13 00:00:00,19624390597
2022-02-14 00:00:00,19548314292
2022-02-15 00:00:00,19433599424
2022-02-16 00:00:00,19876632310
2022-02-17 00:00:00,19863330901
2022-02-18 00:00:00,19487744399
2022-02-19 00:00:00,19276369090
2022-02-20 00:00:00,19244545329
2022-02-21 00:00:00,18904302438
2022-02-22 00:00:00,18693641019
2022-02-23 00:00:00,18761543652
2022-02-24 00:00:00,18430521631
2022-02-25 00:00:00,17872220666
2022-02-26 00:00:00,17875208355
2022-02-27 00:00:00,17890599853
2022-02-28 00:00:00,17548896388
2022-03-01 00:00:00,18235461953
2022-03-02 00:00:00,18345328554
2022-03-03 00:00:00,18670926538
2022-03-04 00:00:00,18072166989
2022-03-05 00:00:00,17805997717
2022-03-06 00:00:00,17949425018
2022-03-07 00:00:00,17739216686
2022-03-08 00:00:00,17630804050
2022-03-09 00:00:00,17706443087
2022-03-10 00:00:00,18032110942
2022-03-11 00:00:00,17798597843
2022-03-12 00:00:00,17735761450
2022-03-13 00:00:00,17728674008
2022-03-14 00:00:00,17566857851
2022-03-15 00:00:00,17783150975
2022-03-16 00:00:00,17785458448
2022-03-17 00:00:00,18089597632
2022-03-18 00:00:00,18378914383
2022-03-19 00:00:00,18561934919
2022-03-20 00:00:00,18488480981
2022-03-21 00:00:00,18297300903
2022-03-22 00:00:00,19971794578
2022-03-23 00:00:00,20369705065
2022-03-24 00:00:00,20451454427
2022-03-25 00:00:00,20200372402
2022-03-26 00:00:00,19932947733
2022-03-27 00:00:00,20097872052
2022-03-28 00:00:00,20401155982
2022-03-29 00:00:00,20408734591
2022-03-30 00:00:00,20750536564
2022-03-31 00:00:00,21009165365
2022-04-01 00:00:00,20763107934
2022-04-02 00:00:00,21338121163
2022-04-03 00:00:00,21172116486
2022-04-04 00:00:00,21268264149
2022-04-05 00:00:00,21181660676
2022-04-06 00:00:00,20715596044
2022-04-07 00:00:00,20394349973
2022-04-08 00:00:00,20459049249
2022-04-09 00:00:00,20463597597
2022-04-10 00:00:00,20614268662
2022-04-11 00:00:00,20642334679
2022-04-12 00:00:00,20077853999
2022-04-13 00:00:00,20233373391
2022-04-14 00:00:00,20490956251
2022-04-15 00:00:00,20196397148
2022-04-16 00:00:00,20269606180
2022-04-17 00:00:00,20468692640
2022-04-18 00:00:00,20365759184
2022-04-19 00:00:00,20729997900
2022-04-20 00:00:00,20816392339
2022-04-21 00:00:00,20660999495
2022-04-22 00:00:00,20242197450
2022-04-23 00:00:00,19908741241
2022-04-24 00:00:00,19823065505
2022-04-25 00:00:00,19791261327
2022-04-26 00:00:00,20101023410
2022-04-27 00:00:00,19424160616
2022-04-28 00:00:00,19732119267
2022-04-29 00:00:00,19806453620
2022-04-30 00:00:00,19528676972
2022-05-01 00:00:00,18986757979
2022-05-02 00:00:00,18922741569
2022-05-03 00:00:00,18841347470
2022-05-04 00:00:00,18824652795
2022-05-05 00:00:00,19319723125
2022-05-06 00:00:00,18643957792
2022-05-07 00:00:00,18509515624
2022-05-08 00:00:00,17489898651
2022-05-09 00:00:00,17169439652
2022-05-10 00:00:00,15754691831
2022-05-11 00:00:00,15452905855
2022-05-12 00:00:00,12286840809
2022-05-13 00:00:00,9066744284
2022-05-14 00:00:00,8774338485
2022-05-15 00:00:00,8586518887
2022-05-16 00:00:00,8928101310
2022-05-17 00:00:00,8729057795
2022-05-18 00:00:00,8866190047
2022-05-19 00:00:00,8405638430
2022-05-20 00:00:00,8821019209
2022-05-21 00:00:00,8920369686
2022-05-22 00:00:00,8934157094
2022-05-23 00:00:00,9066636149
2022-05-24 00:00:00,9006129986
2022-05-25 00:00:00,9121630548
2022-05-26 00:00:00,9121429316
2022-05-27 00:00:00,8760694193
2022-05-28 00:00:00,8385722160
2022-05-29 00:00:00,8489291041
2022-05-30 00:00:00,8467276436
2022-05-31 00:00:00,8926109100
2022-06-01 00:00:00,8906974574
2022-06-02 00:00:00,8820742827
2022-06-03 00:00:00,8894354545
2022-06-04 00:00:00,8688514377
2022-06-05 00:00:00,8695125167
2022-06-06 00:00:00,8766294750
2022-06-07 00:00:00,8601093684
2022-06-08 00:00:00,8552204165
2022-06-09 00:00:00,8652391145
2022-06-10 00:00:00,8586590994
2022-06-11 00:00:00,7821806626
2022-06-12 00:00:00,7487979850
2022-06-13 00:00:00,7216537299
2022-06-14 00:00:00,6324716699
2022-06-15 00:00:00,5816273861
2022-06-16 00:00:00,5637047376
2022-06-17 00:00:00,5355537406
2022-06-18 00:00:00,5312926324
2022-06-19 00:00:00,4936096984
2022-06-20 00:00:00,5041250909
2022-06-21 00:00:00,5089718843
2022-06-22 00:00:00,5066874778
2022-06-23 00:00:00,5037288953
2022-06-24 00:00:00,5103974070
2022-06-25 00:00:00,5189701760
2022-06-26 00:00:00,5157188680
2022-06-27 00:00:00,5135375107
2022-06-28 00:00:00,5091267357
2022-06-29 00:00:00,5047294676
2022-06-30 00:00:00,4969954889
2022-07-01 00:00:00,4949546115
2022-07-02 00:00:00,4975301415
2022-07-03 00:00:00,4961054779
2022-07-04 00:00:00,4994744068
2022-07-05 00:00:00,5087606931
2022-07-06 00:00:00,5114177877
2022-07-07 00:00:00,5217525716
2022-07-08 00:00:00,5252937892
2022-07-09 00:00:00,5254535808
2022-07-10 00:00:00,5297948079
2022-07-11 00:00:00,5226289663
2022-07-12 00:00:00,5077248300
2022-07-13 00:00:00,5020182537
2022-07-14 00:00:00,5112191464
2022-07-15 00:00:00,5252916006
2022-07-16 00:00:00,5319860006
2022-07-17 00:00:00,4929348412
2022-07-18 00:00:00,4954731880
2022-07-19 00:00:00,5287261363
2022-07-20 00:00:00,5345116856
2022-07-21 00:00:00,5370441780
2022-07-22 00:00:00,5464700154
2022-07-23 00:00:00,5541386837
2022-07-24 00:00:00,5649116848
2022-07-25 00:00:00,5717290409
2022-07-26 00:00:00,5558768364
2022-07-27 00:00:00,5580738847
2022-07-28 00:00:00,5805105413
2022-07-29 00:00:00,5982082259
2022-07-30 00:00:00,6066446710
2022-07-31 00:00:00,6031359734
2022-08-01 00:00:00,6032011050
2022-08-02 00:00:00,5986786041
2022-08-03 00:00:00,5959905480
2022-08-04 00:00:00,6014335296
2022-08-05 00:00:00,5947173565
2022-08-06 00:00:00,6127837390
2022-08-07 00:00:00,6079420649
2022-08-08 00:00:00,6075356908
2022-08-09 00:00:00,6170017659
2022-08-10 00:00:00,5985269214
2022-08-11 00:00:00,6245782424
2022-08-12 00:00:00,6269829961
2022-08-13 00:00:00,6206052451
2022-08-14 00:00:00,6276741311
2022-08-15 00:00:00,6196496556
2022-08-16 00:00:00,6151527791
2022-08-17 00:00:00,6169929018
2022-08-18 00:00:00,6110643565
2022-08-19 00:00:00,6078704770
2022-08-20 00:00:00,5859594517
2022-08-21 00:00:00,5783652198
2022-08-22 00:00:00,5812640076
2022-08-23 00:00:00,5853119892
2022-08-24 00:00:00,5859617241
2022-08-25 00:00:00,5893030751
2022-08-26 00:00:00,5914593207
2022-08-27 00:00:00,5730334816
2022-08-28 00:00:00,5684052517
2022-08-29 00:00:00,5596731726
2022-08-30 00:00:00,5796025360
2022-08-31 00:00:00,5795410736
2022-09-01 00:00:00,5802536307
2022-09-02 00:00:00,5812198043
2022-09-03 00:00:00,5759088482
2022-09-04 00:00:00,5753400437
2022-09-05 00:00:00,5769220618
2022-09-06 00:00:00,5826353248
2022-09-07 00:00:00,5514254204
2022-09-08 00:00:00,5581711682
2022-09-09 00:00:00,5577390517
2022-09-10 00:00:00,5634160008
2022-09-11 00:00:00,5700926442
2022-09-12 00:00:00,5638157054
2022-09-13 00:00:00,5539752365
2022-09-14 00:00:00,5235511020
2022-09-15 00:00:00,5018303142
2022-09-16 00:00:00,5037081819
2022-09-17 00:00:00,5156693795
2022-09-18 00:00:00,5252310723
2022-09-19 00:00:00,5222407257
2022-09-20 00:00:00,5283022460
2022-09-21 00:00:00,5661008882
2022-09-22 00:00:00,5483361416
2022-09-23 00:00:00,5613991062
2022-09-24 00:00:00,5668885977
2022-09-25 00:00:00,5690100714
2022-09-26 00:00:00,5705781997
2022-09-27 00:00:00,5971842400
2022-09-28 00:00:00,6013725276
2022-09-29 00:00:00,6054840494
2022-09-30 00:00:00,6070207990
2022-10-01 00:00:00,6045354389
2022-10-02 00:00:00,6058572970
2022-10-03 00:00:00,5991878465
2022-10-04 00:00:00,6079377057
2022-10-05 00:00:00,6104210351
2022-10-06 00:00:00,6042068902
2022-10-07 00:00:00,6051482368
2022-10-08 00:00:00,6022685631
2022-10-09 00:00:00,6012602789
2022-10-10 00:00:00,5995442046
2022-10-11 00:00:00,5928657050
2022-10-12 00:00:00,5931042250
2022-10-13 00:00:00,5833896537
2022-10-14 00:00:00,5867327283
2022-10-15 00:00:00,5835363635
2022-10-16 00:00:00,5818537124
2022-10-17 00:00:00,5852090807
2022-10-18 00:00:00,5910444405
2022-10-19 00:00:00,5852298485
2022-10-20 00:00:00,5764386660
2022-10-21 00:00:00,5712440739
2022-10-22 00:00:00,5680861629
2022-10-23 00:00:00,5718348428
2022-10-24 00:00:00,5787361599
2022-10-25 00:00:00,5611140099
2022-10-26 00:00:00,5784371009
2022-10-27 00:00:00,5877111682
2022-10-28 00:00:00,5814183176
2022-10-29 00:00:00,5861430314
2022-10-30 00:00:00,6009149484
2022-10-31 00:00:00,5949137470
2022-11-01 00:00:00,5923563649
2022-11-02 00:00:00,5952143429
2022-11-03 00:00:00,5864915747
2022-11-04 00:00:00,5888904327
2022-11-05 00:00:00,6049685454
2022-11-06 00:00:00,5982754845
2022-11-07 00:00:00,5910123239
2022-11-08 00:00:00,5320015002
2022-11-09 00:00:00,4829132979
2022-11-10 00:00:00,4204429643
2022-11-11 00:00:00,3934193497
2022-11-12 00:00:00,3900633122
2022-11-13 00:00:00,3800905440
2022-11-14 00:00:00,3703834139
2022-11-15 00:00:00,3723808310
2022-11-16 00:00:00,3782175973
2022-11-17 00:00:00,3769684683
2022-11-18 00:00:00,3744984592
2022-11-19 00:00:00,3781586272
2022-11-20 00:00:00,3806033195
2022-11-21 00:00:00,3705128380
2022-11-22 00:00:00,3709476041
2022-11-23 00:00:00,3689948271
2022-11-24 00:00:00,3702042073
2022-11-25 00:00:00,3594585683
2022-11-26 00:00:00,3599938785
2022-11-27 00:00:00,3614778783
2022-11-28 00:00:00,3606266514
2022-11-29 00:00:00,3602131369
2022-11-30 00:00:00,3657622721
2022-12-01 00:00:00,3731775126
2022-12-02 00:00:00,3694066083
2022-12-03 00:00:00,3725171833
2022-12-04 00:00:00,3681750604
2022-12-05 00:00:00,3717574468
2022-12-06 00:00:00,3708622453
2022-12-07 00:00:00,3716370326
2022-12-08 00:00:00,3704004209
2022-12-09 00:00:00,3732742649
2022-12-10 00:00:00,3776430645
2022-12-11 00:00:00,3777686689
2022-12-12 00:00:00,3773731263
2022-12-13 00:00:00,3772187633
2022-12-14 00:00:00,3804907194
2022-12-15 00:00:00,3814033872
2022-12-16 00:00:00,3787164733
2022-12-17 00:00:00,3673578925
2022-12-18 00:00:00,3689853859
2022-12-19 00:00:00,3694928612
2022-12-22 00:00:00,3631860379
2022-12-23 00:00:00,3638634297
2022-12-24 00:00:00,3702821494
2022-12-25 00:00:00,3694096967
2022-12-26 00:00:00,3636781242
2022-12-27 00:00:00,3634212106
2022-12-28 00:00:00,3638730582
2022-12-29 00:00:00,3614321105
2022-12-30 00:00:00,3621648248
2022-12-31 00:00:00,3611001670
2023-01-01 00:00:00,3600588199
2023-01-02 00:00:00,3605494597
2023-01-03 00:00:00,3632736501
2023-01-04 00:00:00,3640002729
2023-01-05 00:00:00,3663339389
2023-01-06 00:00:00,3657613686
2023-01-07 00:00:00,3687572070
2023-01-08 00:00:00,3688933335
2023-01-09 00:00:00,3732591435
2023-01-10 00:00:00,3861649129
2023-01-11 00:00:00,3874072093
2023-01-12 00:00:00,3943612849
2023-01-13 00:00:00,3968446037
2023-01-14 00:00:00,4221097306
2023-01-15 00:00:00,4200330811
2023-01-16 00:00:00,4258849737
2023-01-17 00:00:00,4302892242
2023-01-18 00:00:00,4375081669
2023-01-19 00:00:00,4301668803
2023-01-20 00:00:00,4366863691
2023-01-21 00:00:00,4565164012
2023-01-22 00:00:00,4545089031
2023-01-23 00:00:00,4558401433
2023-01-24 00:00:00,4570506534
2023-01-25 00:00:00,4684086791
2023-01-26 00:00:00,4766773245
2023-01-27 00:00:00,4736960462
2023-01-28 00:00:00,4785270904
2023-01-29 00:00:00,4765380062
2023-01-30 00:00:00,4855000033
2023-01-31 00:00:00,4739574205
2023-02-01 00:00:00,4743953648
2023-02-02 00:00:00,4942208396
2023-02-03 00:00:00,4904593978
2023-02-04 00:00:00,4957230584
2023-02-05 00:00:00,4939570396
2023-02-06 00:00:00,4891052230
2023-02-07 00:00:00,4901808022
2023-02-08 00:00:00,4989272444
2023-02-09 00:00:00,4949881459
2023-02-10 00:00:00,4776595476
2023-02-11 00:00:00,4733454673
2023-02-12 00:00:00,4763996844
2023-02-13 00:00:00,4780683170
2023-02-14 00:00:00,4764524468
2023-02-15 00:00:00,4824012764
2023-02-16 00:00:00,5047492984
2023-02-17 00:00:00,4973394389
2023-02-18 00:00:00,5048517875
2023-02-19 00:00:00,5055671877
2023-02-20 00:00:00,5015029022
2023-02-21 00:00:00,5068047782
2023-02-22 00:00:00,4978669037
2023-02-23 00:00:00,4950181021
2023-02-24 00:00:00,4965920261
2023-02-25 00:00:00,4889496683
2023-02-26 00:00:00,4867642410
2023-02-27 00:00:00,4940641239
2023-02-28 00:00:00,4930628785
2023-03-01 00:00:00,5010323821
2023-03-02 00:00:00,5131540550
2023-03-03 00:00:00,5128780534
2023-03-04 00:00:00,4993450113
2023-03-05 00:00:00,4986670743
2023-03-06 00:00:00,4964653622
2023-03-07 00:00:00,4958400440
2023-03-08 00:00:00,4934194451
2023-03-09 00:00:00,4854372985
2023-03-10 00:00:00,4633725772
2023-03-11 00:00:00,4530688970
2023-03-12 00:00:00,3875405468
2023-03-13 00:00:00,4024964222
2023-03-14 00:00:00,4155009592
2023-03-15 00:00:00,4224531379
2023-03-16 00:00:00,4147584652
2023-03-17 00:00:00,4267781954
2023-03-18 00:00:00,4474330985
2023-03-19 00:00:00,4460485996
2023-03-20 00:00:00,4493107437
2023-03-21 00:00:00,4638972439
2023-03-22 00:00:00,4731848994
2023-03-23 00:00:00,4618759222
2023-03-24 00:00:00,4728886279
2023-03-25 00:00:00,4639953734
2023-03-26 00:00:00,4643622237
2023-03-27 00:00:00,4647217403
2023-03-28 00:00:00,4571638267
2023-03-29 00:00:00,4625326718
2023-03-30 00:00:00,4656828267
2023-03-31 00:00:00,4673833628
2023-04-01 00:00:00,4673929857
2023-04-02 00:00:00,4655209308
2023-04-03 00:00:00,4609758671
2023-04-04 00:00:00,4623961040
2023-04-05 00:00:00,4765872875
2023-04-06 00:00:00,4760855748
2023-04-07 00:00:00,4734598991
2023-04-08 00:00:00,4695123221
2023-04-09 00:00:00,4676582714
2023-04-10 00:00:00,4657435912
2023-04-11 00:00:00,4743273330
2023-04-12 00:00:00,4724555648
2023-04-13 00:00:00,4736830796
2023-04-14 00:00:00,4912710221
2023-04-15 00:00:00,4893428967
2023-04-16 00:00:00,4892784221
2023-04-17 00:00:00,4789632587
2023-04-18 00:00:00,4507657981
2023-04-19 00:00:00,4590280627
2023-04-20 00:00:00,4564247167
2023-04-21 00:00:00,4570804085
2023-04-22 00:00:00,4430895399
2023-04-23 00:00:00,4434884319
2023-04-24 00:00:00,4417469185
2023-04-25 00:00:00,4410321950
2023-04-26 00:00:00,4387817280
2023-04-27 00:00:00,4442961354
2023-04-28 00:00:00,4442408771
2023-04-29 00:00:00,4341808136
2023-04-30 00:00:00,4359299673
2023-05-01 00:00:00,4304127792
2023-05-02 00:00:00,4249815678
2023-05-03 00:00:00,4329897648
2023-05-04 00:00:00,4401587889
2023-05-05 00:00:00,4364561336
2023-05-06 00:00:00,4469313059
2023-05-07 00:00:00,4377325767
2023-05-08 00:00:00,4337081277
2023-05-09 00:00:00,4278857007
2023-05-10 00:00:00,4283948742
2023-05-11 00:00:00,4290114135
2023-05-12 00:00:00,4206804080
2023-05-13 00:00:00,4216545596
2023-05-14 00:00:00,4188725111
2023-05-15 00:00:00,4180254092
2023-05-16 00:00:00,4224895707
2023-05-17 00:00:00,4227714882
2023-05-18 00:00:00,4226677336
2023-05-19 00:00:00,4199846145
2023-05-20 00:00:00,4193999133
2023-05-21 00:00:00,4235954186
2023-05-22 00:00:00,4187271152
2023-05-23 00:00:00,4217760064
2023-05-24 00:00:00,4250827477
2023-05-25 00:00:00,4184340906
2023-05-26 00:00:00,4199507669
2023-05-27 00:00:00,4239721717
2023-05-28 00:00:00,4261486614
2023-05-29 00:00:00,4341281531
2023-05-30 00:00:00,4301526988
2023-05-31 00:00:00,4234285720
2023-06-01 00:00:00,4190057863
2023-06-02 00:00:00,4180065014
2023-06-03 00:00:00,4230462921
2023-06-04 00:00:00,4221878471
2023-06-05 00:00:00,4213806357
2023-06-06 00:00:00,4103919366
2023-06-07 00:00:00,4167414695
2023-06-08 00:00:00,4071720017
2023-06-09 00:00:00,4076461359
2023-06-10 00:00:00,3993186429
2023-06-12 00:00:00,3870626090
2023-06-13 00:00:00,3843900703
2023-06-14 00:00:00,3839703732
2023-06-15 00:00:00,3742912367
2023-06-16 00:00:00,3655864239
2023-06-17 00:00:00,3715408596
2023-06-18 00:00:00,3728672956
2023-06-19 00:00:00,3725993995
2023-06-20 00:00:00,3656850605
2023-06-21 00:00:00,3720050171
2023-06-22 00:00:00,3830854469
2023-06-23 00:00:00,3793933908
2023-06-24 00:00:00,3795138607
2023-06-25 00:00:00,3800667860
2023-06-26 00:00:00,3812144296
2023-06-27 00:00:00,3775575047
2023-06-28 00:00:00,3765406293
2023-06-29 00:00:00,3711130930
2023-06-30 00:00:00,3739669812
2023-07-01 00:00:00,3812586119
2023-07-02 00:00:00,3791597075
2023-07-03 00:00:00,3800100330
2023-07-04 00:00:00,3745159854
2023-07-05 00:00:00,3724062508
2023-07-06 00:00:00,3666689633
2023-07-07 00:00:00,3625011514
2023-07-08 00:00:00,3641215046
2023-07-09 00:00:00,3629446451
2023-07-10 00:00:00,3625849774
2023-07-11 00:00:00,3640597049
2023-07-12 00:00:00,3648407597
2023-07-13 00:00:00,3626521449
2023-07-14 00:00:00,3592208027
2023-07-15 00:00:00,3509890222
2023-07-16 00:00:00,3508746308
2023-07-17 00:00:00,3489498975
2023-07-18 00:00:00,3463852913
2023-07-19 00:00:00,3405602187
2023-07-20 00:00:00,3370845329
2023-07-21 00:00:00,3343527603
2023-07-22 00:00:00,3300563123
2023-07-23 00:00:00,3149325065
2023-07-24 00:00:00,3161432261
2023-07-25 00:00:00,3119965921
2023-07-26 00:00:00,3113129773
2023-07-27 00:00:00,3119501807
2023-07-28 00:00:00,3117489850
2023-07-29 00:00:00,3127360057
2023-07-30 00:00:00,3133650761
2023-07-31 00:00:00,1730096270
2023-08-01 00:00:00,1578413160
2023-08-02 00:00:00,1594120925
2023-08-03 00:00:00,1700613396
2023-08-04 00:00:00,2238604907
2023-08-05 00:00:00,2261463062
2023-08-06 00:00:00,2264178719
2023-08-07 00:00:00,2295201524
2023-08-08 00:00:00,2299971215
2023-08-09 00:00:00,2306859289
2023-08-10 00:00:00,2327400333
2023-08-11 00:00:00,2319387697
2023-08-12 00:00:00,2311559278
2023-08-13 00:00:00,2291946730
2023-08-14 00:00:00,2286851260
2023-08-15 00:00:00,2293197852
2023-08-16 00:00:00,2277018693
2023-08-17 00:00:00,2243148172
2023-08-18 00:00:00,2176221395
2023-08-19 00:00:00,2167216801
2023-08-20 00:00:00,2171847048
2023-08-21 00:00:00,2179126311
2023-08-22 00:00:00,2256379585
2023-08-23 00:00:00,2232515508
2023-08-24 00:00:00,2256784209
2023-08-25 00:00:00,2242797930
2023-08-26 00:00:00,2250661055
2023-08-27 00:00:00,2241823682
2023-08-28 00:00:00,2246882252
2023-08-29 00:00:00,2243973749
2023-08-30 00:00:00,2249765738
2023-08-31 00:00:00,2234570975
2023-09-01 00:00:00,2183541112
2023-09-02 00:00:00,2180884356
2023-09-03 00:00:00,2180983739
2023-09-04 00:00:00,2199980801
2023-09-05 00:00:00,2148695642
2023-09-06 00:00:00,2163147146
2023-09-07 00:00:00,2066300994
2023-09-08 00:00:00,2072419294
2023-09-09 00:00:00,2074492592
2023-09-10 00:00:00,2063475726
2023-09-11 00:00:00,2047748776
2023-09-12 00:00:00,2006694845
2023-09-13 00:00:00,2011456460
2023-09-14 00:00:00,1997087807
2023-09-15 00:00:00,2000325616
2023-09-16 00:00:00,2001404136
2023-09-17 00:00:00,2001122476
2023-09-18 00:00:00,2003644686
2023-09-19 00:00:00,2008142841
2023-09-20 00:00:00,1999648159
2023-09-21 00:00:00,1975648364
2023-09-22 00:00:00,1956733053
2023-09-23 00:00:00,1966069344
2023-09-24 00:00:00,1959423676
2023-09-25 00:00:00,1961101502
2023-09-26 00:00:00,1958471465
2023-09-27 00:00:00,1976164820
2023-09-28 00:00:00,1949512136
2023-09-29 00:00:00,1928051596
2023-09-30 00:00:00,1926421693
2023-10-01 00:00:00,1925647926
2023-10-02 00:00:00,1951122953
2023-10-03 00:00:00,1924795855
2023-10-04 00:00:00,1903668965
2023-10-05 00:00:00,1912767215
2023-10-06 00:00:00,1896651202
2023-10-07 00:00:00,1887123812
2023-10-08 00:00:00,1888828503
2023-10-09 00:00:00,1889679816
2023-10-10 00:00:00,1834983919
2023-10-11 00:00:00,1567471867
2023-10-12 00:00:00,1539810820
2023-10-13 00:00:00,1540077840
2023-10-14 00:00:00,1567868801
2023-10-15 00:00:00,1571691946
2023-10-16 00:00:00,1574902500
2023-10-17 00:00:00,1594110565
2023-10-18 00:00:00,1568946216
2023-10-19 00:00:00,1524203331
2023-10-20 00:00:00,1535928243
2023-10-21 00:00:00,1530438496
2023-10-22 00:00:00,1538153482
2023-10-23 00:00:00,1553923475
2023-10-24 00:00:00,1598048182
2023-10-25 00:00:00,1594119178
2023-10-26 00:00:00,1604103547
2023-10-27 00:00:00,1611904841
2023-10-28 00:00:00,1604863473
2023-10-29 00:00:00,1602788872
2023-10-30 00:00:00,1615596512
2023-10-31 00:00:00,1628731263
2023-11-01 00:00:00,1621362997
2023-11-02 00:00:00,1661342334
2023-11-03 00:00:00,1645745194
2023-11-04 00:00:00,1684342307
2023-11-05 00:00:00,1688813145
2023-11-06 00:00:00,1684969187
2023-11-07 00:00:00,1697845616
2023-11-08 00:00:00,1680636214
2023-11-09 00:00:00,1675687710
2023-11-10 00:00:00,1732143706
2023-11-11 00:00:00,1726495662
2023-11-12 00:00:00,1711202536
2023-11-13 00:00:00,1719783048
2023-11-14 00:00:00,1691974045
2023-11-15 00:00:00,1675841032
2023-11-16 00:00:00,1751228283
2023-11-17 00:00:00,1701440503
2023-11-18 00:00:00,1704214488
2023-11-19 00:00:00,1699709442
2023-11-20 00:00:00,1717313542
2023-11-21 00:00:00,1712987868
2023-11-22 00:00:00,1674342859
2023-11-23 00:00:00,1748620447
2023-11-24 00:00:00,1744243179
2023-11-25 00:00:00,1761925968
2023-11-26 00:00:00,1740277675
2023-11-27 00:00:00,1749960328
2023-11-28 00:00:00,1729907873
2023-11-29 00:00:00,1734909704
2023-11-30 00:00:00,1725894547
2023-12-01 00:00:00,1729731633
2023-12-02 00:00:00,1747476234
2023-12-03 00:00:00,1784835510
2023-12-04 00:00:00,1800275239
2023-12-05 00:00:00,1810931033
2023-12-06 00:00:00,1831881798
2023-12-07 00:00:00,1802916159
2023-12-08 00:00:00,1826944450
2023-12-09 00:00:00,1835263206
2023-12-10 00:00:00,1834532105
2023-12-11 00:00:00,1835217246
2023-12-12 00:00:00,1758446393
2023-12-13 00:00:00,1750942870
2023-12-14 00:00:00,1751446328
2023-12-15 00:00:00,1766501363
2023-12-16 00:00:00,1686629654
2023-12-17 00:00:00,1694410286
2023-12-18 00:00:00,1679193030
2023-12-19 00:00:00,1653416884
2023-12-20 00:00:00,1625373230
2023-12-21 00:00:00,1650032675
2023-12-22 00:00:00,1678460866
2023-12-23 00:00:00,1709574193
2023-12-24 00:00:00,1681898292
2023-12-25 00:00:00,1653269118
2023-12-26 00:00:00,1657547332
2023-12-27 00:00:00,1625115124
2023-12-28 00:00:00,1685327206
2023-12-29 00:00:00,1689226032
2023-12-30 00:00:00,1661883668
2023-12-31 00:00:00,1675783793
2024-01-01 00:00:00,1645267978
2024-01-02 00:00:00,1671964869
2024-01-03 00:00:00,1674095506
2024-01-04 00:00:00,1597646555
2024-01-05 00:00:00,1628339767
2024-01-06 00:00:00,1616426604
2024-01-07 00:00:00,1597927490
2024-01-08 00:00:00,1583549797
2024-01-09 00:00:00,1611119751
2024-01-10 00:00:00,1641454802
2024-01-11 00:00:00,1686113653
2024-01-12 00:00:00,1699798774
2024-01-13 00:00:00,1655904846
2024-01-14 00:00:00,1660724336
2024-01-15 00:00:00,1635861168
2024-01-19 00:00:00,1589860845
2024-01-20 00:00:00,1598498469
2024-01-21 00:00:00,1587007513
2024-01-22 00:00:00,1604069439
2024-01-23 00:00:00,2014616348
2024-01-24 00:00:00,1976033437
2024-01-25 00:00:00,1971417992
2024-01-26 00:00:00,1935820944
2024-01-27 00:00:00,1965096961
2024-01-28 00:00:00,1964157732
2024-01-29 00:00:00,1960495853
2024-01-30 00:00:00,1986442530
2024-01-31 00:00:00,1835364157
2024-02-01 00:00:00,1810809683
2024-02-02 00:00:00,1832851624
2024-02-03 00:00:00,1847265603
2024-02-04 00:00:00,1840479436
2024-02-05 00:00:00,1838459457
2024-02-06 00:00:00,1842349467
2024-02-07 00:00:00,1871726561
2024-02-08 00:00:00,1903401991
2024-02-09 00:00:00,1889184130
2024-02-10 00:00:00,1929968576
2024-02-11 00:00:00,1925269756
2024-02-12 00:00:00,1927722141
2024-02-13 00:00:00,1979073314
2024-02-14 00:00:00,1962632154
2024-02-15 00:00:00,2026113944
2024-02-16 00:00:00,2023910187
2024-02-17 00:00:00,2021998025
2024-02-18 00:00:00,2032033420
2024-02-19 00:00:00,2076580075
2024-02-20 00:00:00,2119918439
2024-02-21 00:00:00,2127537682
2024-02-22 00:00:00,2289612173
2024-02-23 00:00:00,2285495296
2024-02-24 00:00:00,2260701603
2024-02-25 00:00:00,2264169464
2024-02-26 00:00:00,2298884397
2024-02-27 00:00:00,2382734614
2024-02-28 00:00:00,2424490078
2024-02-29 00:00:00,2472220146
2024-03-01 00:00:00,2451297340
2024-03-02 00:00:00,2485937811
2024-03-03 00:00:00,2477625015
2024-03-04 00:00:00,2486338186
2024-03-05 00:00:00,2521927557
2024-03-06 00:00:00,2480392601
2024-03-07 00:00:00,2597927770
2024-03-08 00:00:00,2578509769
2024-03-09 00:00:00,2595360510
2024-03-10 00:00:00,2587686978
2024-03-11 00:00:00,2561907398
2024-03-12 00:00:00,2629170468
2024-03-13 00:00:00,2591667361
2024-03-14 00:00:00,2606467083
2024-03-15 00:00:00,2553814674
2024-03-16 00:00:00,2487352920
2024-03-17 00:00:00,2399460430
2024-03-18 00:00:00,2424346273
2024-03-19 00:00:00,2243101253
2024-03-20 00:00:00,2324478506
2024-03-21 00:00:00,2454478330
2024-03-22 00:00:00,2207581172
2024-03-23 00:00:00,2094066398
2024-03-24 00:00:00,2358889167
2024-03-25 00:00:00,2394078593
2024-03-26 00:00:00,2477711510
2024-03-27 00:00:00,2471136726
2024-03-28 00:00:00,2436019867
2024-03-29 00:00:00,2427082039
2024-03-30 00:00:00,2422084485
2024-03-31 00:00:00,2416549772
2024-04-01 00:00:00,2469346225
2024-04-02 00:00:00,2424084897
2024-04-03 00:00:00,2377159856
2024-04-04 00:00:00,2365894387
2024-04-05 00:00:00,2368910870
2024-04-06 00:00:00,2367913652
2024-04-07 00:00:00,2130536400
2024-04-08 00:00:00,2105480124
2024-04-09 00:00:00,2215104225
2024-04-10 00:00:00,2156327791
2024-04-11 00:00:00,2122695283
2024-04-12 00:00:00,2120921379
2024-04-13 00:00:00,2009551145
2024-04-14 00:00:00,1921782605
2024-04-15 00:00:00,1968650842
2024-04-16 00:00:00,1950549238
2024-04-17 00:00:00,1970336514
2024-04-18 00:00:00,1918715039
2024-04-19 00:00:00,1941671004
2024-04-20 00:00:00,1949937607
2024-04-21 00:00:00,1968932838
2024-04-22 00:00:00,1979922378
2024-04-23 00:00:00,1995349144
2024-04-24 00:00:00,1982608337
2024-04-25 00:00:00,1953286801
2024-04-26 00:00:00,1970875992
2024-04-27 00:00:00,1977844986
2024-04-28 00:00:00,2004103959
2024-04-29 00:00:00,2016307202
2024-04-30 00:00:00,1989031268
2024-05-01 00:00:00,1920247369
2024-05-02 00:00:00,1901826247
2024-05-03 00:00:00,1925190047
2024-05-04 00:00:00,1958295582
2024-05-05 00:00:00,1952262064
2024-05-06 00:00:00,1964614997
2024-05-07 00:00:00,1917793498
2024-05-08 00:00:00,1900034896
2024-05-09 00:00:00,1879851640
2024-05-10 00:00:00,1902076955
2024-05-11 00:00:00,1849640802
2024-05-12 00:00:00,1864374867
2024-05-13 00:00:00,1870010941
2024-05-14 00:00:00,1879643331
2024-05-15 00:00:00,1863769283
2024-05-16 00:00:00,1892119444
2024-05-17 00:00:00,1895478804
2024-05-18 00:00:00,1929519698
2024-05-19 00:00:00,1934606016
2024-05-20 00:00:00,1915748434
2024-05-21 00:00:00,2032834445
2024-05-22 00:00:00,2071565713
2024-05-23 00:00:00,2068209751
2024-05-24 00:00:00,2085521711
2024-05-25 00:00:00,2071468923
2024-05-26 00:00:00,2072161816
2024-05-27 00:00:00,2096435493
2024-05-28 00:00:00,2115485987
2024-05-29 00:00:00,2114941536
2024-05-30 00:00:00,2067220463
2024-05-31 00:00:00,2062327535
2024-06-01 00:00:00,2069769404
2024-06-02 00:00:00,2092017096
2024-06-03 00:00:00,2078647632
2024-06-04 00:00:00,2081780179
2024-06-05 00:00:00,2099809646
2024-06-06 00:00:00,2115003280
2024-06-07 00:00:00,2088798878
2024-06-08 00:00:00,2058998667
2024-06-09 00:00:00,2055002209
2024-06-10 00:00:00,2062014166
2024-06-11 00:00:00,2048125761
2024-06-12 00:00:00,2003440056
2024-06-13 00:00:00,2016706796
2024-06-14 00:00:00,2000185837
2024-06-15 00:00:00,1988447050
2024-06-16 00:00:00,2013902430
2024-06-17 00:00:00,2027817130
2024-06-18 00:00:00,1997065482
2024-06-19 00:00:00,1979026656
2024-06-20 00:00:00,2001368985
2024-06-21 00:00:00,1991935238
2024-06-22 00:00:00,1983623561
2024-06-23 00:00:00,1961030226
2024-06-24 00:00:00,1942126918
2024-06-25 00:00:00,1900368726
2024-06-26 00:00:00,1941056874
2024-06-27 00:00:00,1941065380
2024-06-28 00:00:00,1953547251
2024-06-29 00:00:00,1929513377
2024-06-30 00:00:00,1936372483
2024-07-01 00:00:00,1965569626
2024-07-02 00:00:00,1954946412
2024-07-03 00:00:00,1944675093
2024-07-04 00:00:00,1924392253
2024-07-05 00:00:00,1869986047
2024-07-06 00:00:00,1797646544
2024-07-07 00:00:00,1825117753
2024-07-08 00:00:00,1817171014
2024-07-09 00:00:00,1844070740
2024-07-10 00:00:00,1844629204
2024-07-11 00:00:00,1849185438
2024-07-12 00:00:00,1864450709
2024-07-13 00:00:00,1876417956
2024-07-14 00:00:00,1886106053
2024-07-15 00:00:00,1913674806
2024-07-16 00:00:00,1957618584
2024-07-17 00:00:00,1966412781
2024-07-18 00:00:00,1958347759
2024-07-19 00:00:00,1958491167
2024-07-20 00:00:00,1971777097
2024-07-21 00:00:00,1974288638
2024-07-22 00:00:00,1980760171
2024-07-23 00:00:00,1970865112
2024-07-24 00:00:00,1969176257
2024-07-25 00:00:00,1930785031
2024-07-26 00:00:00,1889271435
2024-07-27 00:00:00,1924736320
2024-07-28 00:00:00,1993376450
2024-07-29 00:00:00,2009707445
2024-07-30 00:00:00,2038264109
2024-07-31 00:00:00,2024514570
2024-08-01 00:00:00,2022318066
2024-08-02 00:00:00,2022261937
2024-08-03 00:00:00,1976482492
2024-08-04 00:00:00,1945546499
2024-08-05 00:00:00,1896305344
2024-08-06 00:00:00,1794938582
2024-08-07 00:00:00,1809131117
2024-08-08 00:00:00,1774544754
2024-08-09 00:00:00,1850606564
2024-08-10 00:00:00,1845875663
2024-08-11 00:00:00,1842778271
2024-08-12 00:00:00,1825838490
2024-08-13 00:00:00,1854672718
2024-08-14 00:00:00,1872955205
2024-08-15 00:00:00,1856533628
2024-08-16 00:00:00,1832388953
2024-08-17 00:00:00,1848287311
2024-08-18 00:00:00,1847646404
2024-08-19 00:00:00,1850459517
2024-08-20 00:00:00,1855066381
2024-08-21 00:00:00,1855589685
2024-08-22 00:00:00,1861554484
2024-08-23 00:00:00,1858888886
2024-08-24 00:00:00,1887698414
2024-08-25 00:00:00,1886576904
2024-08-26 00:00:00,1893336855
2024-08-27 00:00:00,1865061633
2024-08-28 00:00:00,1799236011
2024-08-29 00:00:00,1812386185
2024-08-30 00:00:00,1806143214
2024-08-31 00:00:00,1808911071
2024-09-01 00:00:00,1808851939
2024-09-02 00:00:00,1777039253
2024-09-03 00:00:00,1804428872
2024-09-04 00:00:00,1775980579
2024-09-05 00:00:00,1781789382
2024-09-06 00:00:00,1756583554
2024-09-07 00:00:00,1691499525
2024-09-08 00:00:00,1709456356
2024-09-09 00:00:00,1714719653
2024-09-10 00:00:00,1736795542
2024-09-11 00:00:00,1728145825
2024-09-12 00:00:00,1718352113
2024-09-13 00:00:00,1723331939
2024-09-14 00:00:00,1750149079
2024-09-15 00:00:00,1741013420
2024-09-16 00:00:00,1724312658
2024-09-17 00:00:00,1699974139
2024-09-18 00:00:00,1716825757
2024-09-19 00:00:00,1712372291
2024-09-20 00:00:00,1744533695
2024-09-21 00:00:00,1769636519
2024-09-22 00:00:00,1772201438
2024-09-23 00:00:00,1761993911
2024-09-24 00:00:00,1785378289
2024-09-25 00:00:00,1796835832
2024-09-26 00:00:00,1783965886
2024-09-27 00:00:00,1799496064
2024-09-28 00:00:00,1815688603
2024-09-29 00:00:00,1808917305
2024-09-30 00:00:00,1805755242
2024-10-01 00:00:00,1786394953
2024-10-02 00:00:00,1747019941
2024-10-03 00:00:00,1726830745
2024-10-04 00:00:00,1716281894
2024-10-05 00:00:00,1732101606
2024-10-06 00:00:00,1727607784
2024-10-07 00:00:00,1737401266
2024-10-08 00:00:00,1744356483
2024-10-09 00:00:00,1719505596
2024-10-10 00:00:00,1704570868
2024-10-11 00:00:00,1700414823
2024-10-12 00:00:00,1720288529
2024-10-13 00:00:00,1726653827
2024-10-14 00:00:00,1715044740
2024-10-15 00:00:00,1723439242
2024-10-16 00:00:00,1686578841
2024-10-17 00:00:00,1680175804
2024-10-18 00:00:00,1666293932
2024-10-19 00:00:00,1675222987
2024-10-20 00:00:00,1679657049
2024-10-21 00:00:00,1696093437
2024-10-22 00:00:00,1682131371
2024-10-23 00:00:00,1679053430
2024-10-24 00:00:00,1652260018
2024-10-25 00:00:00,1652344652
2024-10-26 00:00:00,1635058693
2024-10-27 00:00:00,1596726847
2024-10-28 00:00:00,1596330490
2024-10-29 00:00:00,1619983505
2024-10-30 00:00:00,1640100961
2024-10-31 00:00:00,1643947918
2024-11-01 00:00:00,1617004003
2024-11-02 00:00:00,1606056590
2024-11-03 00:00:00,1597935157
2024-11-04 00:00:00,1589345848
2024-11-05 00:00:00,1574624021
2024-11-06 00:00:00,1573261973
2024-11-07 00:00:00,1614770634
2024-11-08 00:00:00,1640825507
2024-11-09 00:00:00,1650645581
2024-11-10 00:00:00,1679974341
2024-11-11 00:00:00,1700234829
2024-11-12 00:00:00,1718279345
2024-11-13 00:00:00,1707841144
2024-11-14 00:00:00,1681833550
2024-11-15 00:00:00,1651432942
2024-11-16 00:00:00,1655924007
2024-11-17 00:00:00,1653203505
2024-11-18 00:00:00,1663443318
2024-11-19 00:00:00,1680339823
2024-11-20 00:00:00,1658828598
2024-11-21 00:00:00,1660794408
2024-11-22 00:00:00,1716560779
2024-11-23 00:00:00,1748848890
2024-11-24 00:00:00,1745775572
2024-11-25 00:00:00,1750211542
2024-11-26 00:00:00,1723835879
2024-11-27 00:00:00,1693886731
2024-11-28 00:00:00,1767463986
2024-11-29 00:00:00,1776144284
2024-11-30 00:00:00,1799301406
2024-12-01 00:00:00,1825276440
2024-12-02 00:00:00,1834312275
2024-12-03 00:00:00,1827213525
2024-12-04 00:00:00,1834652387
2024-12-05 00:00:00,2008876724
2024-12-06 00:00:00,2004506397
2024-12-07 00:00:00,2069239256
2024-12-08 00:00:00,2102977216
2024-12-09 00:00:00,2115102962
2024-12-10 00:00:00,2063319694
2024-12-11 00:00:00,2070434191
2024-12-12 00:00:00,2148071002
2024-12-13 00:00:00,2177664234
2024-12-14 00:00:00,2191804120
2024-12-15 00:00:00,2188044483
2024-12-16 00:00:00,2229094702
2024-12-17 00:00:00,2224525179
2024-12-18 00:00:00,2222811201
2024-12-19 00:00:00,2205711932
2024-12-20 00:00:00,2152728352
2024-12-21 00:00:00,2194388406
2024-12-22 00:00:00,2169792172
2024-12-23 00:00:00,2162431953
2024-12-24 00:00:00,2246346590
2024-12-25 00:00:00,2291326807
2024-12-26 00:00:00,2311750936
2024-12-27 00:00:00,2293979012
2024-12-28 00:00:00,2341944531
2024-12-29 00:00:00,2371789288
2024-12-30 00:00:00,2343687144
2024-12-31 00:00:00,2282878222
2025-01-01 00:00:00,2234125384
2025-01-02 00:00:00,2276942436
2025-01-03 00:00:00,2241781118
2025-01-04 00:00:00,2373914824
2025-01-05 00:00:00,2407024706
2025-01-06 00:00:00,2397355248
2025-01-07 00:00:00,2438544089
2025-01-08 00:00:00,2349701918
2025-01-09 00:00:00,2313849012
2025-01-10 00:00:00,2254550750
2025-01-11 00:00:00,2186535609
2025-01-12 00:00:00,2188689703
2025-01-13 00:00:00,2216623976
2025-01-14 00:00:00,2177328847
2025-01-15 00:00:00,2207819064
2025-01-16 00:00:00,2263358816
2025-01-17 00:00:00,2237190854
2025-01-18 00:00:00,2228369316
2025-01-19 00:00:00,2218247695
2025-01-20 00:00:00,2168558759
2025-01-21 00:00:00,2134209068
2025-01-22 00:00:00,2152410694
2025-01-23 00:00:00,2116923138
2025-01-24 00:00:00,2140684425
2025-01-25 00:00:00,2137395886
2025-01-26 00:00:00,2140665365
2025-01-27 00:00:00,2122309936
2025-01-28 00:00:00,2100371478
2025-01-29 00:00:00,2079427417
2025-01-30 00:00:00,2108475732
2025-01-31 00:00:00,2136695954
2025-02-01 00:00:00,2135429907
2025-02-02 00:00:00,2091954748
2025-02-03 00:00:00,2015015854
2025-02-04 00:00:00,2004373534
2025-02-05 00:00:00,1967186386
2025-02-06 00:00:00,1968586056
2025-02-07 00:00:00,1935419553
2025-02-08 00:00:00,1912619695
2025-02-09 00:00:00,1905681608
2025-02-10 00:00:00,1905052602
2025-02-11 00:00:00,1912209789
2025-02-12 00:00:00,1899798976
2025-02-13 00:00:00,1919544588
2025-02-14 00:00:00,1882654466
2025-02-15 00:00:00,1919726102
2025-02-16 00:00:00,1911611160
2025-02-17 00:00:00,1900134008
2025-02-18 00:00:00,1908819340
2025-02-19 00:00:00,1886847859
2025-02-20 00:00:00,1874236581
2025-02-21 00:00:00,1888310483
2025-02-22 00:00:00,1864783369
2025-02-23 00:00:00,1886305931
2025-02-24 00:00:00,1895384213
2025-02-25 00:00:00,1771601989
2025-02-26 00:00:00,1760563252
2025-02-27 00:00:00,1740105025
2025-02-28 00:00:00,1727604615
2025-03-01 00:00:00,1711326985
2025-03-02 00:00:00,1702101415
2025-03-03 00:00:00,1762375932
2025-03-04 00:00:00,1659993859
2025-03-05 00:00:00,1673018129
2025-03-06 00:00:00,1677837942
2025-03-07 00:00:00,1662476889
2025-03-08 00:00:00,1667785054
2025-03-09 00:00:00,1686669218
2025-03-10 00:00:00,1647292176
2025-03-11 00:00:00,1577743332
2025-03-12 00:00:00,1598740423
2025-03-13 00:00:00,1602677313
2025-03-14 00:00:00,1595022573
2025-03-15 00:00:00,1607503123
2025-03-16 00:00:00,1611559704
2025-03-17 00:00:00,1607389548
2025-03-18 00:00:00,1626180019
2025-03-19 00:00:00,1630543958
2025-03-20 00:00:00,1671965949
2025-03-21 00:00:00,1670743784
2025-03-22 00:00:00,1666333008
2025-03-23 00:00:00,1677185260
2025-03-24 00:00:00,1684763291
2025-03-25 00:00:00,1701156827
2025-03-26 00:00:00,1679463697
2025-03-27 00:00:00,1672258115
2025-03-28 00:00:00,1634607291
2025-03-29 00:00:00,1606509296
2025-03-30 00:00:00,1605601075
2025-03-31 00:00:00,1596072955
2025-04-01 00:00:00,1608782419
2025-04-02 00:00:00,1637552050
2025-04-03 00:00:00,1607977403
2025-04-04 00:00:00,1610471721
2025-04-05 00:00:00,1641509969
2025-04-06 00:00:00,1643769036
2025-04-07 00:00:00,1563157142
2025-04-08 00:00:00,1545538257
2025-04-09 00:00:00,1531087328
2025-04-10 00:00:00,1568351555
2025-04-11 00:00:00,1539991438
2025-04-12 00:00:00,1546602949
2025-04-13 00:00:00,1574078317
2025-04-14 00:00:00,1563409980
2025-04-15 00:00:00,1564845528
2025-04-16 00:00:00,1563242799
2025-04-17 00:00:00,1566164060
2025-04-18 00:00:00,1559984672
2025-04-19 00:00:00,1573375618
2025-04-20 00:00:00,1582541870
2025-04-21 00:00:00,1580096211
2025-04-22 00:00:00,1582999687
2025-04-23 00:00:00,1627787556
2025-04-24 00:00:00,1647768432
2025-04-25 00:00:00,1665213380
2025-04-26 00:00:00,1676670680
2025-04-27 00:00:00,1692181841
2025-04-28 00:00:00,1685763758
2025-04-29 00:00:00,1690689312
2025-04-30 00:00:00,1693322315
2025-05-01 00:00:00,1698673445
2025-05-02 00:00:00,1708749140
2025-05-03 00:00:00,1716012510
2025-05-04 00:00:00,1715546982
2025-05-05 00:00:00,1713714903
2025-05-06 00:00:00,1736609949
2025-05-07 00:00:00,1752458962
2025-05-08 00:00:00,1768537665
2025-05-09 00:00:00,1854341993
2025-05-10 00:00:00,1885435609
2025-05-11 00:00:00,1957208185
2025-05-12 00:00:00,1948434987
2025-05-13 00:00:00,1949505503
2025-05-14 00:00:00,1989520162
2025-05-15 00:00:00,1953512983
2025-05-16 00:00:00,1949078797
2025-05-17 00:00:00,1952365077
2025-05-18 00:00:00,1942960105
2025-05-19 00:00:00,1937648291
2025-05-20 00:00:00,1958534601
2025-05-21 00:00:00,1972789580
2025-05-22 00:00:00,1973358916
2025-05-23 00:00:00,1966236630
2025-05-24 00:00:00,1922290183
2025-05-25 00:00:00,1916882460
2025-05-26 00:00:00,1917086728
2025-05-27 00:00:00,1912612175
2025-05-28 00:00:00,1951966875
2025-05-29 00:00:00,1960603682
2025-05-30 00:00:00,1958094075
2025-05-31 00:00:00,1926466366
2025-06-01 00:00:00,1925032174
2025-06-02 00:00:00,1932805229
2025-06-03 00:00:00,1944475870
2025-06-04 00:00:00,1942537548
2025-06-05 00:00:00,1942811352
2025-06-06 00:00:00,1895919288
2025-06-08 00:00:00,1915669452
2025-06-09 00:00:00,1914820992
2025-06-10 00:00:00,1945934387
2025-06-11 00:00:00,1982751297
2025-06-12 00:00:00,1966126977
2025-06-13 00:00:00,1946194694
2025-06-14 00:00:00,1930989588
2025-06-15 00:00:00,1915889281
2025-06-16 00:00:00,1917646723
2025-06-17 00:00:00,1905210465
2025-06-18 00:00:00,1893190836
2025-06-19 00:00:00,1908955801
2025-06-20 00:00:00,1910060387
2025-06-21 00:00:00,1882229180
2025-06-22 00:00:00,1844117080
2025-06-23 00:00:00,1831940567
2025-06-24 00:00:00,1878136402
2025-06-25 00:00:00,1880343120
2025-06-26 00:00:00,1877905872
2025-06-27 00:00:00,1829935420
2025-06-28 00:00:00,1826246687
2025-06-29 00:00:00,1828125012
2025-06-30 00:00:00,1848084120
2025-07-01 00:00:00,1833570069
2025-07-02 00:00:00,1800544517
2025-07-03 00:00:00,1845114679
2025-07-04 00:00:00,1857753289
2025-07-05 00:00:00,1840280115
2025-07-06 00:00:00,1843395141
2025-07-07 00:00:00,1858524319
2025-07-08 00:00:00,1841804311
2025-07-09 00:00:00,1857847867
2025-07-10 00:00:00,1912487045
2025-07-11 00:00:00,1970822252
2025-07-12 00:00:00,1993422139
2025-07-13 00:00:00,1993890341
2025-07-14 00:00:00,2006658613
2025-07-15 00:00:00,2022202222
2025-07-16 00:00:00,2053546152
2025-07-17 00:00:00,2113752683
2025-07-18 00:00:00,2166990947
2025-07-19 00:00:00,2178605771
2025-07-20 00:00:00,2192552824
2025-07-21 00:00:00,2234173642
2025-07-22 00:00:00,2233508142
2025-07-23 00:00:00,2221455826
2025-07-24 00:00:00,2178421296
2025-07-25 00:00:00,2161290685
2025-07-26 00:00:00,2187402998
2025-07-27 00:00:00,2211615767
2025-07-28 00:00:00,2240478221
2025-07-29 00:00:00,2184157605
2025-07-30 00:00:00,2170713554
2025-07-31 00:00:00,2177219226
2025-08-01 00:00:00,2153317247
2025-08-02 00:00:00,2120181455
2025-08-03 00:00:00,2096510598
2025-08-04 00:00:00,2136192133
2025-08-05 00:00:00,2172775704
2025-08-06 00:00:00,2163707876
2025-08-07 00:00:00,2164774626
2025-08-08 00:00:00,2259407594
2025-08-09 00:00:00,2294346282
2025-08-10 00:00:00,2352802271
2025-08-11 00:00:00,2352386803
2025-08-12 00:00:00,2344633137
2025-08-13 00:00:00,2422088956
2025-08-14 00:00:00,2455146409
2025-08-15 00:00:00,2414481664
2025-08-16 00:00:00,2376783993
2025-08-17 00:00:00,2376468020
2025-08-18 00:00:00,2371597907
2025-08-19 00:00:00,2321994324
2025-08-20 00:00:00,2270937995
2025-08-21 00:00:00,2098868848
2025-08-22 00:00:00,2072327039
2025-08-23 00:00:00,2156909696
2025-08-24 00:00:00,2163184579
2025-08-25 00:00:00,2154315852
2025-08-26 00:00:00,2075306168
2025-08-27 00:00:00,2095867718
2025-08-28 00:00:00,2081793418
2025-08-29 00:00:00,2072775833
2025-08-30 00:00:00,2038912026
2025-08-31 00:00:00,2038713247
2025-09-01 00:00:00,2037075054
2025-09-02 00:00:00,2023148448
2025-09-03 00:00:00,2035390437
2025-09-04 00:00:00,2047092958
2025-09-05 00:00:00,2016194333
2025-09-06 00:00:00,2020265194
2025-09-07 00:00:00,1996168809
2025-09-08 00:00:00,1998804819
2025-09-09 00:00:00,1999512724
2025-09-10 00:00:00,1985920719
2025-09-11 00:00:00,2008873203
2025-09-12 00:00:00,2031994560
2025-09-13 00:00:00,2072499515
2025-09-14 00:00:00,2075986090
2025-09-15 00:00:00,2053561884
2025-09-16 00:00:00,2031988368
2025-09-17 00:00:00,2035261840
2025-09-18 00:00:00,2044087878
2025-09-19 00:00:00,2051748625
2025-09-20 00:00:00,2028872806
2025-09-21 00:00:00,2024960131
2025-09-22 00:00:00,1999781265
2025-09-23 00:00:00,1965946648
2025-09-24 00:00:00,1964628664
2025-09-25 00:00:00,1961026462
2025-09-26 00:00:00,1913479782
2025-09-27 00:00:00,1930411908
2025-09-28 00:00:00,1928866810
2025-09-29 00:00:00,1961942104
2025-09-30 00:00:00,2021318936
2025-10-01 00:00:00,2032472733
2025-10-02 00:00:00,2094596383
2025-10-03 00:00:00,2190573771
2025-10-04 00:00:00,2230371612
2025-10-05 00:00:00,2214581519
2025-10-06 00:00:00,2221852669
2025-10-07 00:00:00,2266385566
2025-10-08 00:00:00,2237779650
2025-10-09 00:00:00,2243940310
2025-10-10 00:00:00,2230903403
2025-10-11 00:00:00,2072894853
2025-10-12 00:00:00,2027566902
2025-10-13 00:00:00,2107699550
2025-10-14 00:00:00,2124052963
2025-10-15 00:00:00,2321222403
2025-10-16 00:00:00,2300547830
2025-10-17 00:00:00,2266812437
2025-10-18 00:00:00,2292741026
2025-10-19 00:00:00,2307537737
2025-10-20 00:00:00,2329116263
2025-10-21 00:00:00,2336162920
2025-10-22 00:00:00,2304815237
2025-10-23 00:00:00,2284570852
2025-10-24 00:00:00,2288632976
2025-10-25 00:00:00,2293232354
2025-10-26 00:00:00,2288867525
2025-10-27 00:00:00,2327661358
2025-10-28 00:00:00,2313196550
2025-10-29 00:00:00,2279585310
2025-10-30 00:00:00,2279980093
2025-10-31 00:00:00,2256482156
2025-11-01 00:00:00,2266036685
2025-11-02 00:00:00,2299228041
2025-11-03 00:00:00,2296926578
2025-11-04 00:00:00,2208125412
2025-11-05 00:00:00,2117851262
2025-11-06 00:00:00,2118855119
2025-11-07 00:00:00,2075631972
2025-11-08 00:00:00,2093691322
2025-11-09 00:00:00,2087914447
2025-11-10 00:00:00,2141776042
2025-11-11 00:00:00,2138621081
2025-11-12 00:00:00,2097486758
2025-11-13 00:00:00,2081999119
2025-11-14 00:00:00,2058517625
2025-11-15 00:00:00,2029369677
2025-11-16 00:00:00,2028344202
2025-11-17 00:00:00,2010972056
2025-11-18 00:00:00,1989478819
2025-11-19 00:00:00,2002324942
2025-11-20 00:00:00,1978142792
2025-11-21 00:00:00,1945641324
2025-11-22 00:00:00,1913960564
2025-11-23 00:00:00,1918008217
2025-11-24 00:00:00,1926503069
2025-11-25 00:00:00,1956513229
2025-11-26 00:00:00,1965803315
2025-11-27 00:00:00,1986146802
2025-11-28 00:00:00,1992523670
2025-11-29 00:00:00,1993344689
2025-11-30 00:00:00,2011288362
2025-12-01 00:00:00,2014793294
2025-12-02 00:00:00,2008929871
2025-12-03 00:00:00,2070025002
2025-12-04 00:00:00,2139036340
2025-12-05 00:00:00,2124435303
2025-12-06 00:00:00,2105507871
2025-12-07 00:00:00,2109894277
2025-12-08 00:00:00,2114734086
2025-12-09 00:00:00,2125441194
2025-12-10 00:00:00,2146802337
2025-12-11 00:00:00,2138065433
2025-12-12 00:00:00,2138588517
2025-12-13 00:00:00,2227401027
2025-12-14 00:00:00,2230812902
2025-12-15 00:00:00,2215151009
2025-12-16 00:00:00,2191991739
2025-12-17 00:00:00,2193277033
2025-12-18 00:00:00,2170915030
2025-12-19 00:00:00,2153640793
2025-12-20 00:00:00,2181372627
2025-12-21 00:00:00,2177157568
2025-12-22 00:00:00,2179221887
2025-12-23 00:00:00,2173859575
2025-12-24 00:00:00,2145234668
2025-12-25 00:00:00,2138769171
2025-12-26 00:00:00,2130808528
2025-12-27 00:00:00,2134810432
2025-12-28 00:00:00,2137756437
2025-12-29 00:00:00,2140329300
2025-12-30 00:00:00,2102588644
2025-12-31 00:00:00,2107699355
2026-01-01 00:00:00,2057642588
2026-01-02 00:00:00,2061894652
2026-01-03 00:00:00,2094769051
2026-01-04 00:00:00,2106681946
2026-01-05 00:00:00,2113603972
2026-01-06 00:00:00,2145583791
2026-01-07 00:00:00,2147482075
2026-01-08 00:00:00,2162038050
2026-01-09 00:00:00,2167953217
2026-01-10 00:00:00,2152660796
2026-01-11 00:00:00,2147253473
2026-01-12 00:00:00,2153284349
2026-01-13 00:00:00,2160591535
2026-01-14 00:00:00,2205737646
2026-01-15 00:00:00,2207050079
2026-01-16 00:00:00,2212824094
2026-01-17 00:00:00,2199842984
2026-01-18 00:00:00,2194733923
2026-01-19 00:00:00,2177220024
2026-01-20 00:00:00,2158145966
2026-01-21 00:00:00,2060010455
2026-01-22 00:00:00,2066481283
2026-01-23 00:00:00,2061657688
2026-01-24 00:00:00,2067578545
2026-01-25 00:00:00,2054912474
2026-01-26 00:00:00,2026451753
2026-01-27 00:00:00,2047935827
2026-01-28 00:00:00,2071719824
2026-01-29 00:00:00,2070609227
2026-01-30 00:00:00,2004824636
2026-01-31 00:00:00,1990454918
2026-02-01 00:00:00,1939783257
2026-02-02 00:00:00,1891663518
2026-02-03 00:00:00,1904471278
2026-02-04 00:00:00,1878132066
2026-02-05 00:00:00,1881561246
2026-02-06 00:00:00,1747559138
2026-02-07 00:00:00,1838195095
2026-02-08 00:00:00,1843568231
2026-02-09 00:00:00,1853449090
2026-02-10 00:00:00,1856432577
2026-02-11 00:00:00,1852855978
2026-02-12 00:00:00,1852384051
2026-02-13 00:00:00,1851648437
2026-02-14 00:00:00,1901132662
2026-02-15 00:00:00,1917326173
2026-02-16 00:00:00,1894059596
2026-02-17 00:00:00,1897553469
2026-02-18 00:00:00,1887991736
2026-02-19 00:00:00,1878695056
2026-02-20 00:00:00,1887624870
2026-02-21 00:00:00,1901818508
2026-02-22 00:00:00,1904086066
2026-02-23 00:00:00,1899896916
2026-02-24 00:00:00,1873618797
2026-02-25 00:00:00,1855859564
2026-02-26 00:00:00,1926236507
2026-02-26 08:05:11,1912383894
